location,latitude,longitude,zone,property_type,bhk,total_sqft,price_per_sqft,price_2021,price_2022,price_2023,price_2024,price_2025,annual_growth_rate_pct,metro_access,distance_to_it_hub_km,kiii,distance_to_airport_km
Koramangala,12.9351,77.6206,South,Apartment,3,1920,21300,13334,14589,16551,18776,21300,13.84,No,4.9,4.8,41.1
HSR Layout,12.9129,77.6409,South,Apartment,3,2060,14450,8398,9323,10789,12486,14450,17.48,No,6.2,7.7,39.7
JP Nagar,12.904,77.5884,South,Apartment,3,2100,8800,6362,6769,7388,8063,8800,9.84,Yes,8.4,7.1,38.4
Nagarbhavi,12.9649,77.5057,West,Apartment,1,460,6250,5095,5297,5597,5915,6250,4.84,No,19.1,7.5,40.9
JP Nagar,12.9079,77.5888,South,Apartment,1,610,10250,7411,7885,8606,9392,10250,10.5,Yes,9.5,6.1,39.5
KR Puram,13.0096,77.6962,East,Apartment,2,1160,9000,4733,5358,6369,7571,9000,20.96,Yes,6,7.3,33.5
Marathahalli,12.9577,77.6992,East,Apartment,3,1860,9750,6156,6724,7611,8614,9750,14.13,No,2.9,9.3,42.5
Kanakapura Road,12.8649,77.5841,South,Apartment,1,670,7950,5484,5888,6508,7193,7950,9.83,Yes,8.8,8.5,46.4
Anjanapura,12.8538,77.5731,South,Apartment,1,470,6150,4714,4959,5328,5724,6150,6.33,No,11.8,9.6,45.5
Anjanapura,12.8525,77.5705,South,Apartment,3,1490,5850,4484,4717,5068,5445,5850,8.17,No,12.7,9.4,47.3
Manyata Tech Park,13.0486,77.6189,North,Apartment,2,1200,12750,8408,9107,10188,11397,12750,10.4,No,0.5,7.3,17.8
Anjanapura,12.8514,77.5653,South,Villa,2,880,6050,4637,4878,5241,5631,6050,7.27,No,13.1,9.3,46.7
MG Road,12.9757,77.6039,Central,Apartment,2,1230,15750,12838,13348,14105,14905,15750,5.68,Yes,11.6,2.9,36.3
ITPL,12.9841,77.7257,East,Apartment,2,1160,10700,6814,7431,8391,9475,10700,14.71,No,1.5,13.4,42.2
Hulimavu,12.8944,77.6122,South,Villa,1,540,7750,5603,5961,6506,7101,7750,8.22,No,7.6,7.3,46.1
Bannerghatta Road,12.8752,77.6012,South,Builder Floor,3,1480,9900,6198,6781,7693,8727,9900,11.77,No,8,6,43.8
Indiranagar,12.9805,77.6435,East,Apartment,4,2030,20900,14032,15145,16861,18772,20900,10.61,Yes,6.3,4,39
Electronic City,12.8495,77.6561,South,Apartment,2,1140,7400,4593,5034,5724,6508,7400,12.67,No,0.8,16.9,56.1
Rajarajeshwari Nagar,12.9256,77.5054,West,Apartment,2,1260,6900,5237,5520,5946,6405,6900,7.24,Yes,14.7,8.9,40.8
Manyata Tech Park,13.0499,77.622,North,Apartment,3,1630,12350,8145,8822,9869,11040,12350,13.32,No,0.5,7,20.9
Malleshwaram,13.0044,77.5664,North,Builder Floor,2,1030,14000,12730,12962,13299,13645,14000,2.36,Yes,13.9,3.5,29.5
Indiranagar,12.9821,77.6443,East,Apartment,4,2190,19900,13360,14420,16054,17874,19900,11.61,Yes,7.3,4.4,38.7
Whitefield,12.9717,77.7494,East,Villa,1,660,15150,6572,7729,9673,12106,15150,21.52,Yes,2.2,15.8,42.7
MG Road,12.9768,77.5998,Central,Villa,2,1300,15450,12593,13093,13836,14621,15450,5.41,Yes,12.2,2.9,37.4
Koramangala,12.9353,77.6206,South,Apartment,3,1920,21950,13742,15035,17056,19349,21950,14.5,No,5.4,4.9,41.4
Yelahanka,13.1015,77.5971,North,Apartment,4,2560,11250,6434,7165,8328,9679,11250,16.33,No,23.5,5,13.3
Rajarajeshwari Nagar,12.9199,77.5024,West,Apartment,2,1290,7000,5313,5600,6032,6498,7000,8.24,Yes,15.6,7.9,44.9
RT Nagar,13.0187,77.5934,North,Builder Floor,2,850,7750,6521,6739,7060,7397,7750,4.49,No,11.7,5.2,25.8
Devanahalli,13.2418,77.7118,North,Apartment,2,1290,9550,5135,5788,6839,8082,9550,17.76,No,31.3,7.9,8.7
Marathahalli,12.962,77.6966,East,Apartment,3,1820,9250,5840,6379,7220,8172,9250,14.93,No,2.9,9.6,38.2
Thanisandra,13.0623,77.6287,North,Apartment,1,520,10050,6345,6931,7845,8879,10050,13.14,No,12.2,7.5,19.2
Rajajinagar,12.9901,77.5515,West,Builder Floor,4,2570,14500,11575,12083,12840,13645,14500,6.37,Yes,13.3,4,30.4
Frazer Town,12.9813,77.6159,Central,Builder Floor,2,900,11050,9199,9526,10009,10517,11050,4.92,No,11,3.7,36.9
Malleshwaram,13.0056,77.5705,North,Apartment,4,2910,14100,12823,13056,13395,13743,14100,2.42,Yes,14.2,3.6,29.4
Frazer Town,12.9782,77.6185,Central,Apartment,2,1120,11800,9823,10172,10688,11230,11800,5.43,No,9.6,3.9,37.6
Devanahalli,13.2421,77.7105,North,Apartment,2,1200,8900,4785,5394,6374,7532,8900,17.96,No,28.3,8.4,8.4
Kengeri,12.9162,77.4876,West,Apartment,1,450,6200,4849,5082,5430,5802,6200,7.43,Yes,19.2,8.4,45.9
Electronic City,12.8408,77.6583,South,Villa,1,610,7350,4562,5000,5685,6464,7350,12.23,No,0.7,18.4,53.9
Banashankari,12.9353,77.5529,South,Builder Floor,1,460,9050,7079,7419,7927,8470,9050,6.44,Yes,10.9,4.5,38.5
Banashankari,12.9292,77.5497,South,Villa,1,700,8350,6531,6844,7313,7814,8350,6,Yes,11,5.4,38.6
Thanisandra,13.0651,77.6253,North,Apartment,2,1280,8800,5556,6069,6869,7775,8800,12.01,No,12.5,7.1,19.3
KR Puram,13.0065,77.701,East,Builder Floor,2,1330,9700,5100,5774,6864,8160,9700,19.27,Yes,7.1,6.7,33.2
MG Road,12.9761,77.5961,Central,Builder Floor,2,1020,14750,12023,12500,13209,13958,14750,6.21,Yes,12.4,2.9,32.2
Koramangala,12.934,77.6288,South,Apartment,3,1900,21250,13303,14555,16512,18732,21250,14.5,No,5.2,5.5,37.3
MG Road,12.9763,77.5976,Central,Villa,3,1570,16450,13408,13940,14731,15567,16450,6.01,Yes,13.1,2.8,38.5
Koramangala,12.936,77.6288,South,Apartment,3,2080,21000,13146,14383,16317,18511,21000,12.68,No,5.1,5.6,39.3
Marathahalli,12.9625,77.6961,East,Builder Floor,2,1250,9800,6187,6758,7649,8658,9800,14.14,No,3,10.5,39
RT Nagar,13.021,77.5905,North,Builder Floor,1,480,7100,5976,6175,6469,6777,7100,4.55,No,14.1,5,23.6
JP Nagar,12.9107,77.5835,South,Villa,2,1070,9950,7194,7654,8354,9117,9950,9.01,Yes,8.4,6.1,41.3
Yelahanka,13.0963,77.5965,North,Apartment,3,1750,11000,6291,7006,8143,9464,11000,18.52,No,19.9,5.3,11.9
Frazer Town,12.9736,77.613,Central,Builder Floor,3,1720,12400,10323,10689,11231,11801,12400,5.72,No,10.3,3.7,32.5
KR Puram,13.007,77.6974,East,Builder Floor,2,920,8950,4705,5327,6333,7529,8950,20.29,Yes,6.8,6.6,33.4
Hebbal,13.0305,77.6002,North,Apartment,4,2440,16150,10843,11703,13029,14506,16150,11.04,No,10.6,8.7,17.9
HSR Layout,12.912,77.6363,South,Apartment,2,1100,13400,7788,8645,10005,11579,13400,17.09,No,5.5,8.3,43.6
Anjanapura,12.8563,77.5725,South,Apartment,1,590,6150,4714,4959,5328,5724,6150,6.89,No,12.4,10,47.8
RT Nagar,13.0207,77.5857,North,Apartment,2,890,8000,6731,6956,7288,7636,8000,4.29,No,13.3,5.4,24
Bannerghatta Road,12.8773,77.5961,South,Builder Floor,3,2060,9850,6167,6747,7654,8683,9850,13.59,No,8.5,7.1,42.6
Sarjapur Road,12.8985,77.6895,East,Apartment,1,530,11800,7143,7867,9005,10308,11800,14.14,No,4.3,12.2,40.8
KR Puram,13.0084,77.7011,East,Apartment,3,1930,9750,5126,5803,6899,8202,9750,17.91,Yes,6.5,6.8,35
Malleshwaram,13.0075,77.571,North,Villa,3,2110,14450,13140,13379,13727,14084,14450,2.61,Yes,14.9,3.4,26.8
Devanahalli,13.2441,77.7173,North,Apartment,2,900,9300,5000,5636,6660,7870,9300,16.9,No,31.3,8.5,7.5
Jayanagar,12.9248,77.5963,South,Villa,2,1080,15950,11210,11993,13189,14504,15950,9.48,Yes,9.6,3.5,38
Hoodi,12.982,77.7187,East,Villa,2,1140,11300,7322,7957,8944,10053,11300,13.17,Yes,3.9,12.6,40.1
Malleshwaram,13.0003,77.5726,North,Apartment,3,1450,13550,12323,12547,12873,13207,13550,2.39,Yes,12.8,3.2,27.5
Sarjapur Road,12.9025,77.6902,East,Apartment,3,2170,11600,7023,7734,8853,10134,11600,14.67,No,4.3,11.2,40.7
Indiranagar,12.9745,77.6439,East,Apartment,4,2870,19400,13025,14058,15651,17425,19400,12.1,Yes,7.5,4,34.9
Hulimavu,12.895,77.609,South,Builder Floor,3,1470,7500,5423,5770,6297,6872,7500,9.87,No,7.2,8.4,44.2
Bellandur,12.9293,77.6819,East,Apartment,3,2100,12900,7682,8487,9758,11220,12900,17.03,No,3.8,11.2,44.1
Frazer Town,12.9737,77.6107,Central,Builder Floor,2,1070,11800,9823,10172,10688,11230,11800,4.88,No,10.1,3.9,33.1
Hebbal,13.0384,77.5947,North,Villa,4,2090,16650,11179,12066,13433,14955,16650,12.27,No,10.4,8.3,18
Rajarajeshwari Nagar,12.9194,77.5118,West,Apartment,1,520,7600,5768,6080,6549,7055,7600,8.62,Yes,14.4,8.4,38.3
Sarjapur Road,12.8969,77.6866,East,Apartment,3,1920,12000,7264,8000,9158,10483,12000,14.53,No,4.1,10.8,39.7
Koramangala,12.9305,77.6227,South,Villa,3,1580,21100,13209,14452,16395,18599,21100,12.35,No,5.1,5.2,39.1
Bellandur,12.9262,77.6811,East,Apartment,3,1960,13900,8276,9144,10514,12089,13900,15.78,No,3.5,11.2,41.3
Richmond Town,12.9587,77.6038,Central,Apartment,3,1700,13750,10755,11271,12043,12868,13750,7.2,Yes,10.4,3,32.5
HSR Layout,12.907,77.6403,South,Apartment,2,880,14300,8311,9226,10677,12356,14300,16.53,No,6,8.1,46.8
RT Nagar,13.0241,77.5918,North,Builder Floor,2,960,7750,6521,6739,7060,7397,7750,4.96,No,13.9,5.4,25.5
Sarjapur Road,12.9019,77.682,East,Builder Floor,2,1340,12600,7627,8400,9616,11007,12600,14.41,No,4.9,12.5,42.1
Banashankari,12.9291,77.5495,South,Builder Floor,2,1320,8450,6609,6926,7401,7908,8450,7.3,Yes,10.7,4.5,35.1
Devanahalli,13.2499,77.7132,North,Builder Floor,1,660,9350,5028,5667,6696,7913,9350,17.1,No,27.9,7.9,8.5
Jayanagar,12.9255,77.5892,South,Apartment,2,1080,14450,10156,10865,11948,13140,14450,8.95,Yes,8.7,4,40.2
HSR Layout,12.9117,77.6385,South,Apartment,2,850,14650,8514,9451,10938,12659,14650,18.03,No,5.3,8.6,46.9
Manyata Tech Park,13.0469,77.6197,North,Builder Floor,3,1590,12750,8408,9107,10188,11397,12750,12.32,No,0.5,6.9,18
Whitefield,12.9727,77.7478,East,Builder Floor,3,2110,13600,5900,6938,8683,10867,13600,24.37,Yes,2.1,13.8,45
Electronic City,12.8403,77.6586,South,Apartment,1,470,6900,4283,4694,5337,6068,6900,14.71,No,0.8,19.5,58.1
Malleshwaram,13.0066,77.5734,North,Apartment,2,1230,13350,12140,12361,12682,13012,13350,2.52,Yes,14.4,3.5,27.8
Kanakapura Road,12.8656,77.5843,South,Apartment,2,1270,8300,5726,6148,6795,7510,8300,9.02,Yes,8.6,7.9,41
Hebbal,13.0343,77.601,North,Apartment,3,1820,15700,10541,11377,12666,14102,15700,10.62,No,9,8.1,17
Nagarbhavi,12.9618,77.4975,West,Villa,2,1170,6500,5299,5509,5821,6151,6500,5.65,No,18,6.5,45.6
ITPL,12.9887,77.7254,East,Apartment,3,1350,11750,7482,8159,9214,10405,11750,13.08,No,1.5,14.1,38.4
Marathahalli,12.9583,77.6958,East,Apartment,1,630,9700,6125,6690,7572,8570,9700,13.73,No,2.8,10.9,43.8
Rajajinagar,12.992,77.5481,West,Villa,1,480,14350,11457,11959,12708,13504,14350,5.39,Yes,13.2,3.9,32.6
Indiranagar,12.9746,77.6379,East,Apartment,4,2230,19050,12789,13804,15369,17111,19050,11.4,Yes,7.1,4.2,36.5
Sarjapur Road,12.8995,77.6876,East,Apartment,4,3220,12000,7264,8000,9158,10483,12000,14.18,No,4.1,11.7,44.8
Anjanapura,12.8518,77.573,South,Builder Floor,2,970,6100,4676,4919,5285,5678,6100,7.06,No,11.4,9.7,44
JP Nagar,12.9109,77.5884,South,Apartment,3,2130,9200,6651,7077,7724,8430,9200,9.35,Yes,8.2,6.7,43.4
Hoodi,12.9862,77.7206,East,Apartment,3,1700,11100,7194,7818,8787,9876,11100,12.68,Yes,4.1,11.4,34.8
Gottigere,12.8673,77.6002,South,Apartment,3,2090,7050,5196,5508,5980,6493,7050,9.12,No,9.5,8.3,44.1
Kanakapura Road,12.8601,77.5819,South,Apartment,3,1950,8250,5692,6111,6754,7465,8250,12.05,Yes,7.7,7.9,43.6
Rajajinagar,12.9914,77.5538,West,Apartment,3,1370,12550,10020,10459,11114,11810,12550,6.24,Yes,11.5,3.7,28.7
Koramangala,12.9389,77.6228,South,Villa,3,1710,21350,13366,14624,16590,18820,21350,14.58,No,5,4.8,39.6
Thanisandra,13.0633,77.6278,North,Apartment,3,1410,8900,5619,6138,6947,7863,8900,12.29,No,12.5,6.5,20.9
Kanakapura Road,12.868,77.5821,South,Apartment,2,970,9000,6210,6667,7368,8143,9000,9.6,Yes,8.7,8.1,46.1
Marathahalli,12.957,77.7011,East,Builder Floor,2,1120,8500,5367,5862,6635,7510,8500,11.98,No,3.3,10.2,39
Indiranagar,12.9799,77.645,East,Villa,2,1090,20600,13830,14927,16619,18503,20600,10.32,Yes,7.1,4.6,36.4
Rajarajeshwari Nagar,12.9199,77.5034,West,Builder Floor,2,1240,7150,5426,5719,6161,6637,7150,6.68,Yes,15.8,8.1,39.5
ITPL,12.9841,77.7288,East,Builder Floor,4,2940,11450,7291,7951,8979,10140,11450,12.66,No,1.6,14.2,35.4
Banashankari,12.9334,77.5499,South,Apartment,3,1740,8450,6609,6926,7401,7908,8450,5.96,Yes,9.7,4.6,34.9
Hulimavu,12.893,77.6107,South,Apartment,2,1220,7150,5168,5499,6002,6551,7150,8.12,No,7.8,7.5,42.7
HSR Layout,12.9143,77.6359,South,Apartment,2,1280,13550,7875,8742,10117,11708,13550,17.06,No,5.5,7.5,43.7
Thanisandra,13.056,77.6235,North,Apartment,2,870,9200,5808,6344,7181,8128,9200,12.57,No,12.3,7.4,19.7
Koramangala,12.9306,77.6271,South,Villa,2,970,22350,13991,15308,17366,19701,22350,12.52,No,5.3,5.2,41.1
Varthur,12.9475,77.7506,East,Apartment,2,980,7200,4748,5143,5753,6436,7200,13.21,No,3.6,13.8,41.4
Bellandur,12.9268,77.6747,East,Apartment,3,1620,13900,8276,9144,10514,12089,13900,17.05,No,3.8,11,46.2
KR Puram,13.0049,77.6998,East,Apartment,2,970,9750,5126,5803,6899,8202,9750,18.35,Yes,6.4,7.2,37.1
Kanakapura Road,12.8607,77.59,South,Apartment,2,1020,8050,5555,5964,6591,7284,8050,11.88,Yes,7.7,7.6,45
ITPL,12.9904,77.7323,East,Apartment,3,1420,10100,6432,7014,7920,8944,10100,13.5,No,1.5,12.4,42.4
JP Nagar,12.9039,77.5872,South,Apartment,2,1240,10100,7302,7769,8479,9254,10100,8.95,Yes,8.7,6.6,36.4
JP Nagar,12.9045,77.587,South,Builder Floor,1,510,10100,7302,7769,8479,9254,10100,10.4,Yes,8.6,6.7,43.1
Hulimavu,12.8971,77.6143,South,Apartment,2,1000,7750,5603,5961,6506,7101,7750,10.49,No,7.7,8,45.9
Nagarbhavi,12.967,77.498,West,Villa,1,640,6300,5135,5339,5642,5962,6300,5.05,No,16,6.8,42.8
Jayanagar,12.9201,77.5981,South,Apartment,3,1550,14400,10121,10827,11907,13094,14400,10.31,Yes,9.8,3.9,35.8
Rajarajeshwari Nagar,12.9261,77.5083,West,Apartment,2,1140,7200,5465,5760,6205,6684,7200,7.4,Yes,15.4,9.1,44.3
Yelahanka,13.1026,77.595,North,Apartment,2,1000,9700,5549,6179,7181,8346,9700,15.33,No,21.3,4.9,13.5
Devanahalli,13.2508,77.7124,North,Builder Floor,3,2030,8550,4598,5183,6124,7236,8550,19,No,29.1,8.6,8.1
Hennur,13.0368,77.6439,North,Builder Floor,2,1030,8850,5942,6413,7140,7949,8850,10.49,No,12.4,7.4,20.9
Electronic City,12.8483,77.6608,South,Villa,2,1250,6650,4128,4524,5144,5849,6650,13.87,No,0.8,18.8,50.7
Indiranagar,12.978,77.6382,East,Apartment,3,2080,19750,13259,14311,15933,17739,19750,10.97,Yes,7.7,4.2,38.7
Hoodi,12.9784,77.7197,East,Apartment,2,1280,10600,6869,7465,8391,9431,10600,12,Yes,4.1,11.4,38.1
ITPL,12.9874,77.7264,East,Builder Floor,1,490,11050,7036,7673,8665,9785,11050,13.77,No,1.6,13.6,41.2
Anjanapura,12.8516,77.5739,South,Builder Floor,3,1990,6550,5021,5282,5675,6097,6550,7.28,No,11.3,9.7,47.2
Varthur,12.9465,77.7488,East,Apartment,3,1760,7600,5013,5429,6073,6794,7600,11.78,No,3.7,14,46.2
Manyata Tech Park,13.0431,77.6219,North,Apartment,2,1200,11750,7749,8393,9389,10503,11750,13.47,No,0.5,6.6,20.6
Richmond Town,12.9662,77.6033,Central,Apartment,3,2080,13350,10442,10943,11693,12494,13350,5.85,Yes,10.8,3,32.8
Hulimavu,12.8915,77.617,South,Villa,3,1410,7100,5133,5461,5960,6505,7100,8.71,No,7.7,8.3,44.4
Kanakapura Road,12.8592,77.582,South,Villa,2,1220,8050,5555,5964,6591,7284,8050,9.34,Yes,7.5,7.9,43
Hennur,13.0409,77.6371,North,Builder Floor,2,1290,8000,5371,5797,6454,7186,8000,12.28,No,10.7,7.3,23.1
Marathahalli,12.9578,77.6973,East,Apartment,2,1330,8900,5619,6138,6947,7863,8900,13.02,No,3.1,10.3,43.7
Rajarajeshwari Nagar,12.9174,77.5039,West,Apartment,2,1330,8100,6148,6480,6980,7519,8100,7.45,Yes,14.6,7.8,43.5
Banashankari,12.9324,77.5567,South,Apartment,3,1870,7900,6179,6475,6919,7393,7900,5.93,Yes,9.6,4.6,34.9
Gottigere,12.8759,77.5993,South,Apartment,2,1210,7300,5380,5703,6192,6723,7300,8.29,No,9.4,9.7,41.7
Hennur,13.0408,77.635,North,Apartment,3,2030,8350,5606,6051,6737,7500,8350,11.17,No,11.8,7.6,21.1
Sarjapur Road,12.9025,77.6836,East,Apartment,4,2660,12700,7688,8467,9692,11094,12700,16.03,No,4.2,11.7,46.7
RT Nagar,13.0196,77.5893,North,Apartment,3,1600,7500,6311,6522,6833,7159,7500,4.55,No,12.4,5.2,26.1
Gottigere,12.8742,77.6,South,Apartment,2,1180,6450,4755,5040,5472,5941,6450,9.16,No,9.3,8.7,43.4
Indiranagar,12.9825,77.6381,East,Apartment,3,1850,19450,13059,14095,15692,17470,19450,9.81,Yes,7.1,4,33.2
Jayanagar,12.9268,77.5919,South,Villa,4,2510,15100,10613,11354,12486,13731,15100,9.89,Yes,8.6,3.8,40.6
Yelahanka,13.1009,77.5927,North,Villa,3,2190,10450,5977,6656,7736,8991,10450,16.87,No,19.9,5.4,13.2
Frazer Town,12.9812,77.6158,Central,Apartment,3,1990,12400,10323,10689,11231,11801,12400,5,No,11.3,3.9,38.8
Yelahanka,13.0959,77.5918,North,Apartment,3,1720,9800,5605,6242,7255,8432,9800,15.26,No,19.7,4.8,11.5
HSR Layout,12.9093,77.6403,South,Apartment,2,860,14600,8485,9419,10901,12616,14600,17.8,No,5.7,7.3,42.8
Marathahalli,12.9634,77.6971,East,Builder Floor,1,470,9300,5872,6414,7260,8217,9300,13.47,No,3,9.3,42.7
Marathahalli,12.9622,77.6959,East,Apartment,1,630,8550,5399,5897,6674,7554,8550,11.52,No,3.2,10.2,40.9
Kengeri,12.9106,77.4856,West,Builder Floor,2,870,6000,4693,4918,5255,5615,6000,6.26,Yes,21.6,9,41
Yelahanka,13.1019,77.5916,North,Apartment,3,1510,11100,6349,7070,8217,9550,11100,18.18,No,23.3,4.9,12.6
Rajarajeshwari Nagar,12.9194,77.5076,West,Builder Floor,1,450,7350,5578,5880,6334,6823,7350,7.42,Yes,14,8.1,41
Yelahanka,13.0989,77.5933,North,Builder Floor,1,650,10600,6063,6752,7847,9120,10600,16.63,No,22.1,5.4,11.8
HSR Layout,12.9151,77.6365,South,Apartment,3,1940,13000,7555,8387,9706,11233,13000,15.39,No,5.2,8.1,43.7
Hennur,13.0363,77.6346,North,Apartment,2,990,8700,5841,6304,7019,7814,8700,10.96,No,11.6,7,19.9
Hoodi,12.9841,77.7169,East,Apartment,1,520,11200,7257,7887,8865,9964,11200,12.9,Yes,4.4,11.8,38.8
Indiranagar,12.9806,77.6381,East,Apartment,3,1820,19900,13360,14420,16054,17874,19900,11.58,Yes,7,4.3,35
RT Nagar,13.0249,77.5866,North,Apartment,2,1000,8000,6731,6956,7288,7636,8000,4.92,No,12.6,5.8,24.5
Bellandur,12.9252,77.6745,East,Apartment,3,1590,12750,7592,8388,9644,11089,12750,13.1,No,4.1,10,45.6
Thanisandra,13.0637,77.6263,North,Apartment,2,1230,9800,6187,6758,7649,8658,9800,13.94,No,13,6.8,21.2
Gottigere,12.8669,77.5954,South,Builder Floor,1,560,6850,5049,5352,5811,6309,6850,7.99,No,9.6,8.7,50.2
Kengeri,12.9134,77.4832,West,Builder Floor,2,1010,6050,4732,4959,5299,5662,6050,6.61,Yes,19,9.7,42.8
Banashankari,12.926,77.5568,South,Builder Floor,1,530,8400,6570,6885,7357,7861,8400,7.82,Yes,11.5,5,40.7
Bannerghatta Road,12.8775,77.601,South,Apartment,1,590,9450,5916,6473,7343,8330,9450,11.78,No,8.5,6.1,40.6
Hebbal,13.038,77.6007,North,Villa,3,1580,17250,11581,12500,13917,15494,17250,11.08,No,9.1,7.8,16.7
Whitefield,12.967,77.7546,East,Apartment,2,870,14950,6486,7628,9546,11946,14950,28.77,Yes,2,13.5,38.6
Varthur,12.9511,77.7507,East,Apartment,2,980,7800,5144,5571,6232,6972,7800,10.46,No,3.8,13.9,38.7
Sarjapur Road,12.8964,77.6863,East,Apartment,3,1900,11600,7023,7734,8853,10134,11600,16.18,No,4.1,10.9,47.1
Hennur,13.0397,77.6419,North,Apartment,3,1570,8850,5942,6413,7140,7949,8850,12.7,No,11.7,8.2,22.2
Gottigere,12.8713,77.6013,South,Apartment,2,1060,6400,4716,4999,5428,5894,6400,8.45,No,10.2,9.6,41.5
Marathahalli,12.9591,77.703,East,Builder Floor,2,960,9900,6251,6828,7728,8747,9900,11.23,No,3,10.8,36.4
Malleshwaram,13.0054,77.5741,North,Builder Floor,3,1590,12550,11412,11620,11922,12232,12550,2.36,Yes,14.6,3.3,26.7
Electronic City,12.8445,77.6572,South,Apartment,1,470,7250,4500,4932,5608,6376,7250,14.79,No,0.8,17.6,59.9
Hennur,13.0382,77.6397,North,Apartment,2,1030,8950,6009,6486,7221,8039,8950,9.66,No,10.7,8.2,21.4
Banashankari,12.9321,77.5495,South,Apartment,1,520,8100,6336,6640,7095,7581,8100,7.25,Yes,10.6,4.8,34.4
Marathahalli,12.9546,77.7029,East,Apartment,2,1110,8600,5430,5931,6713,7598,8600,12.04,No,3.4,11.1,37.2
Electronic City,12.8467,77.6608,South,Apartment,2,1240,6650,4128,4524,5144,5849,6650,13.49,No,0.8,17.8,55.2
Banashankari,12.9331,77.5504,South,Apartment,2,980,9150,7157,7500,8014,8563,9150,6.66,Yes,10.6,5.2,36.7
ITPL,12.9865,77.7242,East,Apartment,3,1960,10450,6655,7257,8195,9254,10450,11.55,No,1.4,13.4,41.9
Kanakapura Road,12.8645,77.5862,South,Apartment,1,570,8200,5657,6074,6713,7419,8200,11.74,Yes,7.5,7.7,46.9
Banashankari,12.9283,77.5558,South,Apartment,1,520,8000,6258,6558,7007,7487,8000,6.31,Yes,11.1,4.6,34.9
Devanahalli,13.2451,77.7117,North,Apartment,2,1210,8550,4598,5183,6124,7236,8550,18.11,No,32.6,7.4,8.6
Hoodi,12.988,77.7152,East,Builder Floor,2,1260,9900,6415,6972,7836,8808,9900,14.17,Yes,4.4,12.6,34.8
Koramangala,12.9315,77.6241,South,Apartment,4,2870,23250,14555,15925,18066,20495,23250,11.92,No,5.3,5.3,37.4
Malleshwaram,13.0049,77.5662,North,Apartment,1,500,13900,12641,12871,13205,13548,13900,2.37,Yes,15.3,3.8,29.2
Gottigere,12.8735,77.597,South,Apartment,3,2030,6650,4901,5195,5641,6125,6650,8.14,No,10,8.5,44.2
Rajarajeshwari Nagar,12.9259,77.5037,West,Builder Floor,2,1220,7450,5654,5960,6420,6916,7450,8.29,Yes,14.2,8.5,41.8
Electronic City,12.8441,77.6554,South,Builder Floor,2,1310,6850,4252,4660,5298,6024,6850,13.14,No,0.8,18.4,54.7
Hennur,13.0381,77.6422,North,Builder Floor,1,620,8800,5907,6376,7099,7904,8800,11.53,No,11,7.6,22
Sarjapur Road,12.8962,77.6857,East,Villa,1,680,12150,7355,8100,9272,10614,12150,14.98,No,4.7,13.1,44.5
Marathahalli,12.9592,77.6961,East,Builder Floor,2,1230,9050,5715,6242,7065,7996,9050,13.75,No,3.1,10.8,38.1
Nagarbhavi,12.9586,77.5014,West,Apartment,1,540,6300,5135,5339,5642,5962,6300,6.26,No,17.4,7,42.6
Rajajinagar,12.9952,77.5517,West,Apartment,3,1840,14400,11496,12000,12752,13551,14400,6.84,Yes,13.5,4.1,28.5
Manyata Tech Park,13.0427,77.6171,North,Apartment,1,560,11500,7584,8214,9189,10280,11500,10.88,No,0.5,7.1,19.9
Frazer Town,12.9816,77.6117,Central,Apartment,3,1630,11800,9823,10172,10688,11230,11800,5.45,No,11.2,4,37
Banashankari,12.9343,77.5536,South,Apartment,3,1930,8000,6258,6558,7007,7487,8000,5.88,Yes,10.2,5.1,39.1
HSR Layout,12.9137,77.6416,South,Apartment,2,1180,14900,8660,9613,11125,12875,14900,13.39,No,5.2,7.6,39.8
KR Puram,13.0036,77.6977,East,Apartment,3,1450,9050,4758,5387,6404,7613,9050,18.46,Yes,6,6.2,34.8
Jayanagar,12.9208,77.5905,South,Apartment,3,1760,16000,11245,12030,13230,14549,16000,10.57,Yes,8.9,3.4,40.3
Kengeri,12.9172,77.4847,West,Builder Floor,1,490,5600,4380,4590,4905,5241,5600,6.21,Yes,20.9,9.8,39.5
Hoodi,12.9806,77.7121,East,Apartment,3,1340,10050,6512,7077,7955,8941,10050,11.16,Yes,4.4,12.2,39.1
Rajarajeshwari Nagar,12.9205,77.5046,West,Apartment,2,1090,7750,5881,6199,6678,7194,7750,8.56,Yes,16.3,8.8,38.5
Bellandur,12.9304,77.6763,East,Builder Floor,2,940,12850,7652,8454,9720,11176,12850,14.39,No,3.7,11.5,41.6
Yelahanka,13.0963,77.5995,North,Apartment,3,1430,10800,6177,6879,7995,9292,10800,16.79,No,22.1,4.7,11.2
Rajarajeshwari Nagar,12.9189,77.5093,West,Apartment,2,1200,7150,5426,5719,6161,6637,7150,7.7,Yes,13.6,7.9,43.5
Banashankari,12.9278,77.5569,South,Apartment,3,2200,8950,7000,7336,7839,8376,8950,5.92,Yes,10.4,5,38.5
Sarjapur Road,12.9039,77.6813,East,Villa,3,1640,12900,7809,8600,9844,11269,12900,12.72,No,4.1,11.6,46.9
Indiranagar,12.9787,77.6389,East,Villa,4,2960,19200,12889,13912,15489,17245,19200,11.89,Yes,7.3,3.8,33.4
Jayanagar,12.9248,77.5948,South,Apartment,2,860,14750,10366,11090,12196,13412,14750,10.82,Yes,9.1,3.5,40.7
Devanahalli,13.2422,77.7183,North,Apartment,2,970,9300,5000,5636,6660,7870,9300,19.41,No,30,7.5,7.9
Jayanagar,12.9273,77.5951,South,Apartment,2,1130,15050,10578,11316,12444,13685,15050,9.06,Yes,9.8,3.5,36.8
Nagarbhavi,12.9653,77.4997,West,Apartment,2,930,5800,4727,4915,5194,5489,5800,4.85,No,18,6.5,37.9
ITPL,12.9809,77.7302,East,Apartment,2,1120,11550,7355,8020,9057,10228,11550,13.43,No,1.5,14.3,35.5
Koramangala,12.9359,77.6257,South,Apartment,4,3150,22350,13991,15308,17366,19701,22350,12.28,No,5.4,4.7,41.1
Koramangala,12.9372,77.6229,South,Apartment,3,2030,22350,13991,15308,17366,19701,22350,14.68,No,5,4.8,38.4
Gottigere,12.8675,77.5969,South,Apartment,2,900,7100,5232,5546,6022,6539,7100,8.56,No,10.3,9.7,49.5
Kengeri,12.9139,77.4845,West,Apartment,3,1800,5950,4654,4877,5211,5568,5950,7.78,Yes,21.8,9.2,41.6
Banashankari,12.9349,77.553,South,Apartment,1,570,8850,6922,7254,7751,8282,8850,6.04,Yes,11.4,4.6,41.7
Yelahanka,13.1021,77.5974,North,Apartment,3,1970,10400,5948,6624,7699,8948,10400,16.55,No,21.8,4.7,12.4
Kengeri,12.9168,77.486,West,Builder Floor,3,2030,6000,4693,4918,5255,5615,6000,5.9,Yes,22,8.5,44.3
Varthur,12.9477,77.7449,East,Apartment,2,1110,7200,4748,5143,5753,6436,7200,12.44,No,3.6,13.6,42.3
Malleshwaram,13.0001,77.5692,North,Apartment,3,2120,14250,12958,13194,13537,13889,14250,2.83,Yes,12.7,3.3,26.2
Kengeri,12.9137,77.4892,West,Apartment,1,530,5450,4263,4467,4773,5100,5450,6.29,Yes,21.1,9.8,44.7
Kengeri,12.9114,77.4849,West,Apartment,2,860,6150,4811,5042,5387,5756,6150,5.95,Yes,20.3,8.5,46.9
ITPL,12.9808,77.7314,East,Apartment,2,1230,10200,6496,7084,7999,9033,10200,11.85,No,1.6,12.8,36.4
Jayanagar,12.9236,77.5903,South,Builder Floor,1,640,14800,10402,11128,12238,13458,14800,9.42,Yes,9.6,3.5,34.7
Devanahalli,13.2478,77.7165,North,Apartment,1,610,8400,4517,5091,6016,7109,8400,16.3,No,32.3,8.5,7.6
Bannerghatta Road,12.8765,77.5928,South,Apartment,1,560,9550,5978,6541,7420,8418,9550,12.3,No,8.3,6.2,42.2
Kengeri,12.919,77.4829,West,Builder Floor,2,1160,5700,4458,4672,4992,5334,5700,6.22,Yes,19.5,9.9,40
Kanakapura Road,12.8587,77.5891,South,Apartment,3,2080,8450,5830,6259,6918,7646,8450,11.02,Yes,7.2,8.5,44.5
JP Nagar,12.9088,77.5822,South,Builder Floor,1,490,9900,7157,7615,8311,9071,9900,7.85,Yes,9.3,6.8,42.4
Bellandur,12.9276,77.6825,East,Apartment,3,1500,13000,7741,8553,9834,11307,13000,13.36,No,4.1,11,41.6
Hebbal,13.0395,77.5942,North,Apartment,4,2810,16700,11212,12101,13473,15000,16700,10.51,No,10.3,7.3,19.2
Thanisandra,13.0575,77.629,North,Builder Floor,3,1840,9100,5746,6276,7103,8040,9100,14.18,No,13.2,6.7,19.8
Manyata Tech Park,13.047,77.6243,North,Villa,3,1960,12700,8375,9071,10148,11353,12700,10.2,No,0.5,6.5,18.7
Kanakapura Road,12.8662,77.5807,South,Builder Floor,2,1120,7950,5484,5888,6508,7193,7950,9.33,Yes,7.9,8.1,48.3
Jayanagar,12.9252,77.5958,South,Villa,1,670,15800,11104,11879,13064,14367,15800,9.49,Yes,10,3.9,39
Marathahalli,12.9574,77.6974,East,Apartment,2,950,8550,5399,5897,6674,7554,8550,13.71,No,3.1,9.5,39.4
HSR Layout,12.9118,77.6425,South,Builder Floor,3,2110,14850,8631,9581,11088,12832,14850,15.31,No,6.2,8.4,43.5
Thanisandra,13.0607,77.6228,North,Apartment,1,690,8750,5524,6034,6830,7731,8750,14.42,No,11,6.8,18.9
Koramangala,12.9365,77.6248,South,Villa,3,1950,20600,12896,14110,16007,18159,20600,11.72,No,4.7,5,39
Banashankari,12.9348,77.552,South,Apartment,2,1170,8850,6922,7254,7751,8282,8850,6.87,Yes,10.2,4.8,41.7
Richmond Town,12.9618,77.5996,Central,Apartment,1,680,15600,12203,12788,13664,14600,15600,7.18,Yes,11.2,3,33.2
Anjanapura,12.8522,77.5683,South,Apartment,3,2010,6250,4791,5040,5415,5818,6250,7.83,No,11.6,9.5,45.5
Kengeri,12.9182,77.4822,West,Apartment,2,1010,5600,4380,4590,4905,5241,5600,5.94,Yes,19.1,8.9,41.2
Jayanagar,12.9289,77.5941,South,Villa,3,1630,15400,10823,11579,12734,14004,15400,10.49,Yes,10,3.8,39.1
Banashankari,12.9286,77.5545,South,Builder Floor,3,1810,8200,6413,6721,7182,7674,8200,6.86,Yes,9.9,4.7,35.3
Sarjapur Road,12.9034,77.6862,East,Apartment,3,1620,11100,6719,7400,8471,9697,11100,15.23,No,4.9,11.7,45.3
Rajajinagar,12.9884,77.5502,West,Apartment,3,2020,12650,10098,10541,11202,11904,12650,5.38,Yes,13.5,4.3,32.7
Hennur,13.0345,77.6414,North,Apartment,1,660,8050,5405,5834,6495,7231,8050,11.1,No,12.4,7,20.2
Malleshwaram,13.0081,77.5717,North,Villa,3,1310,14050,12777,13009,13347,13694,14050,2.68,Yes,14.5,3.4,29.5
RT Nagar,13.0181,77.5944,North,Apartment,2,1280,7800,6564,6783,7106,7445,7800,5.36,No,12,5.5,25.5
Kengeri,12.9169,77.4836,West,Apartment,1,520,6100,4771,5000,5343,5709,6100,6.65,Yes,18.8,9.2,41.5
Richmond Town,12.9596,77.601,Central,Villa,3,2010,13800,10794,11312,12087,12915,13800,6.69,Yes,11.6,2.7,35.4
Yelahanka,13.0963,77.5989,North,Apartment,3,1890,10250,5863,6529,7588,8819,10250,14.83,No,21.6,5.3,11.5
Jayanagar,12.9264,77.5928,South,Villa,3,1810,15400,10823,11579,12734,14004,15400,9.14,Yes,8.7,3.8,36.5
JP Nagar,12.9079,77.583,South,Apartment,2,1070,9200,6651,7077,7724,8430,9200,8.56,Yes,9.8,6.9,39.8
MG Road,12.973,77.5969,Central,Villa,3,2120,16750,13653,14195,15000,15851,16750,5.73,Yes,12.9,3,35.4
Rajarajeshwari Nagar,12.9266,77.5106,West,Apartment,1,500,7100,5389,5680,6119,6591,7100,8.08,Yes,14.2,7.9,38.7
Whitefield,12.9748,77.7506,East,Villa,3,1930,14050,6095,7168,8971,11227,14050,27.06,Yes,1.9,15,45.8
Rajajinagar,12.9873,77.5493,West,Apartment,3,2150,12750,10179,10625,11291,11998,12750,6.84,Yes,13.3,3.9,31.9
Nagarbhavi,12.9612,77.506,West,Villa,3,2200,6450,5257,5466,5776,6104,6450,5.09,No,17.7,7.3,40.8
Hennur,13.0359,77.6406,North,Apartment,2,1120,8400,5640,6087,6777,7545,8400,11.42,No,11.2,7.5,22.9
Kanakapura Road,12.8588,77.5899,South,Builder Floor,2,1040,9000,6210,6667,7368,8143,9000,10.11,Yes,8.5,8.2,47.6
Bellandur,12.9266,77.6763,East,Apartment,3,2000,13100,7800,8618,9909,11393,13100,16.1,No,4.1,11,41.3
Kanakapura Road,12.8632,77.5815,South,Apartment,2,1330,8700,6003,6445,7123,7872,8700,11.14,Yes,8.3,8.3,46.8
Jayanagar,12.9248,77.593,South,Apartment,3,1400,15700,11034,11804,12981,14276,15700,10.54,Yes,9.2,3.5,37.7
Bellandur,12.9226,77.6736,East,Apartment,3,1590,13650,8128,8980,10325,11872,13650,15.46,No,3.7,10.4,43.5
Richmond Town,12.9594,77.6003,Central,Apartment,3,1940,14700,11497,12049,12875,13757,14700,7,Yes,12.2,2.7,33.5
JP Nagar,12.9078,77.5889,South,Apartment,2,1040,9950,7194,7654,8354,9117,9950,8.56,Yes,8.2,7,37.1
Electronic City,12.843,77.6582,South,Builder Floor,3,1330,7750,4811,5273,5995,6816,7750,15.28,No,0.8,17.2,49.9
Kengeri,12.9181,77.48,West,Builder Floor,1,670,5450,4263,4467,4773,5100,5450,6.9,Yes,21.2,9.2,40.5
Indiranagar,12.9792,77.6456,East,Apartment,4,2200,21050,14132,15253,16982,18907,21050,12.86,Yes,6.6,4.2,38.1
Nagarbhavi,12.9674,77.5013,West,Apartment,2,1300,5900,4808,4999,5283,5583,5900,5.47,No,18.1,6.6,39.6
Kanakapura Road,12.8609,77.5835,South,Apartment,2,910,8250,5692,6111,6754,7465,8250,11.51,Yes,7.4,7.3,48.4
Gottigere,12.8713,77.6008,South,Builder Floor,2,1130,6850,5049,5352,5811,6309,6850,9.33,No,10.8,8.9,45.8
Gottigere,12.8723,77.6036,South,Apartment,2,1080,6300,4643,4922,5344,5802,6300,7.65,No,9,9.8,49.6
Koramangala,12.9325,77.6213,South,Apartment,2,1230,22650,14180,15514,17600,19966,22650,12.21,No,5.2,5.6,37.9
Hoodi,12.984,77.7179,East,Apartment,2,1160,9850,6382,6936,7796,8763,9850,11.53,Yes,4.2,10.9,37.5
Kengeri,12.9119,77.4841,West,Builder Floor,1,530,5750,4497,4713,5036,5381,5750,7.1,Yes,18.2,9.3,43.1
Nagarbhavi,12.9668,77.5029,West,Apartment,1,560,6250,5095,5297,5597,5915,6250,6.44,No,18.8,6.6,45.7
Kengeri,12.9147,77.4867,West,Apartment,1,490,6050,4732,4959,5299,5662,6050,6.72,Yes,18.9,9.1,40.4
Sarjapur Road,12.9015,77.6858,East,Builder Floor,2,1220,12600,7627,8400,9616,11007,12600,13.41,No,4.2,13,48.1
KR Puram,13.0105,77.7019,East,Apartment,3,1670,9650,5074,5745,6829,8118,9650,18.16,Yes,5.9,7.1,32
Jayanagar,12.9236,77.5955,South,Builder Floor,2,1030,15000,10542,11278,12403,13640,15000,10.81,Yes,10.4,3.6,39.1
MG Road,12.9711,77.6059,Central,Villa,2,1080,16500,13449,13983,14776,15614,16500,6.27,Yes,11,2.9,33
HSR Layout,12.9124,77.6366,South,Apartment,2,950,13700,7962,8839,10229,11838,13700,16.74,No,6.3,7.2,45.7
Malleshwaram,12.9997,77.5689,North,Apartment,2,1040,13750,12505,12732,13063,13402,13750,2.41,Yes,13,3.3,28.6
Gottigere,12.8736,77.6006,South,Apartment,2,1340,6950,5122,5429,5895,6401,6950,8.75,No,9.6,9.3,43
Whitefield,12.9679,77.7478,East,Apartment,2,880,13950,6052,7117,8907,11147,13950,24.29,Yes,1.9,14.2,42.6
Manyata Tech Park,13.0411,77.6217,North,Apartment,2,890,11100,7320,7928,8869,9922,11100,11.79,No,0.5,7.2,18.9
Kengeri,12.9104,77.4866,West,Apartment,1,480,5500,4302,4508,4817,5147,5500,6.42,Yes,21.2,9,46.8
ITPL,12.9865,77.7239,East,Apartment,3,1360,10550,6719,7327,8274,9343,10550,14.12,No,1.5,14.1,42.3
Kanakapura Road,12.8585,77.5843,South,Builder Floor,1,460,8600,5933,6370,7040,7781,8600,9.38,Yes,8.6,7.7,40.6
Kanakapura Road,12.864,77.5864,South,Villa,1,580,9000,6210,6667,7368,8143,9000,11.82,Yes,8,8.5,46.4
Jayanagar,12.9288,77.5934,South,Apartment,2,1010,16550,11631,12443,13684,15049,16550,10.67,Yes,9,4,38
Hulimavu,12.894,77.6108,South,Apartment,1,630,6750,4880,5192,5667,6185,6750,8.12,No,6.8,7.5,44.7
Indiranagar,12.9788,77.6424,East,Villa,2,960,19600,13159,14203,15813,17605,19600,10.59,Yes,7.3,4.3,34.4
Gottigere,12.8743,77.6005,South,Builder Floor,3,1410,6800,5011,5312,5768,6263,6800,9.57,No,9.3,9.7,41.9
Rajajinagar,12.9919,77.552,West,Apartment,3,1650,13800,11016,11499,12220,12986,13800,5.9,Yes,13.6,3.8,32.5
Kanakapura Road,12.8592,77.5807,South,Apartment,2,1350,8100,5588,6000,6631,7329,8100,11.87,Yes,8.1,7.4,43.6
Anjanapura,12.8568,77.5642,South,Apartment,2,1120,5900,4523,4758,5112,5492,5900,6.79,No,12.7,9.2,48.4
Jayanagar,12.9242,77.5949,South,Apartment,2,1150,16450,11562,12369,13602,14958,16450,11.11,Yes,10.1,3.5,39.7
Nagarbhavi,12.9648,77.505,West,Villa,3,1900,6550,5338,5550,5865,6198,6550,5.91,No,17.2,7.3,42.2
ITPL,12.9821,77.7273,East,Apartment,3,2110,11100,7069,7709,8705,9830,11100,13.48,No,1.4,14.8,41.7
Anjanapura,12.8556,77.5731,South,Builder Floor,1,650,6550,5021,5282,5675,6097,6550,6.38,No,12.2,10.9,46.9
Sarjapur Road,12.896,77.6873,East,Builder Floor,2,980,11800,7143,7867,9005,10308,11800,16.18,No,4.4,13.2,41.1
Kengeri,12.9145,77.487,West,Builder Floor,2,1330,5950,4654,4877,5211,5568,5950,6.51,Yes,18.9,9.4,46.6
Varthur,12.9445,77.7489,East,Apartment,2,940,7350,4847,5250,5873,6570,7350,10.78,No,3.4,13.3,45.4
Varthur,12.9422,77.7478,East,Apartment,2,1010,7050,4649,5035,5633,6302,7050,12.82,No,3.8,13,40.6
Manyata Tech Park,13.0462,77.6242,North,Apartment,2,880,12600,8310,9000,10068,11263,12600,12.22,No,0.5,6.6,18.8
Frazer Town,12.976,77.6181,Central,Villa,3,1870,12200,10157,10518,11051,11611,12200,4.79,No,11,3.7,36.4
Devanahalli,13.2476,77.7161,North,Builder Floor,2,1080,9200,4947,5576,6589,7786,9200,20.42,No,30.6,8.6,7.4
Kengeri,12.9156,77.4813,West,Apartment,2,1240,5450,4263,4467,4773,5100,5450,7.08,Yes,18.9,8.5,40.7
Kengeri,12.9122,77.4879,West,Villa,2,930,5900,4616,4837,5168,5522,5900,6.62,Yes,20.9,8.2,40.5
Kanakapura Road,12.8633,77.5883,South,Builder Floor,3,1480,8950,6175,6630,7327,8098,8950,9.3,Yes,7.7,8,46.4
Marathahalli,12.9592,77.7044,East,Apartment,2,880,8750,5524,6034,6830,7731,8750,13.13,No,2.9,9.6,37.9
Koramangala,12.9338,77.6208,South,Villa,4,3350,21100,13209,14452,16395,18599,21100,11.56,No,4.6,4.7,38.7
Manyata Tech Park,13.0417,77.6264,North,Apartment,2,900,12200,8046,8715,9749,10906,12200,11.08,No,0.5,7.2,20.1
Hoodi,12.9796,77.7149,East,Apartment,2,920,10550,6837,7430,8351,9386,10550,12.22,Yes,4.3,11.3,34.6
Malleshwaram,12.9997,77.5724,North,Apartment,1,650,13300,12095,12315,12635,12963,13300,2.92,Yes,12.9,3.2,27.8
Kanakapura Road,12.859,77.5839,South,Builder Floor,2,1170,9100,6279,6741,7450,8234,9100,11.75,Yes,7.6,8,43
Manyata Tech Park,13.0503,77.6226,North,Builder Floor,3,1300,12800,8442,9143,10228,11442,12800,12.25,No,0.5,7,20.3
Varthur,12.9508,77.7481,East,Apartment,1,660,7600,5013,5429,6073,6794,7600,13.32,No,3.3,13.7,44.2
Kanakapura Road,12.864,77.5898,South,Apartment,3,1390,8100,5588,6000,6631,7329,8100,11.07,Yes,7.8,7.6,40.7
Bellandur,12.9275,77.6776,East,Builder Floor,2,890,13100,7800,8618,9909,11393,13100,15.54,No,3.9,10.2,41.3
Malleshwaram,13.0083,77.5722,North,Apartment,4,2690,13000,11822,12037,12350,12671,13000,2.31,Yes,14.7,3.7,27.8
Malleshwaram,13.0077,77.5671,North,Apartment,4,3160,14500,13186,13426,13775,14133,14500,2.74,Yes,13.6,3.2,27.3
Thanisandra,13.0639,77.6277,North,Apartment,3,2030,9250,5840,6379,7220,8172,9250,11.84,No,13,6.5,18.6
Thanisandra,13.0641,77.6293,North,Builder Floor,3,1590,8800,5556,6069,6869,7775,8800,12.15,No,12.4,6.7,18.3
Gottigere,12.8679,77.6029,South,Apartment,2,1070,7100,5232,5546,6022,6539,7100,8.34,No,9.6,9,49.3
Devanahalli,13.244,77.7112,North,Apartment,3,2040,9450,5082,5728,6768,7997,9450,18.89,No,31.1,7.4,7.4
Sarjapur Road,12.9026,77.6897,East,Builder Floor,2,1000,12450,7537,8300,9501,10876,12450,14.47,No,4.1,11.3,40.8
Hebbal,13.0327,77.6011,North,Apartment,3,2020,15000,10070,10869,12101,13473,15000,11.37,No,9.2,8.6,19.1
Richmond Town,12.9629,77.6044,Central,Apartment,3,2160,14200,11106,11639,12437,13289,14200,6.15,Yes,10.7,2.9,32
Marathahalli,12.955,77.7007,East,Apartment,3,1400,9100,5746,6276,7103,8040,9100,13.34,No,2.9,10.9,42
Frazer Town,12.9806,77.6101,Central,Apartment,2,1080,12300,10239,10603,11141,11706,12300,5.43,No,10.7,4,33.9
Nagarbhavi,12.9598,77.5052,West,Builder Floor,2,900,6150,5013,5212,5508,5820,6150,5.2,No,19.2,6.8,44.5
Hoodi,12.9822,77.7128,East,Apartment,3,1360,9650,6252,6795,7638,8585,9650,11.34,Yes,4.2,12.2,35.6
Frazer Town,12.9799,77.6197,Central,Builder Floor,3,1410,11800,9823,10172,10688,11230,11800,5.2,No,11.1,3.7,33.1
Malleshwaram,12.999,77.5704,North,Villa,2,1310,13200,12004,12222,12540,12866,13200,2.37,Yes,12.9,3.8,25.3
Kengeri,12.9105,77.4891,West,Builder Floor,1,630,5700,4458,4672,4992,5334,5700,6.85,Yes,20.2,8.8,47.2
Hebbal,13.0363,77.6011,North,Apartment,3,1910,16050,10775,11630,12948,14416,16050,10.14,No,9.1,7.5,17.5
Indiranagar,12.9746,77.6419,East,Apartment,4,3390,19900,13360,14420,16054,17874,19900,12.78,Yes,6.7,4.1,39.3
Rajarajeshwari Nagar,12.9189,77.5114,West,Apartment,2,920,7650,5806,6120,6593,7102,7650,6.72,Yes,15.3,9.1,43.7
Varthur,12.9474,77.7503,East,Builder Floor,2,1200,6950,4584,4965,5554,6213,6950,10.21,No,3.6,11.8,45.4
Varthur,12.9518,77.7511,East,Builder Floor,2,1260,7800,5144,5571,6232,6972,7800,10.98,No,3.6,13.7,46.6
Sarjapur Road,12.9021,77.685,East,Apartment,3,1440,12150,7355,8100,9272,10614,12150,13,No,4.6,12,41.3
Richmond Town,12.9638,77.6031,Central,Villa,3,1860,15300,11968,12542,13401,14319,15300,6.66,Yes,10.3,2.7,37.1
Kengeri,12.9167,77.4881,West,Builder Floor,3,2050,5850,4576,4795,5124,5475,5850,6.01,Yes,20,8.5,43.1
Hulimavu,12.891,77.6124,South,Apartment,3,1350,7200,5206,5539,6045,6597,7200,10.29,No,7.6,8.2,43.6
Electronic City,12.85,77.6646,South,Builder Floor,2,900,6700,4159,4558,5183,5893,6700,13.89,No,0.8,16.6,52.5
Kanakapura Road,12.8621,77.5873,South,Builder Floor,2,1180,8350,5761,6185,6836,7555,8350,9.62,Yes,8,7.3,45.8
Gottigere,12.8694,77.5942,South,Builder Floor,3,2040,6350,4680,4961,5386,5848,6350,9.8,No,9.1,9,44.6
Gottigere,12.8697,77.5985,South,Apartment,3,1600,7150,5270,5586,6065,6585,7150,9.72,No,9.7,9.6,49.1
Bannerghatta Road,12.8796,77.6015,South,Builder Floor,3,1510,8900,5571,6095,6915,7845,8900,11.94,No,9,5.9,39.6
Sarjapur Road,12.9043,77.687,East,Apartment,3,1680,11700,7083,7800,8929,10221,11700,15.5,No,4.3,12.6,44.4
Hoodi,12.9849,77.7169,East,Apartment,3,1590,9900,6415,6972,7836,8808,9900,11.88,Yes,3.9,11.9,40.7
Hoodi,12.9787,77.7128,East,Apartment,2,890,10050,6512,7077,7955,8941,10050,10.9,Yes,4.1,11.6,39.5
Bannerghatta Road,12.8808,77.6002,South,Builder Floor,2,1150,10250,6416,7020,7964,9035,10250,11.97,No,8,7.1,46.4
Thanisandra,13.0572,77.6276,North,Builder Floor,2,980,9250,5840,6379,7220,8172,9250,13.34,No,11,7,19.1
Indiranagar,12.9774,77.6427,East,Apartment,3,1770,20250,13595,14674,16337,18189,20250,10.31,Yes,7.4,3.9,32.8
JP Nagar,12.9067,77.5854,South,Builder Floor,2,1030,9600,6940,7384,8059,8796,9600,9.08,Yes,9.5,6.8,39.8
Anjanapura,12.8525,77.5675,South,Apartment,2,850,6100,4676,4919,5285,5678,6100,6.81,No,11.4,10.9,46
Bellandur,12.9217,77.6759,East,Apartment,3,1810,13100,7800,8618,9909,11393,13100,12.92,No,3.9,11.8,42.1
Sarjapur Road,12.9037,77.6885,East,Apartment,2,960,11350,6871,7567,8662,9915,11350,13.84,No,4.6,12.1,42.2
Sarjapur Road,12.9,77.6886,East,Apartment,2,1250,11800,7143,7867,9005,10308,11800,12.98,No,4.8,12.8,41.2
Bannerghatta Road,12.8829,77.5966,South,Apartment,2,1210,9150,5728,6267,7110,8066,9150,11.46,No,7.6,6.7,43.9
Hoodi,12.9847,77.7172,East,Apartment,3,1690,10600,6869,7465,8391,9431,10600,10.55,Yes,4,10.8,41.4
Malleshwaram,12.9989,77.5719,North,Apartment,2,1170,13100,11913,12130,12445,12768,13100,2.64,Yes,12.7,3.7,28
Hebbal,13.0386,77.597,North,Apartment,4,2320,15150,10172,10979,12223,13608,15150,12.79,No,10.9,8.5,18.5
ITPL,12.9892,77.7301,East,Apartment,2,1350,11350,7228,7882,8901,10051,11350,11.98,No,1.4,14.2,39
Frazer Town,12.9817,77.6124,Central,Builder Floor,3,1840,12050,10031,10387,10914,11468,12050,5.03,No,10,4,38.8
Banashankari,12.9282,77.5507,South,Apartment,3,1470,8100,6336,6640,7095,7581,8100,6.64,Yes,10.4,4.8,36.3
Marathahalli,12.9594,77.6972,East,Apartment,2,1220,9400,5935,6483,7338,8305,9400,15.16,No,3.3,9.6,39
Kengeri,12.9165,77.4824,West,Builder Floor,3,1750,6050,4732,4959,5299,5662,6050,6.56,Yes,19.2,9.2,43.6
Rajajinagar,12.9938,77.5563,West,Builder Floor,3,1420,13000,10378,10833,11512,12233,13000,5.44,Yes,12.8,4.4,31.8
Whitefield,12.9707,77.7469,East,Apartment,3,1410,15100,6552,7705,9642,12066,15100,25.36,Yes,1.8,15.2,41.7
Kengeri,12.9106,77.485,West,Builder Floor,1,560,5500,4302,4508,4817,5147,5500,7.3,Yes,21,9.6,40.4
Jayanagar,12.9282,77.5918,South,Apartment,1,640,14200,9979,10676,11741,12912,14200,8.98,Yes,9.9,3.7,35.6
Sarjapur Road,12.8973,77.6855,East,Apartment,2,1220,12250,7415,8166,9348,10701,12250,16.25,No,4.5,12,47.1
Indiranagar,12.9784,77.6385,East,Villa,3,1410,17950,12052,13008,14482,16123,17950,10.09,Yes,6.8,4.2,37
Devanahalli,13.242,77.7106,North,Apartment,2,1070,9400,5054,5697,6732,7955,9400,15.97,No,27.4,8.6,7.4
Electronic City,12.8446,77.6559,South,Villa,2,920,7600,4717,5170,5878,6684,7600,15.66,No,0.7,18.5,60.1
Hoodi,12.9822,77.7157,East,Apartment,2,920,11150,7225,7852,8826,9920,11150,13.33,Yes,3.9,12.7,38.4
Manyata Tech Park,13.0491,77.6212,North,Builder Floor,2,990,11150,7354,7965,8910,9967,11150,12.95,No,0.5,7.2,20.2
Devanahalli,13.2514,77.719,North,Apartment,2,1280,8700,4677,5272,6230,7362,8700,20.31,No,31.4,7.8,8.3
MG Road,12.9737,77.6032,Central,Villa,2,860,15250,12429,12923,13656,14431,15250,5.51,Yes,12.3,3,36.1
Whitefield,12.9659,77.748,East,Builder Floor,2,1190,14950,6486,7628,9546,11946,14950,22.94,Yes,1.8,13.8,40.4
Kengeri,12.9199,77.488,West,Apartment,2,960,5700,4458,4672,4992,5334,5700,7.56,Yes,19.6,9.4,45.5
JP Nagar,12.91,77.5868,South,Builder Floor,2,1140,8900,6434,6846,7472,8155,8900,7.83,Yes,9.4,7.1,42.1
ITPL,12.9844,77.7247,East,Apartment,3,1990,10400,6624,7223,8156,9210,10400,11.69,No,1.4,13,39.5
Malleshwaram,13.0001,77.5716,North,Villa,2,1350,14200,12912,13147,13489,13840,14200,2.81,Yes,13.4,3.7,27
Koramangala,12.9317,77.6215,South,Apartment,3,1840,20500,12832,14040,15928,18070,20500,12.38,No,5.4,4.9,39.4
Bannerghatta Road,12.878,77.5953,South,Apartment,3,2090,9750,6103,6677,7575,8594,9750,13.24,No,7.5,6.3,45.3
Richmond Town,12.958,77.6042,Central,Builder Floor,3,1480,13550,10599,11107,11868,12681,13550,7.88,Yes,12,3,35.3
Hulimavu,12.8995,77.6174,South,Apartment,3,1520,7750,5603,5961,6506,7101,7750,8.91,No,7.9,7.7,42.2
Varthur,12.9469,77.7499,East,Apartment,2,1070,7850,5177,5607,6273,7017,7850,12.4,No,3.7,12.9,42.4
Bellandur,12.9258,77.678,East,Apartment,2,1320,13500,8039,8882,10212,11741,13500,14.47,No,3.8,11.8,42.5
KR Puram,13.0055,77.7015,East,Apartment,3,2110,8950,4705,5327,6333,7529,8950,19.44,Yes,6.2,6.3,35.6
Gottigere,12.8708,77.598,South,Apartment,1,600,6350,4680,4961,5386,5848,6350,7.71,No,9.2,8.2,48
HSR Layout,12.9142,77.6368,South,Apartment,3,1710,13700,7962,8839,10229,11838,13700,17.34,No,6.3,8,41.6
Jayanagar,12.924,77.5892,South,Apartment,3,2120,14750,10366,11090,12196,13412,14750,8.53,Yes,8.7,3.8,37.1
Kengeri,12.9111,77.4838,West,Apartment,2,1250,5650,4420,4632,4949,5288,5650,6.64,Yes,18.5,8.2,45.8
Malleshwaram,13.0029,77.5734,North,Apartment,3,1650,13650,12413,12639,12967,13304,13650,2.41,Yes,15,3.8,27.5
Nagarbhavi,12.9671,77.4998,West,Apartment,2,1230,6450,5257,5466,5776,6104,6450,5.3,No,18.5,7.3,40.1
Richmond Town,12.9645,77.6057,Central,Apartment,2,1260,13500,10559,11066,11824,12634,13500,6.01,Yes,11,2.8,34.8
KR Puram,13.0059,77.6963,East,Apartment,2,1320,9700,5100,5774,6864,8160,9700,19.42,Yes,6.5,6.3,31.6
Koramangala,12.9325,77.6229,South,Villa,3,1550,21900,13710,15000,17017,19305,21900,14.31,No,4.8,5.4,37.6
Indiranagar,12.9831,77.6427,East,Villa,2,1030,20000,13427,14492,16135,17964,20000,11.41,Yes,6.9,4.4,34
Richmond Town,12.9674,77.6029,Central,Villa,2,1280,15050,11772,12337,13182,14085,15050,6.76,Yes,12.5,2.9,35.1
Kanakapura Road,12.86,77.5818,South,Villa,3,1440,8050,5555,5964,6591,7284,8050,10.57,Yes,7.7,8.7,47
Malleshwaram,13.0029,77.5693,North,Villa,3,1630,12700,11548,11758,12064,12378,12700,2.65,Yes,14.7,3.7,30.1
Whitefield,12.9696,77.7473,East,Apartment,3,1740,15000,6508,7653,9578,11986,15000,27.11,Yes,2.1,15.7,38.2
Sarjapur Road,12.8998,77.6872,East,Apartment,3,1460,11550,6992,7700,8814,10090,11550,15.44,No,4.7,11.2,47.4
Electronic City,12.8426,77.6628,South,Builder Floor,2,1280,7400,4593,5034,5724,6508,7400,15.13,No,0.8,19.8,52.8
HSR Layout,12.9129,77.6408,South,Villa,2,1090,13850,8049,8935,10341,11968,13850,17.58,No,5.2,7.6,39.3
Hennur,13.0426,77.6419,North,Apartment,3,1740,8450,5673,6123,6817,7590,8450,11.61,No,11.3,7.7,23.8
Whitefield,12.9672,77.7522,East,Apartment,3,1450,13700,5943,6989,8747,10947,13700,27.98,Yes,1.9,15.1,42
Thanisandra,13.0656,77.6296,North,Apartment,2,1340,9450,5966,6517,7376,8349,9450,15.01,No,11.8,7,18
Hennur,13.0358,77.6412,North,Builder Floor,3,1660,8350,5606,6051,6737,7500,8350,11.67,No,12.1,7.5,22.7
Banashankari,12.9344,77.5566,South,Apartment,1,490,8000,6258,6558,7007,7487,8000,7.73,Yes,10.7,5.1,34.9
Nagarbhavi,12.9622,77.5056,West,Apartment,3,1690,6050,4931,5127,5418,5725,6050,5.45,No,17.3,7.5,42.2
Whitefield,12.9735,77.7544,East,Apartment,3,1640,14350,6226,7322,9163,11467,14350,27.06,Yes,1.9,13.9,43.3
Richmond Town,12.9595,77.6038,Central,Builder Floor,2,1340,14350,11225,11763,12569,13430,14350,7.05,Yes,10.3,2.7,37.4
Koramangala,12.9335,77.6294,South,Apartment,3,1750,22650,14180,15514,17600,19966,22650,13.64,No,4.6,5.2,34.4
Banashankari,12.9304,77.55,South,Apartment,2,1270,9100,7118,7459,7970,8516,9100,7.88,Yes,10.3,5.5,36.4
Hennur,13.0425,77.6418,North,Builder Floor,3,1980,9100,6110,6595,7342,8174,9100,10.75,No,11.5,7.7,21.4
Bellandur,12.9226,77.6811,East,Builder Floor,3,1580,12400,7384,8158,9380,10785,12400,16.78,No,3.5,11.2,41.8
ITPL,12.9874,77.7242,East,Builder Floor,3,1460,11800,7514,8194,9253,10449,11800,11.84,No,1.6,12.8,36.2
Anjanapura,12.8566,77.5687,South,Apartment,1,620,6400,4906,5161,5545,5957,6400,6.94,No,13.1,9.3,44.3
Rajarajeshwari Nagar,12.9205,77.5094,West,Builder Floor,3,1640,7100,5389,5680,6119,6591,7100,6.96,Yes,13.9,8,44.6
Hulimavu,12.8922,77.6167,South,Builder Floor,2,1140,7050,5097,5423,5919,6460,7050,9.37,No,8.2,8.3,46.8
Rajarajeshwari Nagar,12.924,77.511,West,Apartment,1,510,6950,5276,5561,5990,6452,6950,6.78,Yes,14.5,8.3,40.8
Yelahanka,13.0959,77.5989,North,Apartment,1,670,9850,5634,6274,7292,8475,9850,16.73,No,21.8,5.6,11.7
JP Nagar,12.9103,77.581,South,Apartment,2,940,8850,6399,6808,7430,8109,8850,8.76,Yes,9.1,7.1,36.3
Bellandur,12.9284,77.6793,East,Apartment,3,1670,13350,7950,8783,10098,11611,13350,15.65,No,3.4,11,44.4
KR Puram,13.0033,77.6933,East,Apartment,2,1200,9350,4915,5565,6616,7865,9350,21.39,Yes,6.6,7.5,38
Hebbal,13.0367,77.5944,North,Apartment,3,2050,16550,11111,11993,13352,14865,16550,9.64,No,9.4,8.1,17.1
Bannerghatta Road,12.8764,77.594,South,Apartment,3,1330,10250,6416,7020,7964,9035,10250,13.68,No,8.2,5.9,39.8
Richmond Town,12.9659,77.6006,Central,Villa,4,3220,13450,10519,11024,11780,12587,13450,5.91,Yes,11.3,3,32.3
Nagarbhavi,12.9613,77.4992,West,Builder Floor,2,1170,6000,4891,5085,5373,5678,6000,6.24,No,18,6.7,39.6
Anjanapura,12.8598,77.5674,South,Builder Floor,1,610,6050,4637,4878,5241,5631,6050,6.4,No,11.3,10.4,51.1
Hebbal,13.0395,77.6012,North,Apartment,3,1660,16250,10909,11775,13110,14596,16250,12.45,No,11,8,19.2
Thanisandra,13.0636,77.6277,North,Apartment,1,640,9050,5715,6242,7065,7996,9050,13.43,No,11.9,7.4,19.4
Indiranagar,12.9819,77.6362,East,Apartment,2,1340,19450,13059,14095,15692,17470,19450,12.15,Yes,6.7,3.8,37.9
Richmond Town,12.9602,77.6063,Central,Builder Floor,2,860,14350,11225,11763,12569,13430,14350,7.49,Yes,11.8,2.9,32.7
Hennur,13.0395,77.6348,North,Apartment,1,580,8450,5673,6123,6817,7590,8450,11.96,No,12.1,8.1,20.3
JP Nagar,12.9117,77.588,South,Apartment,2,950,9850,7121,7577,8269,9025,9850,9.97,Yes,8.2,6.2,43.4
Jayanagar,12.9254,77.5983,South,Apartment,4,3330,16550,11631,12443,13684,15049,16550,10.26,Yes,10.4,3.8,38.9
Jayanagar,12.9201,77.596,South,Villa,3,1530,15550,10929,11692,12858,14140,15550,8.83,Yes,9.3,3.8,37.8
HSR Layout,12.9075,77.6376,South,Villa,2,900,14250,8281,9193,10639,12313,14250,14.6,No,5.4,8.1,40
Thanisandra,13.0612,77.6288,North,Apartment,2,1030,10000,6314,6897,7806,8835,10000,11.59,No,10.8,6.6,18.1
Rajarajeshwari Nagar,12.9211,77.508,West,Villa,3,2140,7600,5768,6080,6549,7055,7600,8.22,Yes,16.2,9.3,38.8
Electronic City,12.845,77.6604,South,Builder Floor,3,1790,7350,4562,5000,5685,6464,7350,13.62,No,0.8,18.6,54
ITPL,12.9885,77.7257,East,Apartment,2,1320,10350,6591,7187,8116,9165,10350,13.89,No,1.4,13.2,35.8
Yelahanka,13.1021,77.5922,North,Apartment,1,520,9600,5491,6115,7107,8260,9600,15.91,No,21.8,5.1,12
Rajajinagar,12.9894,77.5528,West,Apartment,2,1010,12850,10258,10708,11379,12092,12850,6.92,Yes,11.8,3.8,28
Gottigere,12.8719,77.5998,South,Villa,1,620,6600,4865,5157,5599,6079,6600,7.47,No,10.5,9.1,43.9
Gottigere,12.8731,77.5981,South,Apartment,2,1260,6500,4790,5078,5514,5987,6500,9.29,No,9.6,9,50.5
Banashankari,12.9356,77.556,South,Apartment,2,1120,8600,6726,7049,7532,8048,8600,6.21,Yes,10.9,5,38.2
Thanisandra,13.0641,77.6275,North,Apartment,1,660,9900,6251,6828,7728,8747,9900,14.67,No,10.9,6.4,19.5
ITPL,12.9816,77.7282,East,Apartment,3,1450,10350,6591,7187,8116,9165,10350,11.85,No,1.4,12.4,40.5
Hulimavu,12.8994,77.6163,South,Apartment,2,1110,7600,5495,5847,6381,6964,7600,9.95,No,8.1,7.4,48.1
Rajarajeshwari Nagar,12.9256,77.5117,West,Builder Floor,2,1200,7800,5920,6240,6722,7241,7800,7.14,Yes,15.6,8.6,41.6
Kanakapura Road,12.8653,77.5812,South,Apartment,2,1210,8850,6106,6556,7246,8008,8850,8.96,Yes,7.4,8.3,46.4
Koramangala,12.9313,77.625,South,Apartment,4,3080,23700,14837,16233,18415,20891,23700,11.89,No,5.3,4.9,38.9
Electronic City,12.8465,77.6648,South,Apartment,2,1240,7400,4593,5034,5724,6508,7400,13.8,No,0.8,16.4,59.5
Hulimavu,12.893,77.6089,South,Villa,1,470,6750,4880,5192,5667,6185,6750,8.72,No,7.5,8.3,47.6
Hebbal,13.0355,77.5964,North,Apartment,2,1100,16450,11044,11920,13271,14775,16450,11.96,No,9.9,7.6,18.3
Richmond Town,12.9643,77.6002,Central,Apartment,2,1140,15500,12123,12705,13576,14506,15500,7.28,Yes,12,3.1,36.8
Frazer Town,12.9827,77.614,Central,Apartment,2,1150,12900,10739,11120,11684,12277,12900,5.07,No,10,4.1,32.8
Malleshwaram,13.0017,77.5705,North,Apartment,1,620,14250,12958,13194,13537,13889,14250,2.37,Yes,14.1,3.6,28.2
Rajarajeshwari Nagar,12.9242,77.5116,West,Builder Floor,3,1390,7050,5351,5640,6076,6545,7050,6.82,Yes,15.1,8.3,41.6
Rajarajeshwari Nagar,12.9228,77.5108,West,Builder Floor,3,1470,7300,5541,5840,6291,6777,7300,7.56,Yes,15.1,8.8,41.2
Varthur,12.9425,77.7518,East,Apartment,1,530,7500,4946,5357,5993,6704,7500,10.53,No,3.7,14.3,44.8
Bellandur,12.9288,77.6775,East,Builder Floor,3,2080,13900,8276,9144,10514,12089,13900,16.25,No,3.4,10.3,44.6
Hulimavu,12.8966,77.6086,South,Builder Floor,1,630,7100,5133,5461,5960,6505,7100,8.22,No,7.9,8.7,41.2
Hennur,13.0431,77.6359,North,Apartment,1,580,8450,5673,6123,6817,7590,8450,9.67,No,11.4,8.1,23.1
Banashankari,12.9283,77.5581,South,Apartment,2,1270,7850,6140,6435,6876,7347,7850,6.22,Yes,11,4.6,40.7
Banashankari,12.9274,77.55,South,Apartment,2,1060,8800,6884,7214,7708,8236,8800,6.32,Yes,10.3,5.5,37.5
KR Puram,13.011,77.7019,East,Apartment,3,1780,9100,4784,5416,6439,7655,9100,18.37,Yes,7,6.3,38
Anjanapura,12.8588,77.5665,South,Apartment,3,1380,6000,4600,4839,5199,5585,6000,8.38,No,11,9.7,45.5
Jayanagar,12.9276,77.5897,South,Apartment,4,2640,15000,10542,11278,12403,13640,15000,9.94,Yes,8.6,3.6,40.5
Kengeri,12.916,77.4888,West,Apartment,2,1050,5650,4420,4632,4949,5288,5650,5.88,Yes,20.9,9.1,42.3
Kengeri,12.9117,77.4828,West,Apartment,2,1240,5450,4263,4467,4773,5100,5450,5.99,Yes,21.1,9.5,45.4
Marathahalli,12.9589,77.703,East,Builder Floor,1,590,9200,5808,6344,7181,8128,9200,11.55,No,3,10.5,37.7
Manyata Tech Park,13.0502,77.6213,North,Apartment,1,480,11500,7584,8214,9189,10280,11500,10.3,No,0.5,7.9,20.5
Sarjapur Road,12.8985,77.6824,East,Villa,2,1060,12650,7658,8434,9654,11051,12650,14.92,No,4.4,12.1,39.9
ITPL,12.9826,77.7237,East,Villa,2,1080,11850,7546,8229,9293,10494,11850,14,No,1.6,13.6,36.2
Nagarbhavi,12.96,77.4975,West,Builder Floor,1,670,5850,4769,4958,5239,5536,5850,6.34,No,17,6.7,39.5
Kengeri,12.9127,77.4858,West,Apartment,2,1250,6100,4771,5000,5343,5709,6100,7.42,Yes,18.9,9,44.8
Rajajinagar,12.9909,77.5516,West,Builder Floor,4,2040,13600,10857,11333,12043,12798,13600,6.56,Yes,11.5,4.2,33
Yelahanka,13.1011,77.5971,North,Apartment,3,1430,11050,6320,7038,8180,9507,11050,18.13,No,21.9,5.5,11.3
Yelahanka,13.1025,77.6003,North,Builder Floor,2,1250,11150,6378,7102,8254,9593,11150,15.28,No,22.3,5,12.1
Hulimavu,12.8929,77.6101,South,Apartment,1,500,7100,5133,5461,5960,6505,7100,8.99,No,7.1,7.9,42.3
Banashankari,12.9318,77.5495,South,Apartment,3,1780,8600,6726,7049,7532,8048,8600,7.18,Yes,11.5,5.1,40.6
Hoodi,12.9797,77.7197,East,Apartment,2,1090,10350,6706,7288,8192,9208,10350,11.12,Yes,3.9,12.1,40.4
MG Road,12.9725,77.5966,Central,Apartment,3,2180,15000,12227,12712,13433,14195,15000,6.48,Yes,13,3.1,37.5
JP Nagar,12.9083,77.5842,South,Villa,1,530,9100,6579,7000,7640,8338,9100,9.79,Yes,8.3,7.1,44
Thanisandra,13.0616,77.6317,North,Apartment,2,1240,9550,6030,6587,7455,8438,9550,12.39,No,12.9,7.1,21.6
Hoodi,12.9818,77.72,East,Apartment,4,2180,10150,6577,7148,8034,9030,10150,10.66,Yes,4.3,12.4,35.8
Rajajinagar,12.9867,77.551,West,Apartment,3,2140,13150,10498,10958,11645,12375,13150,6.32,Yes,13.2,4.2,28.8
Marathahalli,12.9572,77.7037,East,Apartment,2,1240,8850,5587,6103,6908,7819,8850,12.51,No,3.1,10.2,40.6
Manyata Tech Park,13.0483,77.6197,North,Apartment,3,1520,11600,7650,8286,9269,10369,11600,11.47,No,0.5,7.2,19.5
Frazer Town,12.9796,77.6185,Central,Apartment,2,1090,12600,10490,10862,11413,11992,12600,4.42,No,9.9,3.6,35.9
Kengeri,12.9115,77.4854,West,Apartment,2,1200,5700,4458,4672,4992,5334,5700,6.09,Yes,19.8,8.3,41
RT Nagar,13.0173,77.5887,North,Apartment,2,1010,7550,6353,6565,6878,7206,7550,4.26,No,13.4,5,24
Banashankari,12.9273,77.5509,South,Apartment,2,1300,8100,6336,6640,7095,7581,8100,7.75,Yes,9.7,4.6,35.8
ITPL,12.987,77.7315,East,Apartment,1,600,11000,7005,7639,8626,9741,11000,11.59,No,1.6,12.2,38.4
Thanisandra,13.0597,77.6302,North,Apartment,3,1760,9400,5935,6483,7338,8305,9400,12.5,No,12.5,7.3,18.4
Rajajinagar,12.9869,77.5529,West,Apartment,4,3450,12450,9939,10375,11025,11716,12450,5.86,Yes,11.7,4.3,31.9
MG Road,12.9779,77.6053,Central,Apartment,3,2020,15350,12511,13008,13746,14526,15350,5.71,Yes,11.8,3,34.9
Yelahanka,13.0991,77.5988,North,Apartment,3,1710,11100,6349,7070,8217,9550,11100,18.12,No,21.8,4.7,12.2
Whitefield,12.9664,77.7506,East,Villa,2,1080,13800,5987,7041,8811,11027,13800,28.62,Yes,2.1,14.2,41.6
Hebbal,13.0305,77.6014,North,Villa,3,1630,15550,10440,11268,12545,13967,15550,10.94,No,9.2,8.3,17.8
Indiranagar,12.9768,77.6442,East,Villa,3,1430,19400,13025,14058,15651,17425,19400,11.51,Yes,6.6,4.2,35.6
Anjanapura,12.8576,77.5692,South,Apartment,2,1090,5950,4561,4798,5155,5538,5950,8.12,No,11.9,10.7,49
Marathahalli,12.9548,77.7053,East,Apartment,3,1470,9600,6062,6621,7494,8482,9600,12.38,No,2.9,10.5,43.8
Anjanapura,12.8572,77.5645,South,Builder Floor,2,1170,6050,4637,4878,5241,5631,6050,8.3,No,11.3,10.9,48
Malleshwaram,12.9996,77.5676,North,Apartment,3,2110,13500,12277,12500,12825,13158,13500,2.64,Yes,13.4,3.4,25.6
MG Road,12.9752,77.6021,Central,Villa,3,1620,15800,12879,13390,14149,14952,15800,5.02,Yes,11.2,2.8,35.1
HSR Layout,12.9123,77.6392,South,Builder Floor,4,2820,13000,7555,8387,9706,11233,13000,14.66,No,5.8,8.5,44.7
Sarjapur Road,12.8989,77.6874,East,Builder Floor,2,1100,12600,7627,8400,9616,11007,12600,14.63,No,4.3,12.6,40.7
RT Nagar,13.0192,77.5908,North,Builder Floor,1,670,6900,5806,6000,6286,6586,6900,5.33,No,12.1,5.6,27.3
Nagarbhavi,12.9669,77.5004,West,Apartment,1,460,6500,5299,5509,5821,6151,6500,5.61,No,18.3,7.5,41.5
Electronic City,12.8486,77.661,South,Apartment,1,610,7350,4562,5000,5685,6464,7350,12.71,No,0.8,19,53
Marathahalli,12.961,77.703,East,Apartment,2,990,9900,6251,6828,7728,8747,9900,14.08,No,2.9,10.8,37.5
Electronic City,12.844,77.6575,South,Apartment,2,1150,7500,4655,5102,5801,6596,7500,13.85,No,0.8,16.8,52.3
Gottigere,12.8705,77.5947,South,Apartment,2,1290,7350,5417,5742,6234,6769,7350,9.84,No,10.9,8.4,43.5
Hebbal,13.0337,77.6008,North,Apartment,2,1020,15100,10138,10942,12182,13563,15100,12.6,No,10.5,7.9,18
Rajajinagar,12.9881,77.5509,West,Builder Floor,3,1560,14150,11297,11792,12531,13316,14150,6.56,Yes,11.4,3.7,28.6
Hennur,13.0435,77.6389,North,Apartment,2,1130,8450,5673,6123,6817,7590,8450,9.79,No,12,7.5,20.6
Bellandur,12.9233,77.6804,East,Apartment,3,2080,13400,7979,8816,10136,11654,13400,16.81,No,3.7,11.4,44.3
Bannerghatta Road,12.8822,77.5967,South,Apartment,1,680,9700,6072,6644,7537,8550,9700,13.46,No,8.6,6.5,45.7
Yelahanka,13.0974,77.5941,North,Builder Floor,3,1360,10050,5748,6401,7440,8647,10050,15.06,No,20,5,13.2
JP Nagar,12.9129,77.5832,South,Apartment,3,1830,10050,7265,7730,8437,9208,10050,10.05,Yes,9.9,6.1,40
Hoodi,12.985,77.7155,East,Apartment,3,2180,9800,6350,6901,7757,8719,9800,13.71,Yes,3.6,12.6,38.1
Hebbal,13.0373,77.6006,North,Apartment,3,1400,15800,10607,11449,12747,14192,15800,10.05,No,9.2,7.9,19.2
RT Nagar,13.0189,77.5866,North,Apartment,2,1120,7200,6058,6260,6559,6872,7200,4.92,No,14.3,5.6,26.5
Hennur,13.0423,77.6436,North,Apartment,3,2040,8600,5775,6233,6939,7725,8600,11.33,No,11.4,7.3,19.9
ITPL,12.9825,77.7268,East,Apartment,2,890,10450,6655,7257,8195,9254,10450,14.21,No,1.5,13.6,41.4
Rajajinagar,12.9917,77.5534,West,Villa,3,1970,13800,11016,11499,12220,12986,13800,6.51,Yes,13.4,4.3,32.8
Varthur,12.9436,77.7449,East,Apartment,1,690,7700,5078,5500,6153,6883,7700,10.44,No,3.6,12.3,40.8
Indiranagar,12.981,77.6456,East,Villa,3,1970,20000,13427,14492,16135,17964,20000,12.47,Yes,6.5,4.6,35.2
Kanakapura Road,12.8656,77.5822,South,Apartment,2,1180,8350,5761,6185,6836,7555,8350,9.39,Yes,7.2,8.5,49.5
Whitefield,12.966,77.7542,East,Apartment,2,1090,13200,5727,6735,8429,10548,13200,26.6,Yes,2.2,13.4,38
KR Puram,13.0049,77.7022,East,Apartment,3,2140,10050,5284,5982,7111,8454,10050,19.78,Yes,7.1,6.6,35.2
Varthur,12.9514,77.7467,East,Apartment,2,910,7650,5045,5464,6113,6838,7650,10.27,No,3.5,13.3,40.7
Malleshwaram,12.9997,77.5673,North,Apartment,4,2440,12950,11776,11990,12302,12622,12950,2.54,Yes,12.6,3.4,26.1
Thanisandra,13.0645,77.6225,North,Apartment,1,530,9200,5808,6344,7181,8128,9200,11.43,No,11.9,7.3,18.2
Frazer Town,12.9765,77.6175,Central,Apartment,2,930,12800,10656,11034,11594,12182,12800,5.8,No,11.2,3.9,36.2
Indiranagar,12.9792,77.6438,East,Apartment,3,1820,19800,13293,14348,15974,17784,19800,12.97,Yes,7.3,4,38.3
Rajarajeshwari Nagar,12.9269,77.5083,West,Villa,2,1150,7750,5881,6199,6678,7194,7750,6.61,Yes,15.4,8.6,40.7
Koramangala,12.9394,77.6274,South,Apartment,3,2000,20800,13022,14247,16162,18335,20800,14.2,No,4.8,4.8,39.3
Hennur,13.0434,77.6368,North,Apartment,3,1490,9050,6076,6558,7301,8129,9050,10.71,No,10.5,6.9,21.8
Indiranagar,12.9817,77.642,East,Apartment,3,1710,20300,13629,14710,16377,18233,20300,11.5,Yes,7.1,4.1,34.5
Bellandur,12.9297,77.6797,East,Apartment,2,1300,13150,7830,8651,9947,11437,13150,16.26,No,4,11,40.9
Varthur,12.9449,77.7524,East,Apartment,1,660,7900,5210,5643,6313,7062,7900,10.39,No,3.2,12.8,42.6
Indiranagar,12.9779,77.6457,East,Villa,4,2640,20750,13932,15037,16741,18638,20750,11.26,Yes,7.2,4.6,35
RT Nagar,13.0248,77.5907,North,Builder Floor,2,1200,7000,5890,6087,6377,6681,7000,5.16,No,11.8,5.3,25.1
HSR Layout,12.9076,77.6397,South,Villa,3,1580,13200,7671,8516,9856,11406,13200,16.06,No,5.5,7.3,42.8
Hoodi,12.9832,77.7212,East,Apartment,2,960,9650,6252,6795,7638,8585,9650,10.71,Yes,4.2,11.9,36
Hebbal,13.0341,77.5985,North,Apartment,2,1160,14750,9902,10688,11899,13248,14750,12.31,No,9.5,8.7,19.4
Sarjapur Road,12.8989,77.6865,East,Villa,3,2010,12250,7415,8166,9348,10701,12250,16.38,No,4.9,12.6,44.4
Rajarajeshwari Nagar,12.9249,77.5028,West,Apartment,2,1120,7900,5996,6320,6808,7334,7900,6.82,Yes,15.6,8.3,45.4
Whitefield,12.973,77.7531,East,Apartment,2,950,14600,6334,7449,9322,11666,14600,26.66,Yes,1.8,15.7,43.2
Yelahanka,13.1012,77.5966,North,Apartment,3,1750,11250,6434,7165,8328,9679,11250,16.59,No,22.8,5.6,11.4
Varthur,12.9448,77.7433,East,Builder Floor,2,880,7200,4748,5143,5753,6436,7200,10.79,No,3.7,14,47
Frazer Town,12.9779,77.6165,Central,Apartment,3,1670,12750,10615,10992,11549,12135,12750,4.59,No,9.9,3.5,32.2
Varthur,12.9445,77.7507,East,Builder Floor,3,1690,7500,4946,5357,5993,6704,7500,11.23,No,3.6,13.8,39.3
Bellandur,12.9294,77.6747,East,Apartment,2,1320,12550,7473,8256,9493,10915,12550,12.96,No,3.4,12.1,47.1
Nagarbhavi,12.9641,77.5074,West,Apartment,2,1080,6050,4931,5127,5418,5725,6050,6.38,No,17.6,7.4,44.8
Electronic City,12.8496,77.6651,South,Apartment,3,2090,7600,4717,5170,5878,6684,7600,14.26,No,0.8,17.2,49.8
Yelahanka,13.0967,77.5914,North,Apartment,3,2030,9950,5692,6338,7366,8561,9950,18.46,No,23.9,5.3,13
Kengeri,12.9156,77.4805,West,Apartment,1,620,5500,4302,4508,4817,5147,5500,6.77,Yes,21.4,9.5,43.6
Frazer Town,12.9824,77.6141,Central,Apartment,4,2390,12250,10198,10560,11096,11659,12250,4.7,No,9.5,3.5,33.3
Varthur,12.9429,77.7454,East,Apartment,3,1850,7850,5177,5607,6273,7017,7850,12.8,No,3.8,12.1,46.5
Banashankari,12.9276,77.5518,South,Apartment,3,1490,8100,6336,6640,7095,7581,8100,5.93,Yes,11.5,4.8,35.8
Frazer Town,12.9776,77.61,Central,Apartment,3,1680,12450,10365,10733,11277,11849,12450,5.68,No,11.3,3.6,36.8
Koramangala,12.939,77.6211,South,Apartment,4,2440,20350,12739,13938,15812,17938,20350,13.83,No,5,4.8,36.3
Whitefield,12.973,77.7459,East,Apartment,3,1360,14500,6291,7398,9258,11586,14500,22.2,Yes,2,15.9,42.9
Whitefield,12.9694,77.7547,East,Apartment,3,1820,14050,6095,7168,8971,11227,14050,25.67,Yes,2,14,42.4
Kengeri,12.9179,77.4815,West,Apartment,3,1640,5600,4380,4590,4905,5241,5600,6.55,Yes,21.7,9.8,44.2
Bannerghatta Road,12.8778,77.5996,South,Villa,2,1090,8950,5603,6130,6954,7889,8950,13.34,No,7.8,7.1,46.3
Marathahalli,12.9639,77.6999,East,Apartment,1,580,8500,5367,5862,6635,7510,8500,14.84,No,2.8,10.7,41.7
Thanisandra,13.0565,77.6259,North,Apartment,3,1750,10150,6409,7000,7923,8968,10150,13.51,No,11.6,7.4,21.8
Yelahanka,13.0958,77.6003,North,Apartment,3,1930,10950,6263,6974,8106,9421,10950,17.3,No,22.2,5.5,12.4
HSR Layout,12.9087,77.636,South,Builder Floor,1,560,13750,7991,8871,10266,11881,13750,15.32,No,5.2,7.8,39.6
Hoodi,12.9882,77.7121,East,Builder Floor,2,1340,9800,6350,6901,7757,8719,9800,11.29,Yes,3.8,12,38.6
Richmond Town,12.9628,77.6025,Central,Apartment,3,1340,15550,12163,12746,13620,14553,15550,7.74,Yes,11.3,3,33.4
Bannerghatta Road,12.8834,77.5998,South,Apartment,2,1260,9200,5760,6302,7149,8110,9200,13.73,No,8.5,6.7,40
MG Road,12.977,77.6039,Central,Apartment,3,2040,15050,12268,12755,13478,14242,15050,5.68,Yes,12.9,3.1,34.7
Hoodi,12.9863,77.7182,East,Apartment,3,1650,9950,6447,7007,7876,8852,9950,13.67,Yes,4.4,13,41.2
Frazer Town,12.9745,77.6177,Central,Builder Floor,2,1190,11800,9823,10172,10688,11230,11800,4.97,No,10.8,3.8,38.7
Hennur,13.0416,77.6437,North,Apartment,2,870,8900,5975,6449,7180,7994,8900,12.32,No,10.7,8.2,19.9
Rajajinagar,12.9902,77.5493,West,Builder Floor,2,1280,13750,10977,11458,12176,12939,13750,5.53,Yes,12.4,3.9,31.3
Rajajinagar,12.9864,77.5549,West,Apartment,1,650,13200,10539,11001,11690,12422,13200,6.59,Yes,11.4,3.7,29.5
Hoodi,12.9814,77.7162,East,Builder Floor,1,540,9850,6382,6936,7796,8763,9850,13.03,Yes,4.2,11.4,36.6
Anjanapura,12.8544,77.5703,South,Builder Floor,2,920,6250,4791,5040,5415,5818,6250,8.23,No,12.2,9.8,46.8
Nagarbhavi,12.963,77.5046,West,Builder Floor,3,1380,6100,4973,5170,5463,5773,6100,5.39,No,16.8,7.4,45.6
Marathahalli,12.9568,77.6996,East,Apartment,2,1060,8950,5650,6172,6986,7907,8950,14.73,No,3.1,9.8,40.8
Rajarajeshwari Nagar,12.9256,77.5113,West,Villa,1,620,7200,5465,5760,6205,6684,7200,7.88,Yes,15.2,8.1,41.5
Thanisandra,13.0596,77.6279,North,Apartment,2,1010,9050,5715,6242,7065,7996,9050,12.17,No,11.9,7.4,18.9
Malleshwaram,13.008,77.5674,North,Apartment,4,2500,14150,12869,13103,13443,13792,14150,2.39,Yes,13,3.4,28.5
Hennur,13.0438,77.6387,North,Builder Floor,2,1180,7950,5338,5761,6414,7141,7950,10.23,No,10.8,7.4,23.9
Koramangala,12.9356,77.6284,South,Apartment,2,1220,20500,12832,14040,15928,18070,20500,11.69,No,4.6,5.3,40.3
Yelahanka,13.1047,77.5941,North,Apartment,1,650,10000,5720,6370,7403,8604,10000,16.19,No,20,5.4,13.1
Hebbal,13.0376,77.5933,North,Villa,3,1920,15650,10507,11341,12626,14057,15650,9.84,No,10.5,7.5,19.3
Jayanagar,12.9289,77.5969,South,Apartment,3,1660,14200,9979,10676,11741,12912,14200,11.11,Yes,9,4.2,38.5
Rajarajeshwari Nagar,12.9267,77.5083,West,Apartment,1,620,7550,5731,6041,6507,7009,7550,8.44,Yes,15.1,8,37.9
Marathahalli,12.9544,77.6972,East,Builder Floor,2,1050,8600,5430,5931,6713,7598,8600,11.93,No,3.2,10.4,42.9
Thanisandra,13.063,77.6233,North,Villa,2,900,10100,6377,6966,7884,8923,10100,12.58,No,12.4,6.9,21.5
Hebbal,13.0382,77.5989,North,Apartment,3,1530,16350,10977,11848,13191,14686,16350,10.01,No,10.7,7.8,18.1
Hoodi,12.9845,77.7201,East,Villa,2,1070,10750,6965,7570,8509,9564,10750,10.56,Yes,4.2,11.5,36.9
Hennur,13.0374,77.6344,North,Apartment,2,1230,8550,5741,6196,6898,7680,8550,11.85,No,12.5,7.3,19.9
Bellandur,12.926,77.674,East,Builder Floor,3,2190,12450,7413,8190,9417,10828,12450,14.79,No,4,11.4,46.4
Yelahanka,13.1013,77.5954,North,Builder Floor,2,1150,10850,6206,6911,8032,9335,10850,14.75,No,21.3,5.3,13.5
Hulimavu,12.8984,77.608,South,Apartment,2,1110,6850,4951,5268,5750,6276,6850,8.78,No,7.3,7.3,41.8
Koramangala,12.9379,77.6281,South,Villa,3,1600,21400,13396,14657,16628,18864,21400,11.9,No,4.9,5.4,34.2
Hennur,13.0432,77.6372,North,Builder Floor,3,1950,7850,5270,5688,6333,7051,7850,12.55,No,11.5,7.5,20.6
Bannerghatta Road,12.8755,77.594,South,Builder Floor,3,1810,9750,6103,6677,7575,8594,9750,13.2,No,8.6,6.1,42.5
Yelahanka,13.0979,77.5946,North,Apartment,2,1130,9700,5549,6179,7181,8346,9700,13.86,No,20.1,5.5,13.5
Koramangala,12.9356,77.6254,South,Apartment,2,1100,20400,12770,13972,15851,17982,20400,14.24,No,4.7,5.1,36.9
Nagarbhavi,12.9674,77.5024,West,Villa,1,570,6350,5176,5381,5686,6009,6350,4.87,No,17.3,7,45.1
Rajajinagar,12.9882,77.5494,West,Apartment,2,1010,13450,10738,11209,11911,12657,13450,6.25,Yes,13.3,4.4,28
Banashankari,12.9355,77.5556,South,Apartment,3,2120,8700,6805,7131,7620,8142,8700,7.74,Yes,9.9,5.1,38.5
Anjanapura,12.8564,77.5646,South,Builder Floor,2,1120,6000,4600,4839,5199,5585,6000,7.91,No,11,9.8,44.7
KR Puram,13.01,77.6968,East,Apartment,3,2080,9650,5074,5745,6829,8118,9650,20.8,Yes,7,7,34.6
Yelahanka,13.1007,77.5972,North,Builder Floor,2,1020,10750,6149,6847,7958,9249,10750,18.36,No,22.7,5,13.4
Electronic City,12.8449,77.6586,South,Apartment,3,1530,7150,4438,4864,5530,6288,7150,15.43,No,0.8,16.6,54.6
Frazer Town,12.9739,77.6198,Central,Apartment,3,1400,12100,10073,10431,10960,11516,12100,5.43,No,9.7,3.7,32.3
Hoodi,12.9836,77.7215,East,Villa,3,1430,10350,6706,7288,8192,9208,10350,13.33,Yes,4.2,12.1,35.2
HSR Layout,12.9125,77.6354,South,Apartment,3,1770,13350,7759,8613,9968,11536,13350,17.58,No,6,8.2,40.6
MG Road,12.9804,77.6032,Central,Apartment,3,2000,16250,13246,13772,14553,15378,16250,6.06,Yes,11.1,2.9,34.2
Rajajinagar,12.9953,77.5522,West,Apartment,2,900,12500,9978,10416,11069,11763,12500,5.39,Yes,12.9,3.9,29.2
Richmond Town,12.9639,77.5976,Central,Apartment,3,2170,13500,10559,11066,11824,12634,13500,7.19,Yes,11.2,3,37
Koramangala,12.9378,77.6224,South,Apartment,3,1980,22650,14180,15514,17600,19966,22650,14.52,No,4.7,5.6,34.3
Bannerghatta Road,12.8769,77.5937,South,Apartment,3,1590,10100,6323,6918,7848,8903,10100,13.15,No,7.6,7.1,46.5
Kanakapura Road,12.8634,77.5877,South,Apartment,3,1660,9100,6279,6741,7450,8234,9100,9.96,Yes,8.7,8.8,44.4
Thanisandra,13.0645,77.6253,North,Apartment,2,900,9600,6062,6621,7494,8482,9600,12.03,No,12.6,7.7,18.6
ITPL,12.9835,77.7245,East,Apartment,3,1400,10800,6878,7500,8469,9564,10800,12.09,No,1.4,13.4,35.9
Rajajinagar,12.9864,77.5522,West,Villa,2,1220,14400,11496,12000,12752,13551,14400,6.95,Yes,11.3,3.6,31.6
Varthur,12.9462,77.749,East,Apartment,2,950,7950,5243,5679,6353,7107,7950,12.81,No,3.4,11.7,45.9
JP Nagar,12.9065,77.5803,South,Villa,2,1180,9050,6543,6962,7598,8292,9050,9.94,Yes,8.2,6.4,39.2
Indiranagar,12.9802,77.642,East,Apartment,3,1540,20850,13998,15109,16821,18727,20850,12.36,Yes,6.4,4.5,37.5
Kanakapura Road,12.8614,77.5864,South,Apartment,3,1590,8050,5555,5964,6591,7284,8050,8.97,Yes,8.3,7.2,46.4
Hebbal,13.0391,77.6015,North,Apartment,1,530,14750,9902,10688,11899,13248,14750,12.52,No,9.3,8.6,18.7
MG Road,12.9724,77.5967,Central,Villa,3,1390,15300,12472,12967,13702,14479,15300,6.43,Yes,11.7,3,32.2
Hulimavu,12.8935,77.6158,South,Apartment,3,1820,7300,5278,5616,6129,6689,7300,9.57,No,6.8,7.5,45.9
Hoodi,12.9839,77.7165,East,Apartment,3,1380,11100,7194,7818,8787,9876,11100,10.63,Yes,4.4,11.3,37.4
Yelahanka,13.1049,77.5941,North,Apartment,2,1090,10800,6177,6879,7995,9292,10800,16.27,No,22.1,5.3,12.9
Marathahalli,12.9632,77.7051,East,Apartment,2,1200,9900,6251,6828,7728,8747,9900,11.9,No,3.2,10.6,43.4
Thanisandra,13.0583,77.63,North,Apartment,2,980,9400,5935,6483,7338,8305,9400,14.16,No,12.5,7.5,19.1
Varthur,12.9487,77.7503,East,Apartment,1,610,7050,4649,5035,5633,6302,7050,10.47,No,3.3,14.1,46
Rajajinagar,12.9912,77.5489,West,Apartment,3,1490,12950,10338,10791,11467,12186,12950,6.47,Yes,12.9,3.8,31.7
Yelahanka,13.1044,77.5921,North,Builder Floor,1,670,9950,5692,6338,7366,8561,9950,17.67,No,22.3,5.1,13.5
Electronic City,12.843,77.6627,South,Apartment,2,1180,7650,4749,5204,5917,6728,7650,15.34,No,0.9,17,56.7
Nagarbhavi,12.9644,77.5001,West,Apartment,2,1100,6050,4931,5127,5418,5725,6050,4.88,No,16.6,7,41.1
Koramangala,12.9343,77.6252,South,Apartment,4,3130,21550,13490,14760,16745,18996,21550,13.08,No,5.4,4.7,36.9
Hennur,13.0385,77.6407,North,Builder Floor,2,920,8550,5741,6196,6898,7680,8550,12.89,No,12.6,6.9,23.2
Indiranagar,12.9805,77.6422,East,Apartment,3,1810,18650,12521,13514,15046,16751,18650,9.94,Yes,7.3,4,39.5
Manyata Tech Park,13.0497,77.6229,North,Builder Floor,3,1770,11900,7847,8499,9508,10637,11900,13.08,No,0.5,7.8,20.4
Devanahalli,13.2489,77.7129,North,Apartment,1,680,9250,4974,5606,6625,7828,9250,20.34,No,31.7,8.5,8.2
Hennur,13.0405,77.644,North,Apartment,2,1060,8250,5539,5978,6656,7410,8250,11.79,No,11.6,6.9,23.2
Bellandur,12.9249,77.6763,East,Apartment,1,600,12400,7384,8158,9380,10785,12400,14.59,No,4.1,11.7,43.1
Hulimavu,12.8956,77.6149,South,Builder Floor,1,530,6650,4807,5115,5583,6093,6650,8.14,No,7.4,7.6,45.7
Banashankari,12.933,77.5533,South,Builder Floor,2,1260,8200,6413,6721,7182,7674,8200,6.17,Yes,10.9,5.4,37.7
Marathahalli,12.9607,77.7045,East,Builder Floor,2,1270,9550,6030,6587,7455,8438,9550,14.67,No,3.2,11.1,38.3
Thanisandra,13.0615,77.6306,North,Apartment,2,1140,9700,6125,6690,7572,8570,9700,14.88,No,12,7.4,19.2
Bannerghatta Road,12.8813,77.5952,South,Builder Floor,2,1160,9950,6230,6816,7732,8771,9950,13.55,No,7.6,5.9,41.4
JP Nagar,12.9047,77.5829,South,Builder Floor,2,1090,9650,6978,7424,8102,8842,9650,10.36,Yes,9.7,6.1,41.8
RT Nagar,13.0182,77.5859,North,Apartment,3,1810,7750,6521,6739,7060,7397,7750,4.93,No,13.9,5.4,23.4
Malleshwaram,13.005,77.573,North,Apartment,2,1280,13300,12095,12315,12635,12963,13300,2.34,Yes,14,3.8,30.3
Thanisandra,13.0613,77.6305,North,Builder Floor,3,2060,10100,6377,6966,7884,8923,10100,13.29,No,12.1,7.4,21.5
Hoodi,12.9798,77.7195,East,Apartment,2,950,10700,6934,7536,8470,9520,10700,13.65,Yes,4.1,12.2,37.3
Varthur,12.9432,77.7483,East,Apartment,3,1810,7250,4781,5178,5793,6481,7250,10.76,No,3.2,11.9,40.5
Indiranagar,12.9776,77.6375,East,Apartment,3,1570,20700,13897,15000,16700,18593,20700,11.12,Yes,7.3,4.1,38.1
Indiranagar,12.9735,77.6399,East,Apartment,3,1680,20250,13595,14674,16337,18189,20250,10.47,Yes,7,4.4,33.8
Rajajinagar,12.9868,77.5573,West,Apartment,3,1890,13950,11137,11625,12353,13127,13950,5.51,Yes,12.8,3.9,27.7
Indiranagar,12.9735,77.6423,East,Apartment,3,1610,18250,12252,13224,14723,16392,18250,11.44,Yes,7.4,4.4,33.4
Manyata Tech Park,13.0464,77.6182,North,Apartment,3,1530,11750,7749,8393,9389,10503,11750,11.95,No,0.5,7.1,20.8
Rajarajeshwari Nagar,12.9177,77.5049,West,Apartment,3,1510,7400,5617,5921,6378,6870,7400,8.13,Yes,15.2,7.8,45.9
Electronic City,12.8457,77.658,South,Builder Floor,2,1020,6800,4220,4625,5259,5980,6800,14.32,No,0.8,17.7,50.4
Electronic City,12.8441,77.6608,South,Builder Floor,3,1460,7000,4345,4762,5414,6156,7000,14.54,No,0.8,17.4,58.2
Kanakapura Road,12.8672,77.586,South,Apartment,2,1140,8850,6106,6556,7246,8008,8850,8.97,Yes,7.7,8.6,43.4
Frazer Town,12.982,77.6179,Central,Apartment,2,890,12300,10239,10603,11141,11706,12300,4.34,No,9.6,3.6,37.7
Hulimavu,12.8911,77.6172,South,Apartment,1,470,7750,5603,5961,6506,7101,7750,8.63,No,8.2,8.1,43.1
Devanahalli,13.2504,77.7157,North,Builder Floor,2,1210,8550,4598,5183,6124,7236,8550,17.8,No,30.9,7.7,8.8
Gottigere,12.8692,77.6016,South,Apartment,1,450,6750,4975,5274,5726,6217,6750,8.57,No,9.1,8.2,49.8
Hoodi,12.9832,77.7171,East,Builder Floor,1,680,9850,6382,6936,7796,8763,9850,12.48,Yes,4.2,13,41.1
Whitefield,12.9737,77.751,East,Villa,3,1520,15100,6552,7705,9642,12066,15100,26.02,Yes,1.9,13.5,43.6
ITPL,12.9808,77.7269,East,Apartment,2,990,11550,7355,8020,9057,10228,11550,13.41,No,1.5,14.8,36.1
Devanahalli,13.2498,77.7108,North,Apartment,1,600,8300,4463,5030,5944,7024,8300,20.26,No,31.5,7.3,7.9
Hoodi,12.9794,77.7186,East,Apartment,3,1530,9700,6285,6831,7678,8630,9700,13.79,Yes,3.8,13.1,41.3
Banashankari,12.9355,77.5509,South,Builder Floor,2,1060,8150,6374,6680,7138,7627,8150,7.01,Yes,9.7,4.7,39.7
Nagarbhavi,12.9581,77.5073,West,Apartment,1,530,5850,4769,4958,5239,5536,5850,6.4,No,16.8,6.5,43.5
HSR Layout,12.9164,77.6351,South,Villa,2,1190,14450,8398,9323,10789,12486,14450,13.9,No,5.3,7.6,41.8
Electronic City,12.8427,77.6577,South,Apartment,1,570,6750,4190,4592,5221,5937,6750,13.83,No,0.7,18.1,50
Hulimavu,12.8909,77.6146,South,Apartment,3,2180,7750,5603,5961,6506,7101,7750,9.81,No,8.2,7.8,40.3
Malleshwaram,12.9999,77.5707,North,Builder Floor,3,1580,13250,12049,12268,12587,12914,13250,2.61,Yes,15.1,3.2,29.9
Indiranagar,12.982,77.6368,East,Apartment,3,1790,19200,12889,13912,15489,17245,19200,11.56,Yes,6.3,3.9,36
Whitefield,12.9653,77.7453,East,Apartment,2,870,13350,5792,6811,8524,10667,13350,23.06,Yes,2,15.5,41
Kanakapura Road,12.8627,77.5865,South,Apartment,3,1800,8950,6175,6630,7327,8098,8950,11.92,Yes,7.4,8.7,42
MG Road,12.9709,77.6059,Central,Villa,2,1120,15500,12634,13136,13881,14668,15500,6.06,Yes,12.7,3.3,35.8
HSR Layout,12.9123,77.6435,South,Apartment,2,1250,13350,7759,8613,9968,11536,13350,15.24,No,5.5,7.9,45.1
Devanahalli,13.2456,77.7142,North,Builder Floor,2,1120,8800,4731,5333,6302,7447,8800,19.57,No,31.5,7.5,7.8
Jayanagar,12.9215,77.5942,South,Apartment,1,490,15100,10613,11354,12486,13731,15100,9.54,Yes,9.9,3.7,42.1
Kanakapura Road,12.865,77.5825,South,Villa,2,1020,8900,6140,6592,7286,8053,8900,11.87,Yes,8,8.3,45.9
Kengeri,12.9172,77.4873,West,Apartment,2,1320,5500,4302,4508,4817,5147,5500,7.16,Yes,18.9,9.4,39.7
Hulimavu,12.8914,77.6157,South,Apartment,2,1250,7100,5133,5461,5960,6505,7100,9.81,No,8.2,8.6,44.9
Varthur,12.9461,77.7437,East,Apartment,2,1080,7550,4979,5393,6033,6749,7550,13.17,No,3.6,12.9,46
Frazer Town,12.9817,77.6132,Central,Builder Floor,3,1450,12950,10781,11164,11730,12325,12950,5.23,No,11,3.8,35.8
Devanahalli,13.2463,77.7135,North,Apartment,2,1120,8800,4731,5333,6302,7447,8800,17.21,No,32.1,8.4,8.3
Varthur,12.9432,77.7494,East,Apartment,2,1310,6950,4584,4965,5554,6213,6950,10.27,No,3.3,12.2,40.7
MG Road,12.9775,77.6024,Central,Apartment,2,940,16700,13613,14153,14956,15804,16700,5.94,Yes,11.6,3.1,32.7
HSR Layout,12.9129,77.6429,South,Apartment,1,490,14950,8688,9645,11162,12918,14950,13.44,No,5.2,8.4,43.8
Bellandur,12.9304,77.6803,East,Apartment,2,1240,12200,7265,8027,9229,10611,12200,14.97,No,3.9,11.4,40.1
RT Nagar,13.0164,77.5944,North,Apartment,2,1210,7050,5933,6131,6423,6729,7050,4.34,No,14.2,6,24.4
Koramangala,12.9305,77.628,South,Villa,3,1550,22300,13960,15274,17327,19657,22300,12.96,No,4.6,5.5,35.8
Anjanapura,12.8601,77.5688,South,Apartment,3,1710,6350,4868,5121,5502,5911,6350,7.05,No,11.3,10.9,45.5
Bellandur,12.9223,77.6791,East,Apartment,2,900,13550,8069,8915,10250,11785,13550,14.72,No,3.7,11,43.7
Manyata Tech Park,13.0492,77.6193,North,Apartment,3,1350,11650,7683,8321,9309,10414,11650,11.24,No,0.5,7.2,20.8
Koramangala,12.9327,77.6251,South,Villa,3,1880,21200,13272,14521,16473,18688,21200,12.5,No,4.8,5.3,36.9
MG Road,12.9727,77.6054,Central,Apartment,4,2060,16250,13246,13772,14553,15378,16250,5.14,Yes,11.1,2.9,33.1
Kanakapura Road,12.8618,77.5867,South,Apartment,1,680,8900,6140,6592,7286,8053,8900,11.05,Yes,7.8,7.4,47.3
Thanisandra,13.058,77.6239,North,Apartment,2,1140,9100,5746,6276,7103,8040,9100,14.18,No,12.3,7.5,21.3
Devanahalli,13.2431,77.713,North,Apartment,2,1060,9000,4839,5454,6445,7616,9000,17.02,No,30,7.7,8
Kengeri,12.9156,77.4884,West,Apartment,2,1340,6000,4693,4918,5255,5615,6000,6.81,Yes,21.7,9.2,40.5
Richmond Town,12.9625,77.599,Central,Villa,4,2840,15450,12084,12664,13532,14459,15450,6.5,Yes,11.5,3.1,31.9
Malleshwaram,13.0048,77.5749,North,Builder Floor,3,1790,14500,13186,13426,13775,14133,14500,2.66,Yes,13.8,3.5,28.4
JP Nagar,12.9067,77.5825,South,Apartment,2,970,10100,7302,7769,8479,9254,10100,8.38,Yes,8.4,7,37.3
Richmond Town,12.9638,77.5965,Central,Builder Floor,2,1020,14000,10951,11476,12262,13102,14000,7.79,Yes,12.4,2.9,32.2
Whitefield,12.9736,77.7493,East,Villa,3,1610,15250,6616,7780,9737,12186,15250,28.45,Yes,1.8,15.1,42.7
Rajarajeshwari Nagar,12.9177,77.5038,West,Apartment,2,1320,8050,6110,6440,6937,7473,8050,8.63,Yes,14.1,9.1,43.7
Nagarbhavi,12.9651,77.5065,West,Apartment,3,1560,5950,4850,5043,5329,5631,5950,6.49,No,17.2,7.5,37.8
HSR Layout,12.914,77.6384,South,Builder Floor,2,1320,13600,7905,8775,10155,11752,13600,17.21,No,6.1,8.1,42.9
Gottigere,12.869,77.5979,South,Builder Floor,3,1680,6350,4680,4961,5386,5848,6350,7.4,No,10.4,8.8,46.2
Frazer Town,12.974,77.612,Central,Apartment,2,1340,11200,9323,9654,10144,10659,11200,4.33,No,11.5,3.9,36.6
Devanahalli,13.2448,77.711,North,Apartment,2,910,8850,4759,5364,6338,7489,8850,17.24,No,31,8.7,8.6
Gottigere,12.8669,77.5964,South,Apartment,2,1160,6550,4827,5117,5556,6033,6550,9.55,No,9.5,9.1,41.6
Varthur,12.9431,77.7465,East,Builder Floor,2,1250,7800,5144,5571,6232,6972,7800,12.3,No,3.7,12.2,40.8
Indiranagar,12.9825,77.6428,East,Apartment,3,1640,18600,12487,13478,15006,16707,18600,12.2,Yes,7.6,4,33.8
RT Nagar,13.0227,77.5914,North,Builder Floor,2,900,7350,6185,6391,6696,7015,7350,4.89,No,13,5.3,23.8
Banashankari,12.9341,77.5522,South,Apartment,3,1360,9050,7079,7419,7927,8470,9050,6.76,Yes,9.6,5.2,35.9
Electronic City,12.8457,77.6577,South,Builder Floor,2,1020,7650,4749,5204,5917,6728,7650,12.12,No,0.9,17.9,54.3
Whitefield,12.9745,77.7462,East,Villa,1,690,14300,6204,7296,9131,11427,14300,25.23,Yes,2,15.8,45.7
RT Nagar,13.0188,77.5872,North,Builder Floor,2,1040,7450,6269,6478,6787,7111,7450,5.39,No,12.9,5.6,27.2
JP Nagar,12.9113,77.5861,South,Apartment,1,480,9500,6868,7307,7975,8704,9500,9.38,Yes,9.8,6.1,37.2
Frazer Town,12.9789,77.6147,Central,Apartment,3,1860,11550,9615,9956,10461,10992,11550,5.8,No,10,3.9,33.4
Rajajinagar,12.9932,77.5492,West,Builder Floor,2,950,13550,10817,11291,11999,12751,13550,6.18,Yes,12,3.8,28.9
Kengeri,12.9107,77.4843,West,Apartment,3,2060,6150,4811,5042,5387,5756,6150,5.99,Yes,19.6,8.5,45
Rajarajeshwari Nagar,12.919,77.5052,West,Apartment,2,890,7650,5806,6120,6593,7102,7650,7.99,Yes,13.6,8.7,39.3
Hulimavu,12.8996,77.6138,South,Builder Floor,2,960,7050,5097,5423,5919,6460,7050,9.35,No,6.8,7.5,48.3
Frazer Town,12.9753,77.6169,Central,Apartment,2,990,11450,9532,9870,10371,10897,11450,5.73,No,10.1,3.6,36.2
Thanisandra,13.0594,77.6238,North,Apartment,2,1010,9550,6030,6587,7455,8438,9550,14.58,No,11.5,6.3,20.5
Hebbal,13.0352,77.5995,North,Apartment,4,2660,14950,10037,10833,12061,13428,14950,9.75,No,9.4,7.5,16.7
Indiranagar,12.9785,77.6372,East,Villa,4,2830,19300,12957,13985,15570,17335,19300,10.69,Yes,7.4,4.5,38.3
Hulimavu,12.8987,77.6179,South,Apartment,2,1220,6800,4916,5231,5709,6231,6800,8.76,No,7.1,8,40.7
Banashankari,12.9331,77.551,South,Apartment,1,520,8600,6726,7049,7532,8048,8600,6.67,Yes,9.7,5.4,39.9
Anjanapura,12.8536,77.5734,South,Builder Floor,2,930,6450,4945,5202,5589,6004,6450,7.26,No,10.9,10.4,48.4
Kengeri,12.9112,77.4877,West,Builder Floor,2,950,5850,4576,4795,5124,5475,5850,7.01,Yes,18.7,9.9,44.5
Varthur,12.9426,77.7449,East,Builder Floor,2,1020,7500,4946,5357,5993,6704,7500,12.91,No,3.7,11.9,43.7
Hennur,13.0359,77.6351,North,Apartment,2,1020,9000,6043,6522,7261,8084,9000,12.1,No,11.7,8,23.2
KR Puram,13.0054,77.7001,East,Apartment,1,450,9800,5153,5834,6935,8244,9800,20.07,Yes,6.6,6.8,31.5
Frazer Town,12.9808,77.6151,Central,Apartment,2,1300,11900,9907,10259,10779,11326,11900,5.06,No,10.7,3.7,35.8
Hoodi,12.979,77.7147,East,Apartment,3,2150,10150,6577,7148,8034,9030,10150,11.42,Yes,3.9,11.7,36.8
Marathahalli,12.9575,77.6995,East,Apartment,2,1020,9450,5966,6517,7376,8349,9450,14.3,No,3.4,9.5,38.7
Banashankari,12.9269,77.5568,South,Apartment,2,1300,8950,7000,7336,7839,8376,8950,6.12,Yes,9.8,4.5,41
Whitefield,12.9708,77.7465,East,Apartment,3,2100,14450,6269,7372,9226,11546,14450,23.19,Yes,1.8,15,44.1
ITPL,12.9811,77.7229,East,Apartment,2,1180,11150,7101,7743,8744,9874,11150,14.55,No,1.4,14.4,36.8
Manyata Tech Park,13.0468,77.617,North,Apartment,3,2180,12200,8046,8715,9749,10906,12200,11.45,No,0.5,6.7,19
Electronic City,12.8489,77.6626,South,Apartment,2,860,7250,4500,4932,5608,6376,7250,15.64,No,0.8,16.2,59.9
Sarjapur Road,12.8979,77.6907,East,Builder Floor,2,1300,12600,7627,8400,9616,11007,12600,15.66,No,4.7,13,42.7
KR Puram,13.0086,77.6956,East,Apartment,1,510,9450,4968,5625,6687,7949,9450,21.35,Yes,6.1,7.3,32.9
HSR Layout,12.913,77.636,South,Villa,4,3220,15100,8777,9743,11275,13048,15100,15.45,No,5.3,7.8,47
Anjanapura,12.8583,77.5723,South,Apartment,2,1340,6650,5098,5363,5762,6190,6650,7.53,No,12.2,10.5,44
Rajajinagar,12.9929,77.5555,West,Apartment,3,2180,12700,10138,10583,11246,11951,12700,5.81,Yes,12.8,3.6,28.7
JP Nagar,12.9041,77.5814,South,Apartment,2,1150,8950,6471,6885,7514,8201,8950,7.81,Yes,8.6,5.9,37.9
Kanakapura Road,12.8677,77.5846,South,Apartment,1,630,8200,5657,6074,6713,7419,8200,10.66,Yes,7.2,8,43.1
Devanahalli,13.2437,77.7111,North,Builder Floor,3,1300,9050,4866,5485,6482,7659,9050,19.24,No,29,8,8.1
Whitefield,12.9668,77.7502,East,Apartment,3,1590,13450,5835,6862,8588,10747,13450,22.58,Yes,1.9,14.4,40.6
Varthur,12.9427,77.7477,East,Apartment,2,900,7300,4814,5214,5833,6525,7300,12.19,No,3.4,12.5,41.3
Devanahalli,13.2512,77.7179,North,Apartment,2,1060,8750,4706,5304,6267,7405,8750,20.55,No,32.6,7.8,8.3
Koramangala,12.9303,77.6223,South,Apartment,3,1580,20300,12708,13904,15773,17894,20300,11.84,No,4.6,4.9,41
Anjanapura,12.8574,77.5686,South,Builder Floor,2,1040,6650,5098,5363,5762,6190,6650,7.6,No,12.3,9.8,50.1
Richmond Town,12.9678,77.6007,Central,Apartment,4,3090,13450,10519,11024,11780,12587,13450,7.34,Yes,10.3,2.6,32
RT Nagar,13.0197,77.5853,North,Apartment,2,1340,7300,6143,6348,6651,6968,7300,5.08,No,12.1,5.8,23.9
Kengeri,12.9198,77.4858,West,Builder Floor,2,1000,6000,4693,4918,5255,5615,6000,6.23,Yes,18.3,9.8,47.1
Hebbal,13.0388,77.5967,North,Apartment,3,1780,17050,11447,12355,13755,15314,17050,10.17,No,10.7,8.2,17.5
Devanahalli,13.2418,77.7169,North,Builder Floor,1,610,8700,4677,5272,6230,7362,8700,16.22,No,27.3,7.3,8.5
Kanakapura Road,12.8647,77.582,South,Apartment,1,580,8750,6036,6481,7163,7917,8750,11.08,Yes,7.8,7.5,48.5
KR Puram,13.01,77.6953,East,Builder Floor,3,1530,9900,5205,5893,7005,8328,9900,19.58,Yes,6.6,7.2,37.2
Electronic City,12.8488,77.6561,South,Apartment,2,930,7100,4406,4829,5491,6244,7100,13.35,No,0.9,16.8,54.5
Frazer Town,12.9813,77.6136,Central,Apartment,1,690,11250,9366,9698,10190,10707,11250,4.81,No,11.4,4,36.8
Rajajinagar,12.9886,77.5569,West,Apartment,2,1320,13500,10777,11250,11955,12704,13500,5.93,Yes,12.2,4.3,28.5
Nagarbhavi,12.9595,77.505,West,Apartment,2,1120,6100,4973,5170,5463,5773,6100,5.5,No,16,7,45
Whitefield,12.9715,77.751,East,Apartment,1,460,14700,6377,7500,9386,11746,14700,26.89,Yes,1.9,15.3,38.7
Marathahalli,12.961,77.6956,East,Apartment,2,1260,8500,5367,5862,6635,7510,8500,13.69,No,3.1,9.6,42.3
Hennur,13.041,77.6375,North,Apartment,2,1060,8900,5975,6449,7180,7994,8900,11.04,No,12.5,7.4,22.7
Devanahalli,13.2454,77.7092,North,Apartment,2,1290,8750,4706,5304,6267,7405,8750,19.67,No,31.7,7.4,7.6
Thanisandra,13.0636,77.6291,North,Builder Floor,3,1360,9750,6156,6724,7611,8614,9750,13.54,No,11.6,7.7,21
Anjanapura,12.8552,77.5709,South,Builder Floor,1,500,6500,4982,5241,5631,6050,6500,8,No,11.5,9.7,47.4
Manyata Tech Park,13.0416,77.6167,North,Apartment,3,2060,11450,7551,8178,9149,10235,11450,13.01,No,0.5,7.4,17.4
Hebbal,13.0352,77.5934,North,Apartment,3,1540,15550,10440,11268,12545,13967,15550,10.27,No,9.2,8.6,18.1
Sarjapur Road,12.8993,77.6842,East,Apartment,3,2040,12300,7446,8200,9387,10745,12300,13.69,No,4.9,13,46.8
Bellandur,12.9281,77.674,East,Builder Floor,3,1940,13450,8009,8849,10174,11698,13450,13.71,No,3.5,9.9,46.1
Manyata Tech Park,13.0422,77.6249,North,Apartment,3,1740,11900,7847,8499,9508,10637,11900,13.27,No,0.5,6.6,19.4
Nagarbhavi,12.965,77.5013,West,Villa,2,1220,5850,4769,4958,5239,5536,5850,5.31,No,19.1,6.6,38.1
ITPL,12.9874,77.732,East,Builder Floor,3,1970,11050,7036,7673,8665,9785,11050,12.12,No,1.6,12.6,39
Kengeri,12.9138,77.4843,West,Apartment,2,1080,5850,4576,4795,5124,5475,5850,6.45,Yes,19.6,8.3,40
Bannerghatta Road,12.8762,77.602,South,Apartment,1,490,9450,5916,6473,7343,8330,9450,14.15,No,8.9,5.9,45.4
Rajajinagar,12.9927,77.5557,West,Villa,3,1640,12850,10258,10708,11379,12092,12850,7.03,Yes,12.9,4.3,28.9
Rajajinagar,12.99,77.5527,West,Apartment,3,1450,12600,10059,10500,11158,11857,12600,6.84,Yes,12.4,3.6,27.9
Kanakapura Road,12.8662,77.5886,South,Apartment,2,1110,7950,5484,5888,6508,7193,7950,10.98,Yes,7.7,7.6,48.8
MG Road,12.9743,77.6034,Central,Apartment,3,1860,14950,12186,12670,13389,14148,14950,4.84,Yes,11,3.3,33.7
Richmond Town,12.9639,77.606,Central,Builder Floor,4,2500,13750,10755,11271,12043,12868,13750,6.64,Yes,11.8,3,31.6
Rajajinagar,12.987,77.5541,West,Villa,3,1720,13750,10977,11458,12176,12939,13750,7.06,Yes,11.3,4.4,30.8
Whitefield,12.9667,77.7463,East,Builder Floor,2,1170,14600,6334,7449,9322,11666,14600,24.72,Yes,1.9,14.3,38.2
Malleshwaram,13.001,77.5661,North,Apartment,3,1580,14300,13004,13241,13585,13938,14300,2.82,Yes,12.6,3.7,27.3
Sarjapur Road,12.9003,77.6876,East,Builder Floor,2,1000,12250,7415,8166,9348,10701,12250,14.89,No,4.1,11.4,47.7
Koramangala,12.9324,77.6214,South,Villa,4,2100,20250,12677,13870,15735,17850,20250,14.66,No,5.2,5.4,40.7
Richmond Town,12.9646,77.6059,Central,Apartment,3,1440,13550,10599,11107,11868,12681,13550,7.49,Yes,12.1,2.6,37.9
Whitefield,12.9714,77.7524,East,Builder Floor,2,1040,13400,5814,6837,8556,10707,13400,27.53,Yes,2,15.7,42.5
Electronic City,12.8491,77.6587,South,Apartment,1,550,7150,4438,4864,5530,6288,7150,12.84,No,0.8,17.8,54.3
Banashankari,12.9282,77.5574,South,Builder Floor,2,1310,7850,6140,6435,6876,7347,7850,6.63,Yes,11.3,4.6,38.7
Bellandur,12.9278,77.6752,East,Villa,4,3060,12750,7592,8388,9644,11089,12750,15.33,No,3.5,11.2,43.2
Anjanapura,12.855,77.5736,South,Apartment,3,1760,5900,4523,4758,5112,5492,5900,7.64,No,11.3,9.3,47.7
Hulimavu,12.8947,77.6141,South,Apartment,2,900,6750,4880,5192,5667,6185,6750,8,No,7.3,8.3,44.6
Koramangala,12.9393,77.6282,South,Apartment,3,1600,22950,14367,15719,17832,20230,22950,12.15,No,5,5.6,40.5
Sarjapur Road,12.9005,77.684,East,Apartment,3,1690,11150,6749,7433,8509,9740,11150,14.14,No,4.9,11.8,46.7
Rajarajeshwari Nagar,12.9222,77.5031,West,Apartment,2,1260,7550,5731,6041,6507,7009,7550,7.47,Yes,15.2,9.1,44.9
Bannerghatta Road,12.8752,77.601,South,Apartment,2,1150,9600,6009,6575,7459,8462,9600,11.89,No,8.4,6,42.1
Gottigere,12.8743,77.594,South,Apartment,1,510,6350,4680,4961,5386,5848,6350,9.38,No,10.2,9.1,48.8
Rajarajeshwari Nagar,12.918,77.5099,West,Villa,2,1320,7600,5768,6080,6549,7055,7600,6.8,Yes,15.4,8.3,42.9
Nagarbhavi,12.9579,77.5067,West,Apartment,3,1480,6300,5135,5339,5642,5962,6300,5.13,No,18.7,7.8,42.6
HSR Layout,12.9103,77.6387,South,Apartment,3,1580,14750,8572,9516,11013,12745,14750,15.82,No,5.9,7.2,43.5
Thanisandra,13.0637,77.6243,North,Builder Floor,4,2130,10150,6409,7000,7923,8968,10150,13.59,No,11,7.6,20
Jayanagar,12.9249,77.5962,South,Apartment,3,1490,16300,11456,12256,13478,14822,16300,9.39,Yes,10.4,3.8,40.1
Marathahalli,12.9617,77.7001,East,Apartment,2,960,9800,6187,6758,7649,8658,9800,12.81,No,3.1,10.6,43.9
Marathahalli,12.9567,77.7001,East,Apartment,2,890,8950,5650,6172,6986,7907,8950,13.58,No,2.8,10.9,40.4
KR Puram,13.0064,77.6993,East,Apartment,2,1280,10000,5257,5952,7076,8412,10000,16.71,Yes,6.2,7.2,34.2
Frazer Town,12.9829,77.6192,Central,Apartment,2,1270,12750,10615,10992,11549,12135,12750,5.05,No,10.3,4.2,34.3
Electronic City,12.8497,77.6608,South,Apartment,2,1070,7550,4686,5136,5840,6640,7550,14.4,No,0.8,16.6,59.9
Indiranagar,12.9803,77.6444,East,Villa,3,1660,21050,14132,15253,16982,18907,21050,12.14,Yes,6.4,4.5,33.2
Koramangala,12.9388,77.6292,South,Apartment,2,1320,21900,13710,15000,17017,19305,21900,12.75,No,4.8,5.4,35.6
RT Nagar,13.0207,77.5949,North,Apartment,3,1520,7150,6016,6217,6514,6825,7150,4.93,No,12.4,5.2,26.3
Gottigere,12.8689,77.5953,South,Builder Floor,2,1100,6450,4755,5040,5472,5941,6450,8.78,No,9.5,8.5,50.2
Koramangala,12.9307,77.6233,South,Apartment,4,3090,23500,14711,16096,18260,20715,23500,13.29,No,4.9,5.2,34.1
ITPL,12.9895,77.7238,East,Apartment,1,620,11300,7197,7848,8862,10007,11300,13.93,No,1.6,13.9,40.5
Nagarbhavi,12.9624,77.5,West,Builder Floor,2,1150,6000,4891,5085,5373,5678,6000,6.21,No,18.4,7.3,39
Whitefield,12.9657,77.7484,East,Apartment,2,860,13450,5835,6862,8588,10747,13450,23.69,Yes,2.2,14.7,45.6
Nagarbhavi,12.9636,77.5012,West,Apartment,3,1560,5950,4850,5043,5329,5631,5950,5.17,No,17.3,7.5,44.6
Manyata Tech Park,13.0423,77.6199,North,Apartment,2,1010,12300,8111,8785,9828,10995,12300,12.06,No,0.5,7.5,19.1
Manyata Tech Park,13.0475,77.6262,North,Apartment,3,2030,11700,7716,8357,9349,10459,11700,13.04,No,0.5,7.8,20.7
RT Nagar,13.0178,77.5861,North,Apartment,2,1170,7750,6521,6739,7060,7397,7750,4.48,No,12.8,5.9,24.4
Manyata Tech Park,13.0474,77.6255,North,Apartment,3,1490,11800,7782,8429,9429,10548,11800,11.59,No,0.5,7,17.7
HSR Layout,12.913,77.6342,South,Apartment,2,1340,12900,7497,8323,9632,11147,12900,17.65,No,5.9,7.2,44.2
Anjanapura,12.8531,77.5712,South,Builder Floor,1,650,6500,4982,5241,5631,6050,6500,7.55,No,11.3,10,50.2
Indiranagar,12.9787,77.6411,East,Villa,4,2960,19100,12824,13841,15410,17156,19100,12.31,Yes,7.4,4.5,37.9
Frazer Town,12.9779,77.6103,Central,Apartment,3,1890,12450,10365,10733,11277,11849,12450,4.48,No,11.2,3.6,36.9
Malleshwaram,13.0043,77.5664,North,Apartment,3,1520,12550,11412,11620,11922,12232,12550,2.97,Yes,14.5,3.2,28
Bannerghatta Road,12.8752,77.5945,South,Apartment,2,1050,9700,6072,6644,7537,8550,9700,14.72,No,7.9,5.9,39.9
Gottigere,12.8695,77.6019,South,Apartment,3,1760,7200,5306,5625,6107,6631,7200,8.32,No,10.7,9,41.7
Indiranagar,12.9772,77.6444,East,Apartment,3,1940,18700,12554,13550,15086,16796,18700,12.5,Yes,7.2,4.2,33.4
JP Nagar,12.9103,77.5841,South,Builder Floor,2,990,9200,6651,7077,7724,8430,9200,8.34,Yes,8.1,6.7,43.7
Whitefield,12.966,77.7488,East,Apartment,2,850,14600,6334,7449,9322,11666,14600,28.06,Yes,2.2,14.7,41.3
Indiranagar,12.9736,77.6451,East,Villa,3,1880,19000,12757,13769,15329,17066,19000,12.48,Yes,7.4,4.5,37.9
Kanakapura Road,12.8634,77.5881,South,Builder Floor,2,1020,8750,6036,6481,7163,7917,8750,9.68,Yes,8.2,8,42.5
Sarjapur Road,12.899,77.69,East,Apartment,3,1700,11300,6840,7533,8623,9871,11300,14.2,No,4.9,11.3,47.6
Frazer Town,12.9744,77.6106,Central,Apartment,2,1090,12300,10239,10603,11141,11706,12300,4.99,No,9.8,3.5,36.1
ITPL,12.9868,77.7321,East,Apartment,3,2120,10750,6846,7465,8430,9520,10750,11.68,No,1.4,14.2,41
Sarjapur Road,12.8975,77.6888,East,Apartment,3,2000,12300,7446,8200,9387,10745,12300,14.65,No,4.1,12.7,47.7
Bannerghatta Road,12.8762,77.5985,South,Builder Floor,1,540,9750,6103,6677,7575,8594,9750,13.43,No,8.5,7,41.8
Banashankari,12.9282,77.5488,South,Apartment,2,1060,9150,7157,7500,8014,8563,9150,6.26,Yes,9.6,5.2,35.7
Kengeri,12.9128,77.4877,West,Builder Floor,3,1590,5650,4420,4632,4949,5288,5650,7.47,Yes,20,9,46.9
Koramangala,12.9308,77.6233,South,Villa,4,2030,20400,12770,13972,15851,17982,20400,13.05,No,5.4,5.5,35.2
Hoodi,12.9795,77.7127,East,Apartment,3,1310,10100,6545,7113,7995,8986,10100,13.64,Yes,3.6,11.9,40.1
Hoodi,12.9794,77.7207,East,Builder Floor,3,1650,10150,6577,7148,8034,9030,10150,11.89,Yes,4.1,11.9,38
Bannerghatta Road,12.874,77.5948,South,Builder Floor,4,2420,10150,6354,6952,7887,8947,10150,15.38,No,7.6,6.1,44.9
Yelahanka,13.0999,77.5981,North,Builder Floor,1,650,9750,5577,6210,7218,8389,9750,15.29,No,23.3,5.4,12.5
KR Puram,13.0025,77.6932,East,Apartment,3,1830,8800,4627,5238,6227,7403,8800,18.5,Yes,6.3,7.2,34.3
Bellandur,12.9215,77.6753,East,Apartment,1,520,13450,8009,8849,10174,11698,13450,15.02,No,3.5,10,41.3
Hennur,13.0359,77.6437,North,Apartment,1,680,8900,5975,6449,7180,7994,8900,12.67,No,10.9,7.9,23.2
Devanahalli,13.2425,77.7118,North,Apartment,3,2050,8550,4598,5183,6124,7236,8550,16.14,No,28.5,7.4,7.2
Varthur,12.9508,77.7465,East,Apartment,3,1950,6950,4584,4965,5554,6213,6950,10.21,No,3.7,13,42.4
JP Nagar,12.9069,77.5876,South,Apartment,3,1750,10250,7411,7885,8606,9392,10250,8.23,Yes,8.3,6.3,42.2
Richmond Town,12.9605,77.6036,Central,Apartment,3,1370,14500,11341,11885,12700,13570,14500,5.9,Yes,11.8,2.8,33.8
Hebbal,13.0357,77.5924,North,Apartment,3,1770,16850,11313,12210,13594,15135,16850,12.47,No,9.8,8.2,17
Bellandur,12.9214,77.6746,East,Apartment,3,1950,12750,7592,8388,9644,11089,12750,15.36,No,3.7,10.2,40.9
Manyata Tech Park,13.0479,77.6245,North,Apartment,2,1120,11750,7749,8393,9389,10503,11750,10.42,No,0.5,7.2,17.3
Nagarbhavi,12.9607,77.5022,West,Apartment,2,1170,6100,4973,5170,5463,5773,6100,5.31,No,16.2,7.2,45.5
MG Road,12.9736,77.6014,Central,Apartment,2,1130,16000,13041,13559,14328,15141,16000,6.36,Yes,13,3.2,33.3
Jayanagar,12.9214,77.5907,South,Apartment,1,650,14250,10016,10715,11783,12958,14250,9.95,Yes,9.5,3.9,40.1
Whitefield,12.9685,77.7455,East,Apartment,1,520,15100,6552,7705,9642,12066,15100,27.34,Yes,1.8,13.7,40.5
RT Nagar,13.0226,77.5884,North,Apartment,3,1700,7900,6647,6869,7197,7540,7900,4.48,No,12.9,5.2,23.2
Richmond Town,12.9636,77.5984,Central,Builder Floor,4,2200,13500,10559,11066,11824,12634,13500,6.5,Yes,12.2,2.6,32.6
Anjanapura,12.8531,77.5652,South,Apartment,2,980,5700,4370,4597,4939,5306,5700,7.08,No,13,10.7,49.8
Hulimavu,12.8908,77.6145,South,Apartment,1,650,7300,5278,5616,6129,6689,7300,9.24,No,7.5,8.4,43.4
Gottigere,12.8736,77.5993,South,Builder Floor,1,500,6750,4975,5274,5726,6217,6750,7.37,No,10,8.2,42.2
Hebbal,13.0358,77.6002,North,Villa,3,2140,15050,10104,10906,12142,13518,15050,12.88,No,10.2,7.6,17.4
Kanakapura Road,12.8669,77.584,South,Builder Floor,1,650,7850,5416,5815,6427,7103,7850,11.36,Yes,8.5,8.6,46.3
Kanakapura Road,12.8666,77.5876,South,Apartment,3,1980,8600,5933,6370,7040,7781,8600,9.32,Yes,7.4,7.4,49.1
Anjanapura,12.8511,77.565,South,Apartment,2,1280,6500,4982,5241,5631,6050,6500,6.56,No,13.2,10.2,52.8
Kengeri,12.9155,77.4879,West,Apartment,2,950,5650,4420,4632,4949,5288,5650,5.96,Yes,21.7,9.5,42.3
Banashankari,12.9304,77.5569,South,Builder Floor,3,1420,8500,6649,6968,7445,7955,8500,6.73,Yes,11.1,4.8,40
Yelahanka,13.1043,77.598,North,Apartment,3,2070,10250,5863,6529,7588,8819,10250,15.67,No,20.8,5.6,12.6
Hulimavu,12.8943,77.6102,South,Apartment,2,1320,6750,4880,5192,5667,6185,6750,8.48,No,6.9,7.7,41.8
RT Nagar,13.0228,77.5948,North,Apartment,2,1110,8050,6774,7000,7334,7684,8050,4.99,No,14.1,5.6,27.5
HSR Layout,12.9083,77.6416,South,Builder Floor,4,2680,13300,7729,8580,9930,11492,13300,15.55,No,6.1,7.7,38.8
Richmond Town,12.9603,77.5987,Central,Villa,2,1170,15400,12045,12623,13488,14412,15400,6.53,Yes,11.1,2.9,31.6
Banashankari,12.9312,77.5508,South,Apartment,1,610,8350,6531,6844,7313,7814,8350,7,Yes,11.5,5.1,34.3
Rajarajeshwari Nagar,12.9222,77.5077,West,Villa,3,1480,7900,5996,6320,6808,7334,7900,8.73,Yes,15.7,7.7,44.7
JP Nagar,12.9081,77.5806,South,Builder Floor,2,990,9000,6506,6922,7555,8246,9000,8.32,Yes,8.7,7,38.3
Gottigere,12.8672,77.603,South,Apartment,2,1270,6850,5049,5352,5811,6309,6850,9.48,No,9.1,9.3,41.7
Anjanapura,12.8575,77.5715,South,Apartment,2,990,6150,4714,4959,5328,5724,6150,7.21,No,12.4,10.9,49.9
Sarjapur Road,12.9047,77.687,East,Builder Floor,2,850,11350,6871,7567,8662,9915,11350,13.37,No,4.3,11.9,40.7
Sarjapur Road,12.8999,77.6866,East,Apartment,4,2750,11700,7083,7800,8929,10221,11700,12.75,No,4.9,12.2,45.8
Devanahalli,13.2419,77.7102,North,Apartment,1,590,8700,4677,5272,6230,7362,8700,18.08,No,28,7.3,7.6
Hennur,13.0367,77.6397,North,Apartment,1,500,8350,5606,6051,6737,7500,8350,10.87,No,12.4,7.8,22.3
Varthur,12.9444,77.7495,East,Apartment,2,1350,7650,5045,5464,6113,6838,7650,11.7,No,3.4,13.3,41.3
Hennur,13.0405,77.6352,North,Builder Floor,2,1210,9150,6144,6631,7382,8219,9150,10.76,No,10.6,7.6,23.1
Kengeri,12.9153,77.4851,West,Builder Floor,2,960,5800,4536,4754,5080,5428,5800,6.92,Yes,19,9.1,44
Sarjapur Road,12.8996,77.6859,East,Apartment,3,2050,11950,7233,7966,9119,10439,11950,12.41,No,4.3,12.9,46.7
Electronic City,12.8456,77.6642,South,Builder Floor,3,1970,7350,4562,5000,5685,6464,7350,15.7,No,0.7,19.5,60.7
HSR Layout,12.9071,77.6356,South,Apartment,4,3390,14700,8543,9484,10976,12702,14700,14.38,No,5.3,8.1,43.2
Koramangala,12.9326,77.6236,South,Apartment,3,2120,20900,13084,14315,16240,18423,20900,12.2,No,4.8,5.2,40.6
Kengeri,12.9157,77.4854,West,Apartment,3,2180,5450,4263,4467,4773,5100,5450,7.63,Yes,20.9,9.8,46.8
Richmond Town,12.9628,77.6032,Central,Builder Floor,4,2220,14350,11225,11763,12569,13430,14350,7.03,Yes,10.6,2.7,34
Varthur,12.9453,77.7521,East,Apartment,3,1330,7100,4683,5072,5674,6347,7100,11.65,No,3.3,13.8,45.2
Rajajinagar,12.9931,77.551,West,Apartment,3,1460,14000,11177,11667,12398,13175,14000,6.13,Yes,12.7,3.9,32.5
Thanisandra,13.0612,77.6248,North,Apartment,2,1020,8900,5619,6138,6947,7863,8900,13.43,No,12.5,7.1,21.3
Hulimavu,12.8909,77.6172,South,Apartment,3,2000,6800,4916,5231,5709,6231,6800,9.91,No,7.2,8.8,46
Rajajinagar,12.992,77.5489,West,Apartment,2,1330,12700,10138,10583,11246,11951,12700,5.57,Yes,11.7,4,30.4
Jayanagar,12.9215,77.5961,South,Apartment,4,3260,14750,10366,11090,12196,13412,14750,11.09,Yes,10,3.5,35.9
Richmond Town,12.9647,77.6045,Central,Apartment,3,1620,13350,10442,10943,11693,12494,13350,6.12,Yes,12.4,3,34.9
Gottigere,12.873,77.6024,South,Villa,1,450,6550,4827,5117,5556,6033,6550,9.1,No,10.1,8.4,46.2
Hebbal,13.0343,77.5939,North,Apartment,2,1090,16200,10876,11739,13070,14551,16200,12.63,No,9.9,7.9,18.8
Malleshwaram,13.0072,77.5739,North,Builder Floor,3,2050,12600,11459,11667,11970,12281,12600,2.57,Yes,15,3.6,26.1
Malleshwaram,12.9996,77.5725,North,Villa,3,1670,14000,12730,12962,13299,13645,14000,2.32,Yes,14.1,3.7,27.5
Rajarajeshwari Nagar,12.9227,77.5072,West,Builder Floor,2,1210,8100,6148,6480,6980,7519,8100,7.64,Yes,15.3,8,41.8
RT Nagar,13.0164,77.5936,North,Apartment,2,900,6950,5849,6044,6332,6634,6950,4.4,No,13,5.1,26.4
Rajarajeshwari Nagar,12.9215,77.5112,West,Builder Floor,3,1460,7000,5313,5600,6032,6498,7000,7.09,Yes,15.4,9.1,45.1
Sarjapur Road,12.8989,77.6814,East,Apartment,3,1450,11450,6931,7633,8738,10002,11450,16.04,No,4.6,11.9,46.5
Bellandur,12.9267,77.6782,East,Apartment,2,1010,13150,7830,8651,9947,11437,13150,14.18,No,3.5,10.6,44.6
Richmond Town,12.9598,77.599,Central,Villa,3,2110,13750,10755,11271,12043,12868,13750,6.33,Yes,10.8,2.6,36.5
Richmond Town,12.958,77.6051,Central,Apartment,3,1760,13950,10911,11434,12218,13055,13950,7.71,Yes,11.5,2.8,33.7
Frazer Town,12.9791,77.6134,Central,Apartment,3,1660,12900,10739,11120,11684,12277,12900,5.36,No,10.9,4.1,34.7
Gottigere,12.8753,77.6009,South,Apartment,2,1300,6400,4716,4999,5428,5894,6400,9.74,No,9.8,9.8,43.2
Bellandur,12.9234,77.6738,East,Builder Floor,4,2290,13400,7979,8816,10136,11654,13400,15.87,No,3.6,11.3,46.8
Yelahanka,13.1031,77.594,North,Apartment,3,1430,10250,5863,6529,7588,8819,10250,14.97,No,21.3,4.8,13.1
Frazer Town,12.9754,77.6104,Central,Apartment,2,920,11400,9491,9828,10326,10850,11400,4.66,No,11.2,3.9,38.8
Kanakapura Road,12.8677,77.5879,South,Apartment,1,550,7900,5451,5852,6468,7148,7900,11.04,Yes,8.6,8.8,43.5
ITPL,12.985,77.7319,East,Apartment,2,1220,11650,7419,8090,9136,10317,11650,13.28,No,1.4,14.2,42.8
HSR Layout,12.9148,77.6376,South,Apartment,3,1370,14600,8485,9419,10901,12616,14600,17.97,No,5.5,7.8,42.3
Hulimavu,12.8944,77.6175,South,Apartment,2,1040,7350,5314,5654,6171,6735,7350,9.41,No,8.1,8.5,47.8
Manyata Tech Park,13.044,77.6167,North,Apartment,2,1200,12600,8310,9000,10068,11263,12600,10.94,No,0.5,7.5,18.5
Marathahalli,12.9558,77.6962,East,Apartment,2,1020,8700,5494,6001,6792,7687,8700,13.05,No,2.8,10.4,43.4
Thanisandra,13.0649,77.626,North,Apartment,2,1040,8750,5524,6034,6830,7731,8750,13.07,No,12.1,6.5,21.5
Hulimavu,12.8982,77.6149,South,Builder Floor,3,1740,7150,5168,5499,6002,6551,7150,10.02,No,6.9,7.7,47.9
Bellandur,12.9297,77.6761,East,Villa,3,1400,13250,7890,8717,10023,11524,13250,13.08,No,4.1,10.7,46.3
Hebbal,13.0324,77.5948,North,Apartment,2,880,15400,10339,11159,12424,13832,15400,10.41,No,10.2,8,19.1
Frazer Town,12.9795,77.6149,Central,Villa,3,1860,12600,10490,10862,11413,11992,12600,5.48,No,9.5,4.1,37.2
Thanisandra,13.0614,77.6299,North,Apartment,2,930,9650,6093,6655,7533,8526,9650,12.42,No,12.9,7.4,20.7
Richmond Town,12.9674,77.6049,Central,Apartment,2,930,13500,10559,11066,11824,12634,13500,7.46,Yes,10.4,2.9,31.6
Jayanagar,12.9263,77.5972,South,Apartment,3,1560,14500,10191,10902,11989,13185,14500,10.79,Yes,9.4,4.1,35
Bellandur,12.9254,77.6773,East,Villa,3,1600,13200,7860,8684,9985,11480,13200,15.46,No,3.5,11.2,40.2
Hebbal,13.0385,77.6011,North,Apartment,3,1790,16950,11380,12283,13675,15225,16950,10.33,No,9.5,7.9,17.7
Marathahalli,12.961,77.6973,East,Apartment,1,530,9400,5935,6483,7338,8305,9400,12.79,No,3.1,10.5,37.9
Koramangala,12.9388,77.625,South,Apartment,2,950,23050,14429,15787,17910,20318,23050,13.22,No,4.9,5,36
Marathahalli,12.9564,77.7007,East,Apartment,2,1000,9150,5777,6310,7142,8084,9150,11.35,No,3.4,10,38.3
JP Nagar,12.9057,77.5818,South,Apartment,3,1940,9650,6978,7424,8102,8842,9650,8.88,Yes,8.7,6.7,38.4
Varthur,12.9451,77.744,East,Apartment,3,1580,6900,4551,4929,5514,6168,6900,12.14,No,3.5,12.9,41
JP Nagar,12.9098,77.5841,South,Apartment,4,3160,10250,7411,7885,8606,9392,10250,8.62,Yes,8.3,6.4,42.9
Frazer Town,12.9734,77.6197,Central,Builder Floor,2,920,11800,9823,10172,10688,11230,11800,4.5,No,9.6,4,35.2
Hennur,13.044,77.6435,North,Apartment,1,680,9000,6043,6522,7261,8084,9000,12.11,No,10.6,7.1,21.9
Manyata Tech Park,13.0464,77.6205,North,Builder Floor,3,2150,12700,8375,9071,10148,11353,12700,10.97,No,0.5,7.5,20.5
Electronic City,12.8458,77.6586,South,Apartment,2,1080,7550,4686,5136,5840,6640,7550,12.7,No,0.8,17.6,52.7
Hulimavu,12.8994,77.6137,South,Builder Floor,3,1970,6650,4807,5115,5583,6093,6650,7.78,No,7.7,7.8,41.2
Hebbal,13.0385,77.592,North,Apartment,3,1620,15000,10070,10869,12101,13473,15000,12.12,No,9.2,8.7,18.6
Indiranagar,12.9825,77.6441,East,Apartment,2,1150,20850,13998,15109,16821,18727,20850,10.07,Yes,7.4,3.8,32.9
ITPL,12.9864,77.7261,East,Apartment,4,2110,11300,7197,7848,8862,10007,11300,13.93,No,1.6,14.2,42.7
KR Puram,13.0036,77.699,East,Apartment,3,2160,9100,4784,5416,6439,7655,9100,18.15,Yes,6.3,7.5,32.6
Anjanapura,12.8531,77.5736,South,Villa,2,1250,6700,5136,5403,5805,6236,6700,8.04,No,12.3,10.1,50.4
Devanahalli,13.2482,77.719,North,Apartment,3,2110,8800,4731,5333,6302,7447,8800,19.42,No,32.2,7.3,7.3
Bannerghatta Road,12.8812,77.5983,South,Apartment,3,1390,8900,5571,6095,6915,7845,8900,12.87,No,7.7,6.9,43.7
MG Road,12.9716,77.5972,Central,Villa,3,2060,16950,13815,14364,15179,16040,16950,5.82,Yes,12.5,3.2,35.8
Marathahalli,12.9616,77.7027,East,Apartment,1,630,8600,5430,5931,6713,7598,8600,14.12,No,3.2,9.1,37.9
Yelahanka,13.0991,77.5951,North,Apartment,3,1500,9800,5605,6242,7255,8432,9800,15.08,No,22,5.5,11.8
Gottigere,12.8706,77.5981,South,Apartment,2,1250,6600,4865,5157,5599,6079,6600,8.71,No,9,9.5,44.6
Rajarajeshwari Nagar,12.9179,77.5055,West,Builder Floor,2,1200,7100,5389,5680,6119,6591,7100,8.66,Yes,14.3,9.1,38
Malleshwaram,13.0059,77.5744,North,Apartment,3,2060,14300,13004,13241,13585,13938,14300,2.69,Yes,13.6,3.7,29.9
Anjanapura,12.8578,77.567,South,Builder Floor,1,520,6100,4676,4919,5285,5678,6100,7.72,No,13.2,9.2,50.3
ITPL,12.9807,77.7233,East,Apartment,2,1080,10200,6496,7084,7999,9033,10200,12.98,No,1.6,13.7,38.9
Bannerghatta Road,12.8758,77.5976,South,Builder Floor,3,1550,10300,6448,7055,8003,9079,10300,14.61,No,8,6.6,39.8
Yelahanka,13.0986,77.594,North,Apartment,4,3230,10400,5948,6624,7699,8948,10400,18.24,No,22.6,5.2,12.7
Sarjapur Road,12.8973,77.6878,East,Apartment,3,1580,11350,6871,7567,8662,9915,11350,14.61,No,4.1,12.1,42.6
Electronic City,12.8499,77.6597,South,Apartment,2,900,7450,4624,5068,5762,6552,7450,12.97,No,0.8,18.4,58.9
Devanahalli,13.2508,77.7171,North,Apartment,1,470,8650,4651,5243,6195,7320,8650,15.87,No,28.1,8.1,8.6
Varthur,12.9429,77.7481,East,Builder Floor,3,2120,7700,5078,5500,6153,6883,7700,10.38,No,3.2,13.3,40.1
Bellandur,12.9229,77.6801,East,Apartment,3,2150,12050,7176,7928,9115,10480,12050,14.23,No,3.8,10.3,42.3
JP Nagar,12.9039,77.581,South,Builder Floor,3,1650,9900,7157,7615,8311,9071,9900,9.32,Yes,9,6.1,37.4
Bellandur,12.9218,77.6814,East,Apartment,3,1620,12600,7502,8289,9531,10959,12600,14.23,No,3.7,10.2,44.1
MG Road,12.9764,77.5993,Central,Apartment,1,620,15650,12756,13263,14015,14810,15650,5.19,Yes,11.1,3,31.7
RT Nagar,13.0219,77.5932,North,Apartment,3,1960,7100,5976,6175,6469,6777,7100,5.33,No,13.8,5.1,25.8
Rajajinagar,12.9858,77.5522,West,Villa,3,1520,13700,10937,11417,12132,12892,13700,6.89,Yes,13.6,4.2,32.6
Richmond Town,12.9659,77.603,Central,Builder Floor,3,1630,14500,11341,11885,12700,13570,14500,7.14,Yes,11.5,2.8,38.1
Whitefield,12.9711,77.7534,East,Apartment,4,2280,14550,6312,7423,9290,11626,14550,25.42,Yes,2.1,13.5,38.3
RT Nagar,13.0152,77.5893,North,Apartment,1,550,7700,6480,6696,7015,7350,7700,5.13,No,13.6,5.5,26.2
Malleshwaram,12.9992,77.5722,North,Apartment,4,2110,12450,11322,11528,11828,12135,12450,2.45,Yes,12.9,3.8,27.2
Devanahalli,13.2462,77.7108,North,Apartment,2,940,9200,4947,5576,6589,7786,9200,16.39,No,30.1,8.1,8.5
Jayanagar,12.9273,77.597,South,Apartment,3,1360,14250,10016,10715,11783,12958,14250,11.1,Yes,10.3,3.8,37.8
Anjanapura,12.8598,77.5671,South,Apartment,2,1110,6300,4829,5080,5458,5864,6300,7.76,No,13,10.9,48.7
Frazer Town,12.9778,77.6142,Central,Apartment,1,570,12100,10073,10431,10960,11516,12100,5.12,No,11.3,3.7,38
Richmond Town,12.9637,77.6048,Central,Apartment,2,1310,14300,11185,11722,12525,13383,14300,6.24,Yes,11.9,3.1,34.7
Malleshwaram,13.0079,77.5721,North,Apartment,2,930,14550,13231,13472,13822,14181,14550,2.33,Yes,13.1,3.6,28.7
Malleshwaram,13.0084,77.5723,North,Apartment,2,1010,14250,12958,13194,13537,13889,14250,2.39,Yes,14.6,3.8,28
Bellandur,12.9274,77.6737,East,Apartment,2,930,12200,7265,8027,9229,10611,12200,14.61,No,3.6,11.6,46.3
Hebbal,13.0377,77.5945,North,Villa,1,500,15100,10138,10942,12182,13563,15100,12.66,No,9,7.4,19
Bellandur,12.9218,77.6784,East,Apartment,4,2210,12900,7682,8487,9758,11220,12900,14.69,No,3.9,11.4,44.8
MG Road,12.9715,77.5973,Central,Apartment,3,1820,16150,13164,13687,14463,15283,16150,5.85,Yes,11.7,2.9,38.6
Nagarbhavi,12.9628,77.5003,West,Apartment,2,1060,6550,5338,5550,5865,6198,6550,5.93,No,18.6,7.5,41.2
Kengeri,12.9151,77.4889,West,Apartment,3,1880,5400,4224,4427,4730,5054,5400,7.48,Yes,19.6,8.6,43.6
Hulimavu,12.893,77.617,South,Apartment,2,970,7150,5168,5499,6002,6551,7150,9.4,No,7.9,8.3,47.8
Manyata Tech Park,13.0453,77.6186,North,Builder Floor,3,1790,12100,7979,8642,9668,10816,12100,13.13,No,0.5,7.4,19.7
Indiranagar,12.9788,77.6387,East,Villa,3,1930,19850,13327,14384,16014,17829,19850,12.09,Yes,7.2,3.8,36.2
Thanisandra,13.0559,77.6244,North,Apartment,2,950,9500,5997,6551,7415,8393,9500,15.11,No,12.4,7.2,20.9
Yelahanka,13.1021,77.5929,North,Apartment,2,860,10050,5748,6401,7440,8647,10050,14.33,No,23.6,5,11.4
Anjanapura,12.8524,77.5709,South,Apartment,3,2000,6400,4906,5161,5545,5957,6400,6.99,No,11.3,9.8,43.9
Kengeri,12.9153,77.4822,West,Apartment,2,1160,5650,4420,4632,4949,5288,5650,7.36,Yes,18.9,8.6,39.1
Yelahanka,13.0956,77.5927,North,Builder Floor,3,2050,9850,5634,6274,7292,8475,9850,17.59,No,21.4,5.7,12.2
Bannerghatta Road,12.8802,77.6006,South,Apartment,1,640,9800,6136,6713,7615,8639,9800,14.94,No,8.3,7.1,42.3
Kanakapura Road,12.8639,77.5892,South,Builder Floor,3,1970,7900,5451,5852,6468,7148,7900,11.28,Yes,8.3,8.4,44.2
Indiranagar,12.9802,77.6434,East,Villa,2,1300,19950,13394,14457,16095,17919,19950,10.88,Yes,7.7,4.6,33.4
Malleshwaram,13.0004,77.574,North,Builder Floor,3,1500,13100,11913,12130,12445,12768,13100,2.78,Yes,14.4,3.8,28.5
JP Nagar,12.9108,77.5806,South,Apartment,2,1060,8800,6362,6769,7388,8063,8800,8.49,Yes,9.3,6.2,42.2
HSR Layout,12.9158,77.6412,South,Builder Floor,2,870,13250,7700,8548,9893,11449,13250,14.27,No,6.2,7.7,38.7
Marathahalli,12.9583,77.6963,East,Apartment,2,930,8500,5367,5862,6635,7510,8500,11.67,No,3.4,10.2,37.3
Electronic City,12.8461,77.6577,South,Apartment,1,510,7000,4345,4762,5414,6156,7000,14.52,No,0.8,18.3,54.4
Hebbal,13.0344,77.5949,North,Apartment,3,1520,15450,10372,11195,12464,13877,15450,12.79,No,9.3,7.5,19.3
Rajarajeshwari Nagar,12.9195,77.5115,West,Builder Floor,3,1770,7150,5426,5719,6161,6637,7150,7.91,Yes,14.3,8.6,43.2
Hennur,13.0349,77.6365,North,Apartment,1,520,8250,5539,5978,6656,7410,8250,12.11,No,10.6,7.1,21.2
Marathahalli,12.9575,77.6979,East,Apartment,3,1650,9100,5746,6276,7103,8040,9100,13.56,No,3.2,10.3,36.4
Jayanagar,12.9278,77.5983,South,Apartment,3,1610,15550,10929,11692,12858,14140,15550,9.16,Yes,10,3.7,35.7
Anjanapura,12.8577,77.5736,South,Apartment,2,860,6250,4791,5040,5415,5818,6250,8.02,No,12.4,10.7,50.7
Whitefield,12.9723,77.7474,East,Apartment,2,1210,13750,5965,7015,8779,10987,13750,25.82,Yes,1.8,15.7,42.9
HSR Layout,12.911,77.6355,South,Apartment,3,2060,14850,8631,9581,11088,12832,14850,15.81,No,5.6,8.4,40.8
Frazer Town,12.9826,77.6198,Central,Builder Floor,2,1150,12050,10031,10387,10914,11468,12050,4.77,No,10,4,35
Rajarajeshwari Nagar,12.9196,77.5056,West,Apartment,2,1340,7750,5881,6199,6678,7194,7750,8.3,Yes,14,9.1,42.4
Indiranagar,12.9764,77.6386,East,Apartment,3,2200,19200,12889,13912,15489,17245,19200,12.41,Yes,6.6,4.4,39
Kanakapura Road,12.8645,77.5837,South,Builder Floor,1,490,7850,5416,5815,6427,7103,7850,12.03,Yes,7.4,7.4,46.8
Yelahanka,13.1027,77.6008,North,Apartment,3,2090,10800,6177,6879,7995,9292,10800,16.83,No,20.7,4.8,11.9
Kengeri,12.914,77.4831,West,Apartment,2,1120,5550,4341,4549,4861,5194,5550,7.15,Yes,18.9,9.6,46.4
Bannerghatta Road,12.8747,77.5978,South,Apartment,2,1280,9400,5884,6438,7304,8286,9400,13.18,No,7.8,6.5,39.6
Kanakapura Road,12.8651,77.5806,South,Apartment,3,1510,8300,5726,6148,6795,7510,8300,9.15,Yes,8.4,7.6,42.9
Richmond Town,12.9673,77.6042,Central,Apartment,3,1990,13950,10911,11434,12218,13055,13950,7.62,Yes,10.6,2.8,36.5
RT Nagar,13.0248,77.5922,North,Apartment,3,1670,7150,6016,6217,6514,6825,7150,5.34,No,12.6,6,27.3
Electronic City,12.8418,77.6643,South,Builder Floor,3,1580,7500,4655,5102,5801,6596,7500,14.05,No,0.8,18.2,57.3
KR Puram,13.0082,77.6946,East,Apartment,1,700,9600,5047,5714,6793,8075,9600,21.32,Yes,6.7,6.1,34.4
Nagarbhavi,12.9639,77.5005,West,Apartment,1,500,6400,5216,5423,5731,6056,6400,5.46,No,17.4,6.8,43.8
Yelahanka,13.1031,77.592,North,Apartment,1,460,10900,6235,6943,8069,9378,10900,15.3,No,20.3,5.4,13.3
Whitefield,12.9694,77.7546,East,Apartment,3,1570,14450,6269,7372,9226,11546,14450,23.5,Yes,2,15.4,45.3
HSR Layout,12.9082,77.6346,South,Apartment,3,1380,13550,7875,8742,10117,11708,13550,14.9,No,6.2,7.5,42.2
Bannerghatta Road,12.8814,77.5933,South,Apartment,2,950,9200,5760,6302,7149,8110,9200,14.7,No,7.9,6.5,44.4
Banashankari,12.9349,77.555,South,Apartment,3,1800,8400,6570,6885,7357,7861,8400,7.5,Yes,10.9,4.5,34.4
Hoodi,12.9862,77.7177,East,Builder Floor,3,1410,9800,6350,6901,7757,8719,9800,13.96,Yes,3.6,11.2,39.4
Electronic City,12.8496,77.664,South,Apartment,1,590,7650,4749,5204,5917,6728,7650,14.6,No,0.8,17.8,60.3
Sarjapur Road,12.8961,77.6851,East,Apartment,3,1720,12250,7415,8166,9348,10701,12250,14.63,No,4.1,11.5,48.2
Hoodi,12.9809,77.7136,East,Builder Floor,4,2960,10650,6901,7500,8430,9475,10650,13.82,Yes,3.8,13,37.5
Hoodi,12.9839,77.7197,East,Apartment,2,940,10550,6837,7430,8351,9386,10550,10.66,Yes,3.7,12.1,36.4
Bellandur,12.9216,77.6794,East,Apartment,3,1410,12300,7324,8092,9304,10698,12300,15.05,No,3.5,11.1,42.7
Bannerghatta Road,12.8792,77.6022,South,Apartment,3,1710,10400,6510,7123,8081,9167,10400,12.3,No,8.1,6.4,46.4
Koramangala,12.9336,77.6255,South,Apartment,2,1210,22500,14085,15411,17483,19833,22500,13.08,No,4.9,5.1,35.1
Devanahalli,13.2502,77.7184,North,Apartment,3,2010,9250,4974,5606,6625,7828,9250,16.14,No,30.7,8.1,7.4
Gottigere,12.8688,77.5985,South,Builder Floor,2,1160,7000,5159,5469,5938,6447,7000,9.68,No,10.9,9.3,49.2
Yelahanka,13.1049,77.5977,North,Apartment,2,1340,10600,6063,6752,7847,9120,10600,16.77,No,23.4,5.5,12.3
ITPL,12.9868,77.7261,East,Builder Floor,4,3250,10550,6719,7327,8274,9343,10550,14.02,No,1.6,14.3,41.3
Manyata Tech Park,13.0413,77.6225,North,Apartment,1,580,11950,7881,8536,9549,10682,11950,10.45,No,0.5,6.5,17.4
Frazer Town,12.9772,77.6102,Central,Builder Floor,4,3040,11950,9949,10302,10824,11373,11950,5.49,No,10.8,4,33.1
Nagarbhavi,12.9668,77.5068,West,Apartment,2,1040,5850,4769,4958,5239,5536,5850,5.59,No,19.4,6.5,44.4
Hebbal,13.0326,77.5994,North,Apartment,3,1490,16050,10775,11630,12948,14416,16050,12.37,No,9.9,8.6,18
Anjanapura,12.8521,77.5704,South,Builder Floor,3,1390,6050,4637,4878,5241,5631,6050,7.33,No,11.4,10.4,52.7
Kanakapura Road,12.8625,77.5875,South,Apartment,3,1510,8200,5657,6074,6713,7419,8200,9.34,Yes,8.8,7.6,44.3
Varthur,12.9472,77.7531,East,Apartment,2,1310,6900,4551,4929,5514,6168,6900,13.09,No,3.2,12.5,46.2
Hennur,13.0441,77.6432,North,Apartment,2,1340,9150,6144,6631,7382,8219,9150,11.34,No,10.5,7,21
Manyata Tech Park,13.0449,77.6225,North,Apartment,2,1100,11600,7650,8286,9269,10369,11600,11.76,No,0.5,6.8,20.8
Hennur,13.0398,77.6418,North,Apartment,2,1120,8150,5472,5906,6575,7320,8150,11.23,No,12.1,7.8,24.2
Rajarajeshwari Nagar,12.9248,77.511,West,Apartment,1,620,7800,5920,6240,6722,7241,7800,7.69,Yes,15.6,8.4,45.6
Yelahanka,13.0993,77.5945,North,Apartment,2,1300,10850,6206,6911,8032,9335,10850,15.4,No,22.7,5,13.5
MG Road,12.9719,77.6047,Central,Villa,3,1830,16800,13693,14237,15045,15898,16800,5.94,Yes,12,3.3,36.2
Marathahalli,12.9619,77.6968,East,Apartment,2,1070,8850,5587,6103,6908,7819,8850,11.77,No,3.4,10.7,39.2
Kanakapura Road,12.8648,77.5822,South,Builder Floor,1,630,8800,6071,6518,7204,7962,8800,10.78,Yes,8.2,7.4,42.3
Electronic City,12.8472,77.6607,South,Apartment,2,1160,7400,4593,5034,5724,6508,7400,13.7,No,0.8,19.1,57.4
Bannerghatta Road,12.8791,77.6008,South,Villa,3,1650,10400,6510,7123,8081,9167,10400,12.8,No,8.8,6,39.9
Malleshwaram,12.999,77.5661,North,Builder Floor,3,1590,13500,12277,12500,12825,13158,13500,2.23,Yes,14.5,3.8,25.6
Whitefield,12.9732,77.7485,East,Villa,3,1950,15150,6572,7729,9673,12106,15150,28.2,Yes,2,15.1,41.1
Jayanagar,12.928,77.5974,South,Villa,3,1740,15200,10683,11429,12569,13822,15200,10.1,Yes,10.3,3.7,38.8
Kanakapura Road,12.8621,77.5864,South,Apartment,1,450,8500,5865,6297,6959,7691,8500,11.68,Yes,7.6,8.5,46.4
MG Road,12.976,77.5978,Central,Apartment,3,1300,15600,12716,13221,13971,14763,15600,6.24,Yes,11.3,2.9,37.3
Hoodi,12.9854,77.7149,East,Apartment,2,860,11100,7194,7818,8787,9876,11100,11.27,Yes,3.6,12,35.9
Hulimavu,12.8948,77.6108,South,Apartment,1,460,7100,5133,5461,5960,6505,7100,9.27,No,7.7,7.9,48.3
Hulimavu,12.8915,77.6175,South,Builder Floor,3,2100,7100,5133,5461,5960,6505,7100,9.95,No,7.5,8.2,46.8
Rajarajeshwari Nagar,12.9244,77.5034,West,Apartment,3,1370,7500,5692,6000,6463,6962,7500,6.87,Yes,15.1,8.5,41.3
Kengeri,12.9143,77.4804,West,Builder Floor,2,1110,5950,4654,4877,5211,5568,5950,5.97,Yes,20.1,8.8,46.6
Hebbal,13.0379,77.6014,North,Villa,3,1800,16850,11313,12210,13594,15135,16850,12.16,No,10.4,8.7,18.1
Kanakapura Road,12.8669,77.587,South,Apartment,2,1190,8000,5520,5926,6549,7238,8000,11.74,Yes,7.8,8.1,46.5
Whitefield,12.9656,77.7533,East,Apartment,3,1670,15100,6552,7705,9642,12066,15100,23.19,Yes,1.9,13.8,39.5
Manyata Tech Park,13.0473,77.6176,North,Apartment,1,700,11900,7847,8499,9508,10637,11900,10.49,No,0.5,7.2,18.4
ITPL,12.9814,77.7277,East,Apartment,2,1260,11450,7291,7951,8979,10140,11450,14.44,No,1.5,13.6,40.6
MG Road,12.9727,77.6055,Central,Villa,3,1980,16950,13815,14364,15179,16040,16950,5.33,Yes,11.1,2.8,37.9
Rajarajeshwari Nagar,12.918,77.5087,West,Apartment,2,1020,7600,5768,6080,6549,7055,7600,6.63,Yes,15,8.3,39.8
Hulimavu,12.9,77.609,South,Apartment,3,2040,7700,5567,5923,6464,7055,7700,8.35,No,7.3,8.7,46.1
Rajajinagar,12.9895,77.5538,West,Apartment,3,1520,13550,10817,11291,11999,12751,13550,5.82,Yes,11.4,4,28.7
Hoodi,12.985,77.7176,East,Apartment,2,1010,11250,7290,7923,8905,10009,11250,13.22,Yes,3.6,11.6,38.7
Devanahalli,13.2483,77.7185,North,Builder Floor,3,1620,8800,4731,5333,6302,7447,8800,19.35,No,31,8.2,7.5
Manyata Tech Park,13.0426,77.6215,North,Apartment,3,1970,11950,7881,8536,9549,10682,11950,13.48,No,0.5,6.7,18.3
Yelahanka,13.1038,77.5988,North,Builder Floor,3,1410,10750,6149,6847,7958,9249,10750,14.08,No,21,4.8,12
Kengeri,12.9189,77.4822,West,Builder Floor,2,880,5800,4536,4754,5080,5428,5800,6.93,Yes,19.3,8.5,38.9
RT Nagar,13.0203,77.5925,North,Apartment,3,1680,7500,6311,6522,6833,7159,7500,4.15,No,13.7,5.1,25.3
Rajarajeshwari Nagar,12.9196,77.5108,West,Apartment,3,2040,7600,5768,6080,6549,7055,7600,7.7,Yes,15.7,8.4,44.7
Hebbal,13.0353,77.594,North,Villa,3,1590,16000,10742,11594,12908,14371,16000,11.41,No,10.7,8.6,17.7
Whitefield,12.973,77.7458,East,Villa,4,3220,14750,6400,7526,9418,11786,14750,23.72,Yes,2,15.2,45.6
Anjanapura,12.8521,77.5653,South,Apartment,2,1120,6000,4600,4839,5199,5585,6000,7.79,No,12,10.8,52.7
Rajarajeshwari Nagar,12.9177,77.5079,West,Apartment,2,1150,7150,5426,5719,6161,6637,7150,8.07,Yes,14.7,7.9,39.5
Kengeri,12.9137,77.4848,West,Builder Floor,1,660,6150,4811,5042,5387,5756,6150,6.3,Yes,20.9,9,45.8
Marathahalli,12.962,77.6964,East,Builder Floor,3,2090,9150,5777,6310,7142,8084,9150,13.48,No,3,9.3,39.4
Electronic City,12.8418,77.6601,South,Apartment,2,1350,7150,4438,4864,5530,6288,7150,15.3,No,0.8,16.9,52.3
Electronic City,12.8501,77.6597,South,Apartment,2,1030,7250,4500,4932,5608,6376,7250,14.35,No,0.7,18.3,55.2
Hulimavu,12.8959,77.6161,South,Apartment,2,1260,7550,5459,5808,6339,6918,7550,8.03,No,7.1,8.1,48.4
Jayanagar,12.921,77.592,South,Villa,4,2740,15800,11104,11879,13064,14367,15800,11.4,Yes,8.6,4.1,39.7
Bellandur,12.9268,77.679,East,Builder Floor,2,910,12050,7176,7928,9115,10480,12050,15.89,No,4.1,11.5,40.7
Whitefield,12.9728,77.7531,East,Apartment,3,1420,13700,5943,6989,8747,10947,13700,24.95,Yes,2.1,15.8,44.5
Nagarbhavi,12.9662,77.5062,West,Villa,2,1170,6700,5461,5678,6000,6340,6700,6.35,No,18.9,7.3,43.8
Gottigere,12.8757,77.5996,South,Apartment,2,1080,7100,5232,5546,6022,6539,7100,9.03,No,9,8.8,48.9
Varthur,12.9461,77.7477,East,Apartment,2,1080,7050,4649,5035,5633,6302,7050,11.93,No,3.3,12.4,45
Gottigere,12.8718,77.6038,South,Apartment,2,1260,6600,4865,5157,5599,6079,6600,9.75,No,10.2,8.7,50.5
Hennur,13.0347,77.6439,North,Apartment,3,1650,8000,5371,5797,6454,7186,8000,12.99,No,10.9,7.2,22.2
Banashankari,12.9305,77.555,South,Apartment,2,1230,8700,6805,7131,7620,8142,8700,6.45,Yes,10.5,5,41.4
Whitefield,12.967,77.7491,East,Apartment,2,950,14450,6269,7372,9226,11546,14450,22.48,Yes,1.9,13.4,45.2
Hoodi,12.9789,77.7119,East,Apartment,2,1140,10400,6739,7324,8232,9253,10400,13.92,Yes,4.1,10.8,35.8
Sarjapur Road,12.9035,77.6831,East,Apartment,2,890,11300,6840,7533,8623,9871,11300,13.45,No,4.6,11.5,44.6
Varthur,12.9515,77.7492,East,Apartment,2,1280,7300,4814,5214,5833,6525,7300,12.08,No,3.3,13.8,41.5
Manyata Tech Park,13.0446,77.6175,North,Apartment,3,1890,11200,7386,8000,8950,10012,11200,12.55,No,0.5,7.2,19.5
Frazer Town,12.9802,77.6166,Central,Builder Floor,1,550,12700,10574,10949,11504,12087,12700,5.63,No,11,3.7,35.8
RT Nagar,13.0213,77.5854,North,Apartment,2,1350,7300,6143,6348,6651,6968,7300,4.34,No,14.1,5.2,26.6
Bellandur,12.9216,77.6751,East,Apartment,3,2180,13850,8247,9112,10477,12046,13850,14.94,No,4.1,10.4,41.7
Devanahalli,13.2485,77.7092,North,Builder Floor,2,1310,9200,4947,5576,6589,7786,9200,18.58,No,28.5,8.3,7.9
Malleshwaram,13.0052,77.5737,North,Apartment,2,850,13750,12505,12732,13063,13402,13750,2.57,Yes,13.8,3.3,26.4
Sarjapur Road,12.9003,77.6829,East,Apartment,2,1110,11300,6840,7533,8623,9871,11300,14.83,No,4.7,11.5,43.5
Yelahanka,13.1042,77.5987,North,Builder Floor,1,690,9650,5520,6147,7144,8303,9650,16.29,No,22.6,5.5,13.1
ITPL,12.9866,77.7294,East,Villa,1,480,11150,7101,7743,8744,9874,11150,14.42,No,1.4,13.5,35.7
HSR Layout,12.9073,77.6428,South,Apartment,3,2140,13950,8107,9000,10416,12054,13950,17.81,No,5.5,8,45.4
Frazer Town,12.9816,77.6157,Central,Apartment,3,1300,11400,9491,9828,10326,10850,11400,4.65,No,11,3.9,33.2
Yelahanka,13.1041,77.5931,North,Apartment,1,510,11000,6291,7006,8143,9464,11000,15.5,No,20.3,5,13
Banashankari,12.9309,77.5588,South,Apartment,2,940,8250,6453,6763,7226,7721,8250,7.84,Yes,10.5,5.2,36.2
Devanahalli,13.2434,77.713,North,Apartment,2,1080,8850,4759,5364,6338,7489,8850,20.55,No,32.7,7.7,7.7
RT Nagar,13.025,77.5851,North,Apartment,2,1030,7400,6227,6435,6742,7063,7400,4.17,No,12.5,5.2,25
Hebbal,13.0353,77.594,North,Villa,3,2120,16950,11380,12283,13675,15225,16950,10.91,No,9.6,8.6,16.3
Indiranagar,12.9749,77.6427,East,Apartment,4,2780,20200,13562,14638,16297,18144,20200,10.7,Yes,7.3,3.8,39.2
Malleshwaram,13.0001,77.5715,North,Apartment,2,950,12550,11412,11620,11922,12232,12550,2.43,Yes,14.6,3.2,27.7
Whitefield,12.9736,77.7512,East,Apartment,3,2080,14200,6161,7245,9067,11347,14200,26.31,Yes,1.8,13.9,43
Indiranagar,12.9814,77.6399,East,Villa,4,2060,18500,12421,13406,14925,16617,18500,12.42,Yes,6.9,4.4,35.6
Manyata Tech Park,13.0443,77.6216,North,Builder Floor,3,1620,12550,8276,8964,10028,11218,12550,11.02,No,0.5,6.8,17.2
Marathahalli,12.9625,77.6964,East,Apartment,3,2040,9250,5840,6379,7220,8172,9250,13.36,No,3.2,9.2,36.3
JP Nagar,12.9062,77.584,South,Apartment,3,1960,9100,6579,7000,7640,8338,9100,9.05,Yes,9.8,5.9,38.6
JP Nagar,12.9099,77.5853,South,Apartment,2,890,8900,6434,6846,7472,8155,8900,8.83,Yes,8.7,6.1,40.7
Hennur,13.0429,77.6422,North,Builder Floor,2,930,8300,5572,6014,6696,7455,8300,10.22,No,10.9,6.9,21.7
Rajajinagar,12.9931,77.5567,West,Builder Floor,2,1230,13400,10697,11166,11866,12610,13400,5.61,Yes,13.1,4.2,27.7
Frazer Town,12.9823,77.6194,Central,Apartment,1,690,11350,9450,9785,10281,10802,11350,4.5,No,11.5,3.9,36.5
RT Nagar,13.0227,77.5895,North,Apartment,2,940,7800,6564,6783,7106,7445,7800,5.24,No,13.4,5.6,22.5
JP Nagar,12.9078,77.5867,South,Builder Floor,1,560,9550,6904,7346,8017,8750,9550,8.41,Yes,9.3,6.2,37.3
Jayanagar,12.9203,77.59,South,Apartment,3,1690,15600,10964,11729,12899,14185,15600,10.23,Yes,10,4,42.1
Rajajinagar,12.9877,77.5567,West,Villa,4,2170,14250,11376,11875,12619,13410,14250,5.55,Yes,12.3,3.7,28.2
Varthur,12.9467,77.7513,East,Apartment,3,2050,7600,5013,5429,6073,6794,7600,12.69,No,3.3,11.8,43.6
Anjanapura,12.8548,77.5711,South,Apartment,2,1160,6400,4906,5161,5545,5957,6400,7.74,No,11,10,45.4
Whitefield,12.9687,77.7545,East,Apartment,2,1100,13500,5856,6887,8619,10787,13500,28.69,Yes,1.8,14.2,45.2
Kanakapura Road,12.8625,77.5862,South,Apartment,2,1240,8950,6175,6630,7327,8098,8950,11.58,Yes,8,8.5,43.3
KR Puram,13.0028,77.7014,East,Builder Floor,2,970,9500,4995,5655,6722,7991,9500,19.07,Yes,6.6,7.2,38.3
Devanahalli,13.2479,77.7133,North,Apartment,1,540,8700,4677,5272,6230,7362,8700,17.86,No,32.7,8.4,7.4
MG Road,12.9747,77.598,Central,Villa,2,950,15050,12268,12755,13478,14242,15050,5.69,Yes,11.5,3.1,33.7
Varthur,12.9434,77.7457,East,Apartment,2,1320,7750,5111,5536,6193,6928,7750,10.71,No,3.2,12.4,42.8
Anjanapura,12.8519,77.566,South,Builder Floor,2,980,5700,4370,4597,4939,5306,5700,7.69,No,11.4,10.8,46.9
Devanahalli,13.2486,77.712,North,Apartment,3,1420,9500,5107,5757,6803,8039,9500,16.2,No,31.7,7.2,8.3
Bellandur,12.926,77.6792,East,Builder Floor,2,1210,13850,8247,9112,10477,12046,13850,15.38,No,4.1,11.7,39.9
Thanisandra,13.0597,77.6279,North,Builder Floor,2,1110,10200,6440,7034,7962,9012,10200,12.95,No,13,7.6,18.3
Indiranagar,12.9774,77.6403,East,Apartment,2,1210,20600,13830,14927,16619,18503,20600,9.74,Yes,6.8,4.2,37.3
Rajajinagar,12.9897,77.5498,West,Apartment,2,1090,14150,11297,11792,12531,13316,14150,5.41,Yes,13.6,3.8,31.7
MG Road,12.9717,77.6059,Central,Apartment,3,1370,15000,12227,12712,13433,14195,15000,5.29,Yes,10.9,3.4,37.1
Kanakapura Road,12.8646,77.59,South,Builder Floor,2,1070,8000,5520,5926,6549,7238,8000,9.7,Yes,7.8,7.5,48.6
Rajajinagar,12.9918,77.5546,West,Villa,2,1110,14450,11535,12041,12796,13598,14450,6.83,Yes,12.8,4.2,30.7
RT Nagar,13.0193,77.5878,North,Apartment,1,640,7700,6480,6696,7015,7350,7700,4.89,No,13.8,5.4,23.9
HSR Layout,12.9155,77.6356,South,Apartment,2,1070,14000,8136,9032,10453,12097,14000,16.87,No,5.9,7.2,41.9
Electronic City,12.8475,77.6596,South,Builder Floor,2,1320,7050,4376,4796,5453,6200,7050,14.92,No,0.8,16.7,55.3
Electronic City,12.8421,77.6617,South,Builder Floor,2,990,7450,4624,5068,5762,6552,7450,15.5,No,0.8,17.5,60
Hoodi,12.9825,77.7207,East,Apartment,4,3170,10600,6869,7465,8391,9431,10600,11.36,Yes,4.4,10.9,38.8
Hennur,13.0373,77.6438,North,Apartment,2,1040,8950,6009,6486,7221,8039,8950,12.39,No,11,6.8,20.4
ITPL,12.9833,77.7296,East,Builder Floor,4,3120,11650,7419,8090,9136,10317,11650,14.75,No,1.6,12.5,35.6
Bannerghatta Road,12.8787,77.6001,South,Builder Floor,3,1880,9300,5822,6370,7226,8198,9300,13.92,No,8.2,6.3,46.1
Gottigere,12.8684,77.5972,South,Apartment,2,1240,6650,4901,5195,5641,6125,6650,8.76,No,9.8,8.4,49.8
Bellandur,12.9296,77.6738,East,Apartment,3,2120,13750,8188,9046,10401,11959,13750,13.72,No,4,10.8,40.8
Malleshwaram,13,77.5734,North,Apartment,4,3370,13150,11958,12176,12492,12817,13150,2.5,Yes,14,3.8,26.7
Electronic City,12.8464,77.6631,South,Apartment,2,940,6950,4313,4727,5375,6112,6950,13.77,No,0.9,18,50.4
Anjanapura,12.8601,77.5678,South,Apartment,2,1120,6100,4676,4919,5285,5678,6100,7.52,No,12,10.9,45.2
Manyata Tech Park,13.0433,77.6262,North,Apartment,1,450,11300,7452,8071,9029,10101,11300,10.74,No,0.5,7.2,17.3
RT Nagar,13.0196,77.5932,North,Builder Floor,3,2100,7050,5933,6131,6423,6729,7050,4.59,No,12.7,5.4,26.1
Varthur,12.9493,77.7473,East,Builder Floor,3,1530,7700,5078,5500,6153,6883,7700,12.52,No,3.5,12.3,41.8
Devanahalli,13.2509,77.7125,North,Apartment,3,1740,9550,5135,5788,6839,8082,9550,19.18,No,31.7,7.5,7.3
Gottigere,12.8756,77.5995,South,Apartment,2,940,6350,4680,4961,5386,5848,6350,9.32,No,10.8,9.1,43.9
Devanahalli,13.2467,77.7132,North,Apartment,1,470,8950,4813,5425,6410,7574,8950,17.82,No,31,7.6,7.8
Nagarbhavi,12.965,77.4995,West,Builder Floor,1,570,6500,5299,5509,5821,6151,6500,6.49,No,17.6,6.7,44.8
ITPL,12.9901,77.727,East,Apartment,1,540,11750,7482,8159,9214,10405,11750,11.23,No,1.6,12.5,36.1
Kengeri,12.9194,77.4825,West,Apartment,1,460,5750,4497,4713,5036,5381,5750,6.46,Yes,21.6,8.7,39.8
MG Road,12.9736,77.5964,Central,Apartment,3,2090,16750,13653,14195,15000,15851,16750,6.38,Yes,13,3.2,32.6
KR Puram,13.0077,77.7024,East,Apartment,2,1040,10300,5415,6131,7288,8664,10300,21.69,Yes,5.9,6.6,35.3
Manyata Tech Park,13.0451,77.6183,North,Apartment,3,1610,11400,7518,8143,9110,10191,11400,11.38,No,0.5,6.8,20.7
Indiranagar,12.9789,77.6416,East,Apartment,3,2160,21000,14098,15217,16942,18862,21000,9.69,Yes,6.6,4,32.7
KR Puram,13.0083,77.6997,East,Builder Floor,1,560,10200,5362,6071,7217,8580,10200,20.11,Yes,6.3,6.5,34.3
Devanahalli,13.2467,77.7123,North,Apartment,1,620,8350,4490,5061,5980,7066,8350,17.29,No,33,8.2,7.8
Rajarajeshwari Nagar,12.9254,77.5047,West,Apartment,2,960,7300,5541,5840,6291,6777,7300,6.67,Yes,15.1,8.8,41.9
Thanisandra,13.0644,77.6256,North,Apartment,1,530,9550,6030,6587,7455,8438,9550,12.46,No,12.9,6.5,21.1
Anjanapura,12.8587,77.5697,South,Apartment,1,480,6050,4637,4878,5241,5631,6050,7.71,No,12.6,10.1,49.1
Rajarajeshwari Nagar,12.9255,77.5115,West,Apartment,2,1040,7950,6034,6360,6851,7380,7950,7.78,Yes,14.2,9.3,42.7
Electronic City,12.8454,77.6649,South,Apartment,1,530,7250,4500,4932,5608,6376,7250,13.43,No,0.8,18,60.7
Marathahalli,12.9615,77.7014,East,Apartment,3,1390,9300,5872,6414,7260,8217,9300,14.9,No,3.3,10.4,42.8
Thanisandra,13.0558,77.626,North,Apartment,3,1740,10200,6440,7034,7962,9012,10200,12.45,No,13,6.7,19.6
Frazer Town,12.9745,77.6154,Central,Villa,1,490,12900,10739,11120,11684,12277,12900,4.76,No,10.1,3.9,37.6
Jayanagar,12.926,77.5942,South,Villa,3,2080,15600,10964,11729,12899,14185,15600,8.73,Yes,9.6,3.7,36.6
Jayanagar,12.926,77.5911,South,Apartment,3,2100,16450,11562,12369,13602,14958,16450,10.31,Yes,8.8,3.4,42.2
MG Road,12.9784,77.6008,Central,Apartment,3,2190,14900,12145,12627,13343,14100,14900,5.53,Yes,11.1,2.9,33.3
Jayanagar,12.9295,77.5932,South,Villa,3,1320,14250,10016,10715,11783,12958,14250,9.01,Yes,10.4,3.6,39.8
Marathahalli,12.9576,77.6966,East,Apartment,3,1840,9650,6093,6655,7533,8526,9650,14.27,No,3.2,9.9,36.4
Hoodi,12.9798,77.7179,East,Apartment,4,2570,10500,6803,7394,8311,9342,10500,13.35,Yes,4.4,12.2,39.1
ITPL,12.9825,77.7292,East,Apartment,2,1140,11400,7260,7917,8940,10095,11400,13.17,No,1.5,14.4,36.2
MG Road,12.9722,77.6023,Central,Villa,3,1570,16900,13776,14323,15135,15993,16900,6.13,Yes,11.1,3,32.2
Rajajinagar,12.9935,77.5579,West,Apartment,3,2170,13250,10578,11042,11734,12469,13250,5.64,Yes,11.9,4.2,32.8
Sarjapur Road,12.9043,77.6886,East,Apartment,4,2030,12000,7264,8000,9158,10483,12000,13.76,No,4.5,12.3,41.6
Hulimavu,12.9,77.6149,South,Builder Floor,2,1080,7450,5385,5730,6254,6826,7450,9.74,No,7.8,8.8,45.7
Gottigere,12.8713,77.5946,South,Villa,2,1110,7150,5270,5586,6065,6585,7150,8.77,No,10.4,9.7,42.3
Yelahanka,13.1008,77.6012,North,Apartment,3,1980,10900,6235,6943,8069,9378,10900,15.85,No,23.2,4.7,11.7
RT Nagar,13.0189,77.5937,North,Builder Floor,2,1140,7900,6647,6869,7197,7540,7900,4.61,No,11.9,5.6,22.5
Anjanapura,12.8577,77.5692,South,Apartment,2,1040,6450,4945,5202,5589,6004,6450,7.54,No,12.5,10.7,48.6
Varthur,12.9487,77.7529,East,Apartment,3,1760,7850,5177,5607,6273,7017,7850,12.96,No,3.2,13.6,42.9
Sarjapur Road,12.9019,77.6903,East,Apartment,2,920,12700,7688,8467,9692,11094,12700,15.42,No,4.3,12.2,47.5
Electronic City,12.8413,77.6614,South,Apartment,3,2090,7000,4345,4762,5414,6156,7000,14.3,No,0.8,16.5,50.3
ITPL,12.9855,77.7239,East,Apartment,2,900,10250,6527,7118,8038,9077,10250,12.68,No,1.4,13.7,36.7
RT Nagar,13.0179,77.5898,North,Apartment,2,1200,7400,6227,6435,6742,7063,7400,4.93,No,12.5,5.5,27.5
Bannerghatta Road,12.8772,77.601,South,Apartment,2,1020,9150,5728,6267,7110,8066,9150,13.13,No,9,7,41.1
Devanahalli,13.2451,77.717,North,Apartment,3,1970,9250,4974,5606,6625,7828,9250,19.91,No,28.7,8.5,8.2
Banashankari,12.9353,77.5584,South,Apartment,2,930,8050,6297,6599,7051,7534,8050,7.14,Yes,9.9,4.8,38.6
Frazer Town,12.9731,77.6127,Central,Apartment,1,630,12150,10116,10475,11006,11564,12150,5.27,No,10.2,3.8,36.9
Bellandur,12.9285,77.6746,East,Apartment,2,1300,12450,7413,8190,9417,10828,12450,14.37,No,4.1,12,45.2
Gottigere,12.8743,77.5941,South,Builder Floor,2,920,6800,5011,5312,5768,6263,6800,8.69,No,9.2,9.3,42
Hoodi,12.9823,77.7147,East,Apartment,3,1550,9650,6252,6795,7638,8585,9650,13.57,Yes,4.2,11.7,41.6
Kanakapura Road,12.8672,77.5866,South,Builder Floor,1,480,8800,6071,6518,7204,7962,8800,11.67,Yes,8,8,46.5
Hennur,13.0351,77.641,North,Apartment,2,1110,9150,6144,6631,7382,8219,9150,10.89,No,10.7,8.1,21.6
Richmond Town,12.9659,77.6057,Central,Apartment,3,1680,15250,11928,12500,13357,14272,15250,7.29,Yes,12.3,2.8,36.8
Jayanagar,12.9254,77.5986,South,Villa,3,2200,15650,10999,11767,12941,14231,15650,9.21,Yes,8.6,3.5,38.2
KR Puram,13.0054,77.693,East,Apartment,3,2110,9900,5205,5893,7005,8328,9900,16.45,Yes,6.7,6.4,31.7
Richmond Town,12.9645,77.5991,Central,Builder Floor,2,1070,13450,10519,11024,11780,12587,13450,7.26,Yes,10.8,2.5,37.1
Thanisandra,13.0608,77.6236,North,Apartment,2,870,10000,6314,6897,7806,8835,10000,13.18,No,11.5,6.6,20.3
HSR Layout,12.9105,77.6425,South,Builder Floor,3,1450,14050,8165,9064,10490,12140,14050,13.54,No,5.2,8.6,42.9
Marathahalli,12.9591,77.6999,East,Apartment,3,1940,9300,5872,6414,7260,8217,9300,12.69,No,3,9.3,41.4
Manyata Tech Park,13.0491,77.6255,North,Apartment,2,1040,12650,8343,9036,10108,11308,12650,10.27,No,0.5,7.5,20
Bannerghatta Road,12.876,77.5928,South,Apartment,1,640,9650,6041,6609,7498,8506,9650,13.95,No,8.4,6.3,43.2
Rajajinagar,12.9872,77.5509,West,Apartment,3,1650,14050,11216,11708,12442,13222,14050,6.76,Yes,12.4,4.2,31.7
RT Nagar,13.0239,77.5926,North,Apartment,1,530,7250,6100,6304,6605,6920,7250,5.4,No,13.1,5.6,25.9
Malleshwaram,13.0067,77.5734,North,Apartment,3,1530,14250,12958,13194,13537,13889,14250,2.54,Yes,14.4,3.6,28.6
Devanahalli,13.2474,77.7185,North,Apartment,2,1040,8800,4731,5333,6302,7447,8800,15.74,No,32.7,8.2,8.4
Banashankari,12.9341,77.5557,South,Apartment,2,850,8000,6258,6558,7007,7487,8000,5.95,Yes,11.3,4.9,37.7
Bannerghatta Road,12.883,77.593,South,Villa,3,1850,9450,5916,6473,7343,8330,9450,14.05,No,8.9,6.7,42.2
Kanakapura Road,12.8611,77.5864,South,Villa,1,690,8950,6175,6630,7327,8098,8950,9.56,Yes,7.3,8.7,45.4
MG Road,12.9744,77.5989,Central,Apartment,3,1470,16800,13693,14237,15045,15898,16800,5.82,Yes,12.4,2.9,35
HSR Layout,12.9158,77.6379,South,Apartment,2,1210,13700,7962,8839,10229,11838,13700,14.79,No,5.5,7.6,41.7
HSR Layout,12.9162,77.6347,South,Villa,3,1720,13400,7788,8645,10005,11579,13400,16.11,No,5.8,7.1,38.8
Hoodi,12.987,77.7148,East,Villa,3,2100,10650,6901,7500,8430,9475,10650,12.99,Yes,4.1,11.5,36.3
Hennur,13.0427,77.6375,North,Apartment,2,1100,8750,5874,6340,7059,7859,8750,10.77,No,10.9,7.8,23.4
Hulimavu,12.8921,77.6086,South,Villa,2,1340,6700,4844,5154,5625,6139,6700,9.64,No,7,8.4,39.7
Varthur,12.9448,77.746,East,Apartment,2,1090,7300,4814,5214,5833,6525,7300,10.86,No,3.3,12.6,40
JP Nagar,12.906,77.5871,South,Apartment,2,1230,10100,7302,7769,8479,9254,10100,8.31,Yes,8.8,6.5,36.7
Rajajinagar,12.9882,77.5481,West,Apartment,2,1120,12850,10258,10708,11379,12092,12850,6.37,Yes,13,3.8,28.4
Hennur,13.0423,77.6384,North,Apartment,1,620,8250,5539,5978,6656,7410,8250,12.46,No,11.2,7.6,22.4
Frazer Town,12.9781,77.6176,Central,Apartment,4,3330,12950,10781,11164,11730,12325,12950,4.46,No,11,3.4,34.2
Hulimavu,12.892,77.6115,South,Builder Floor,3,1580,6950,5025,5346,5835,6368,6950,9.6,No,6.8,8.5,41.5
Varthur,12.9438,77.7469,East,Builder Floor,2,1110,7650,5045,5464,6113,6838,7650,13.52,No,3.4,13.6,40.8
JP Nagar,12.9093,77.5881,South,Apartment,3,2190,9600,6940,7384,8059,8796,9600,10.48,Yes,9.3,6.1,39.8
Devanahalli,13.245,77.7188,North,Apartment,2,880,8550,4598,5183,6124,7236,8550,19.2,No,31.1,7.4,7.8
MG Road,12.9793,77.5982,Central,Apartment,2,1310,16300,13285,13813,14597,15425,16300,5.67,Yes,11,3.3,34.8
Anjanapura,12.8572,77.5648,South,Villa,1,640,6600,5059,5322,5718,6143,6600,8.04,No,10.9,9.7,43.3
Bannerghatta Road,12.8802,77.5949,South,Builder Floor,3,1850,9650,6041,6609,7498,8506,9650,13.97,No,7.6,6.4,45.9
Bannerghatta Road,12.8745,77.5959,South,Apartment,2,1100,10300,6448,7055,8003,9079,10300,14.63,No,7.7,6.1,45.9
Anjanapura,12.8526,77.5666,South,Apartment,2,1000,6500,4982,5241,5631,6050,6500,7.89,No,10.9,9.8,43.8
KR Puram,13.0064,77.7012,East,Apartment,3,1710,8900,4680,5298,6298,7487,8900,18.69,Yes,5.9,6.2,33.6
Frazer Town,12.9739,77.6139,Central,Apartment,3,2180,12500,10407,10776,11323,11897,12500,5.31,No,10.9,4.1,38.1
Rajajinagar,12.9947,77.5578,West,Apartment,1,570,13900,11096,11583,12309,13080,13900,6.15,Yes,13.2,4.2,30.1
Jayanagar,12.9287,77.5957,South,Apartment,3,1590,14250,10016,10715,11783,12958,14250,10.5,Yes,9.2,3.7,35.7
Devanahalli,13.244,77.7155,North,Apartment,1,490,9250,4974,5606,6625,7828,9250,16.95,No,31.4,7.8,7.7
JP Nagar,12.907,77.5845,South,Apartment,1,520,9700,7013,7462,8144,8888,9700,9.02,Yes,9.3,7,40.4
Gottigere,12.8735,77.5995,South,Builder Floor,1,690,6500,4790,5078,5514,5987,6500,7.9,No,9.7,8.6,45.5
Jayanagar,12.9243,77.5944,South,Apartment,3,1500,14650,10296,11015,12114,13322,14650,9.61,Yes,8.9,3.9,36.1
KR Puram,13.0059,77.7015,East,Builder Floor,3,1410,10150,5336,6041,7182,8538,10150,18.12,Yes,5.9,7.2,35.3
Nagarbhavi,12.9631,77.4981,West,Builder Floor,2,1100,6250,5095,5297,5597,5915,6250,6.39,No,17.3,6.4,39.5
Varthur,12.9462,77.7488,East,Apartment,2,890,7750,5111,5536,6193,6928,7750,10.92,No,3.7,12.4,45.7
JP Nagar,12.9039,77.5881,South,Builder Floor,2,880,9800,7085,7538,8227,8979,9800,10.42,Yes,8.3,5.9,39.7
Whitefield,12.9734,77.7525,East,Apartment,3,1460,13600,5900,6938,8683,10867,13600,28.35,Yes,1.8,13.9,46.1
Whitefield,12.9713,77.746,East,Apartment,1,660,14900,6464,7602,9514,11906,14900,26.07,Yes,1.9,13.8,41.5
Devanahalli,13.2432,77.7178,North,Apartment,2,870,8900,4785,5394,6374,7532,8900,15.65,No,31.8,7.4,7.9
Bannerghatta Road,12.8797,77.5973,South,Apartment,3,2010,9950,6230,6816,7732,8771,9950,11.6,No,7.4,6.2,47.3
Nagarbhavi,12.9658,77.5054,West,Apartment,2,1070,6550,5338,5550,5865,6198,6550,5.33,No,17.8,7.1,41.3
Rajajinagar,12.992,77.5528,West,Apartment,3,2110,13500,10777,11250,11955,12704,13500,6.3,Yes,12.5,3.8,28.8
Sarjapur Road,12.9001,77.6862,East,Apartment,2,1170,11950,7233,7966,9119,10439,11950,14.97,No,4.8,12,44.4
Whitefield,12.9721,77.7456,East,Builder Floor,3,1300,14050,6095,7168,8971,11227,14050,21.51,Yes,1.9,15.5,40.9
ITPL,12.9833,77.7284,East,Apartment,3,1880,10850,6909,7534,8508,9608,10850,14.69,No,1.5,13.1,40.6
Manyata Tech Park,13.0446,77.6178,North,Apartment,3,1750,12450,8211,8893,9948,11129,12450,13.15,No,0.5,6.5,20.9
Hoodi,12.9836,77.7163,East,Builder Floor,2,1240,10400,6739,7324,8232,9253,10400,11.87,Yes,3.7,13.2,34.2
Yelahanka,13.1012,77.5929,North,Apartment,3,1600,11250,6434,7165,8328,9679,11250,16.03,No,22.5,5.2,12.4
Rajajinagar,12.9861,77.5549,West,Builder Floor,3,2040,13750,10977,11458,12176,12939,13750,6.89,Yes,13.2,3.6,30.5
Indiranagar,12.9752,77.6438,East,Apartment,3,1550,20000,13427,14492,16135,17964,20000,12.7,Yes,7.3,4,33
MG Road,12.9797,77.5991,Central,Apartment,4,3170,16100,13123,13644,14418,15236,16100,5.23,Yes,12.5,2.9,34.8
Rajarajeshwari Nagar,12.9234,77.51,West,Villa,2,1230,7600,5768,6080,6549,7055,7600,7.17,Yes,16.4,8.3,42.1
Thanisandra,13.0572,77.6294,North,Apartment,3,2090,8850,5587,6103,6908,7819,8850,13.19,No,11.2,7.5,20.5
Rajarajeshwari Nagar,12.926,77.5063,West,Apartment,1,600,7750,5881,6199,6678,7194,7750,8.47,Yes,15.6,7.9,45.9
Bannerghatta Road,12.8762,77.5939,South,Apartment,3,1960,9800,6136,6713,7615,8639,9800,12.42,No,7.9,6,41.9
Nagarbhavi,12.9669,77.5043,West,Apartment,1,600,6200,5053,5254,5552,5867,6200,5.29,No,17.4,7.4,40.6
Manyata Tech Park,13.041,77.6211,North,Apartment,4,2990,11700,7716,8357,9349,10459,11700,13.23,No,0.5,7.3,19.1
Gottigere,12.8666,77.598,South,Builder Floor,3,1880,7150,5270,5586,6065,6585,7150,8.37,No,9.2,8.3,45.9
Marathahalli,12.9607,77.7012,East,Apartment,2,970,8800,5556,6069,6869,7775,8800,13.64,No,2.8,9.8,41.7
Richmond Town,12.9581,77.6003,Central,Apartment,1,460,13600,10638,11148,11912,12728,13600,7.18,Yes,11.1,2.6,36.7
Hulimavu,12.8946,77.609,South,Builder Floor,3,1490,7400,5350,5692,6212,6780,7400,10.02,No,8.1,7.7,43.7
Manyata Tech Park,13.049,77.6191,North,Villa,3,1410,12400,8178,8857,9908,11084,12400,12.68,No,0.5,7,17.9
Electronic City,12.8429,77.6607,South,Apartment,3,1440,7250,4500,4932,5608,6376,7250,13.24,No,0.8,17.7,52.8
MG Road,12.9737,77.6051,Central,Apartment,1,700,14800,12064,12543,13254,14006,14800,5.1,Yes,11.2,3.1,37.8
ITPL,12.9876,77.7264,East,Apartment,3,1800,11700,7451,8125,9175,10361,11700,11.11,No,1.6,14.4,36.6
Electronic City,12.8496,77.6614,South,Builder Floor,2,1320,6800,4220,4625,5259,5980,6800,13,No,0.9,18.9,51.9
Rajajinagar,12.9911,77.5485,West,Villa,2,1070,13200,10539,11001,11690,12422,13200,6.84,Yes,11.8,3.7,27.5
Electronic City,12.8411,77.656,South,Apartment,1,550,6850,4252,4660,5298,6024,6850,14.54,No,0.8,16.8,52.9
Banashankari,12.931,77.552,South,Builder Floor,3,1770,8200,6413,6721,7182,7674,8200,7.48,Yes,10.9,4.7,39
Indiranagar,12.9791,77.64,East,Apartment,2,920,19850,13327,14384,16014,17829,19850,11.66,Yes,6.6,3.9,35.1
Banashankari,12.9324,77.555,South,Apartment,2,940,8300,6493,6804,7270,7768,8300,7.12,Yes,11.3,4.6,41.7
Manyata Tech Park,13.0484,77.6233,North,Builder Floor,1,640,11950,7881,8536,9549,10682,11950,11.59,No,0.5,7.3,18.1
Rajajinagar,12.9936,77.5519,West,Apartment,4,2660,14000,11177,11667,12398,13175,14000,6.46,Yes,11.7,4.1,31.6
MG Road,12.978,77.6004,Central,Apartment,3,2140,16350,13327,13856,14642,15472,16350,5.58,Yes,11.5,2.9,36
RT Nagar,13.0185,77.5922,North,Builder Floor,1,600,7950,6690,6913,7243,7588,7950,4.1,No,12.9,5.8,25.2
MG Road,12.9797,77.6007,Central,Apartment,2,1140,15000,12227,12712,13433,14195,15000,5.91,Yes,10.9,3,34.8
Kanakapura Road,12.864,77.5843,South,Apartment,3,1730,8350,5761,6185,6836,7555,8350,11.43,Yes,7.4,8.4,47.8
Hebbal,13.0398,77.5968,North,Villa,3,1770,17050,11447,12355,13755,15314,17050,9.94,No,9,8.5,19.7
Hoodi,12.9865,77.7184,East,Apartment,3,1640,11050,7161,7782,8747,9831,11050,14.1,Yes,4.3,11.7,34.6
Hoodi,12.9823,77.7162,East,Apartment,3,2050,10800,6999,7606,8549,9609,10800,12.9,Yes,3.7,11.6,40.2
Devanahalli,13.2454,77.7177,North,Builder Floor,3,1370,8350,4490,5061,5980,7066,8350,19.39,No,30.8,7.2,7.9
Devanahalli,13.2468,77.7142,North,Apartment,2,1010,9700,5216,5879,6947,8209,9700,17.13,No,28.3,8.7,8.5
Anjanapura,12.8589,77.5643,South,Villa,2,1130,5750,4408,4637,4982,5352,5750,8.05,No,12.5,10.7,48.1
Rajajinagar,12.9918,77.5493,West,Apartment,3,1620,13150,10498,10958,11645,12375,13150,7.15,Yes,11.8,4.3,30.7
MG Road,12.9791,77.6013,Central,Villa,3,2110,15400,12553,13051,13791,14573,15400,6.17,Yes,12.3,2.8,38
HSR Layout,12.912,77.6368,South,Apartment,3,1470,14700,8543,9484,10976,12702,14700,17.34,No,5.5,7.7,42.8
Indiranagar,12.9758,77.6441,East,Villa,4,2030,18500,12421,13406,14925,16617,18500,10.19,Yes,7.1,4.4,37.5
Yelahanka,13.1053,77.5973,North,Apartment,4,2550,10850,6206,6911,8032,9335,10850,16.31,No,20.7,4.9,12
Electronic City,12.8442,77.6589,South,Builder Floor,3,1440,6900,4283,4694,5337,6068,6900,14.16,No,0.8,17.3,58.7
Gottigere,12.871,77.602,South,Builder Floor,2,940,7000,5159,5469,5938,6447,7000,9.63,No,9.4,9.4,50.2
Varthur,12.9512,77.7479,East,Apartment,2,1340,7150,4715,5107,5713,6391,7150,10.7,No,3.6,13.8,44.4
RT Nagar,13.0203,77.5871,North,Apartment,3,1420,7400,6227,6435,6742,7063,7400,4.55,No,14.2,5.9,25.3
Marathahalli,12.9627,77.6968,East,Apartment,1,470,8600,5430,5931,6713,7598,8600,11.95,No,3.3,9.7,41.5
Yelahanka,13.0981,77.601,North,Builder Floor,2,1280,11100,6349,7070,8217,9550,11100,18.37,No,23.7,5.3,12.2
Anjanapura,12.858,77.5685,South,Builder Floor,2,1310,6000,4600,4839,5199,5585,6000,7.46,No,12.7,9.9,51.2
Devanahalli,13.2483,77.7112,North,Builder Floor,1,600,9250,4974,5606,6625,7828,9250,20.34,No,28.1,8.4,7.5
Marathahalli,12.9635,77.6995,East,Apartment,2,1300,9550,6030,6587,7455,8438,9550,13.59,No,2.8,9.6,38.6
Kanakapura Road,12.8633,77.5854,South,Apartment,1,510,8100,5588,6000,6631,7329,8100,9.25,Yes,7.3,8.6,40.6
RT Nagar,13.0214,77.5926,North,Apartment,2,1180,8000,6731,6956,7288,7636,8000,4.24,No,14,5,27.5
JP Nagar,12.905,77.5807,South,Builder Floor,2,930,9700,7013,7462,8144,8888,9700,10.13,Yes,9.7,6.4,40.5
Banashankari,12.9289,77.5517,South,Apartment,3,1970,8300,6493,6804,7270,7768,8300,6.62,Yes,10,4.7,39.7
KR Puram,13.0058,77.6993,East,Apartment,1,570,9900,5205,5893,7005,8328,9900,19.89,Yes,7.1,6.6,34.1
Hebbal,13.0339,77.5981,North,Apartment,2,1230,16000,10742,11594,12908,14371,16000,10.96,No,9.3,7.3,19.3
Manyata Tech Park,13.0476,77.6261,North,Builder Floor,3,2020,11700,7716,8357,9349,10459,11700,12.54,No,0.5,7,20
Yelahanka,13.1017,77.5968,North,Apartment,1,570,10700,6120,6815,7921,9206,10700,17.2,No,23.9,5,11.2
Banashankari,12.9284,77.5516,South,Apartment,3,1840,9150,7157,7500,8014,8563,9150,6.87,Yes,10.1,4.5,35.4
Gottigere,12.8742,77.6014,South,Apartment,1,690,7200,5306,5625,6107,6631,7200,7.32,No,9.6,9.3,45.5
Yelahanka,13.1047,77.5983,North,Builder Floor,2,870,11050,6320,7038,8180,9507,11050,15.52,No,22.4,5,11.3
Manyata Tech Park,13.0481,77.6244,North,Apartment,1,560,11900,7847,8499,9508,10637,11900,10.89,No,0.5,6.8,18.5
Rajajinagar,12.9865,77.5508,West,Apartment,2,1240,12950,10338,10791,11467,12186,12950,6.88,Yes,11.5,4,27.7
Bannerghatta Road,12.8798,77.6021,South,Apartment,2,1130,8950,5603,6130,6954,7889,8950,15.07,No,8.3,6.5,46
Whitefield,12.9712,77.7471,East,Apartment,1,700,14600,6334,7449,9322,11666,14600,23.16,Yes,2,14.6,43
Marathahalli,12.9589,77.6995,East,Apartment,2,1290,9150,5777,6310,7142,8084,9150,14.98,No,3.1,10.5,42.3
Manyata Tech Park,13.0407,77.6193,North,Apartment,3,1940,12200,8046,8715,9749,10906,12200,12.31,No,0.5,6.9,20.4
Hulimavu,12.8925,77.6159,South,Builder Floor,2,1320,6800,4916,5231,5709,6231,6800,10.24,No,8,8.5,44.6
MG Road,12.9771,77.6021,Central,Apartment,3,1610,15100,12307,12796,13522,14289,15100,4.92,Yes,12.4,3.1,36.1
Hulimavu,12.8983,77.6162,South,Villa,1,640,6800,4916,5231,5709,6231,6800,10.49,No,7.8,8,43.7
Kanakapura Road,12.8612,77.5843,South,Apartment,1,490,8750,6036,6481,7163,7917,8750,11.16,Yes,7.7,8.6,47.7
Indiranagar,12.9775,77.6403,East,Villa,2,920,20150,13529,14602,16257,18099,20150,10.55,Yes,7.5,4.4,37.3
Kengeri,12.9126,77.4858,West,Apartment,1,600,6100,4771,5000,5343,5709,6100,5.97,Yes,21,8.3,43.6
Gottigere,12.8699,77.6036,South,Apartment,2,1020,6700,4939,5235,5684,6171,6700,9.24,No,10.1,9.1,46.5
Manyata Tech Park,13.0407,77.6234,North,Apartment,3,2000,11800,7782,8429,9429,10548,11800,11.85,No,0.5,7.7,20.1
Anjanapura,12.8575,77.5646,South,Apartment,2,1240,6050,4637,4878,5241,5631,6050,8.33,No,11.7,9.1,51.3
Thanisandra,13.0557,77.6319,North,Apartment,2,1050,9300,5872,6414,7260,8217,9300,12.39,No,11.5,7.4,20.1
Manyata Tech Park,13.0487,77.6209,North,Apartment,3,1450,11450,7551,8178,9149,10235,11450,10.8,No,0.5,6.8,17.3
KR Puram,13.0032,77.695,East,Apartment,2,940,9650,5074,5745,6829,8118,9650,20.22,Yes,6.9,7,31.6
Indiranagar,12.9762,77.6424,East,Apartment,3,2180,18850,12655,13659,15207,16931,18850,9.84,Yes,7.6,4.5,33.4
Jayanagar,12.9247,77.5933,South,Apartment,2,1240,16500,11596,12406,13643,15004,16500,9.56,Yes,8.7,3.7,35
Electronic City,12.8491,77.6627,South,Villa,1,640,7100,4406,4829,5491,6244,7100,13.86,No,0.8,19.5,51.6
KR Puram,13.0071,77.7006,East,Apartment,2,1210,9150,4811,5447,6475,7697,9150,20.26,Yes,6.5,6.3,35.2
Nagarbhavi,12.9634,77.5001,West,Apartment,1,640,6100,4973,5170,5463,5773,6100,5.95,No,17.1,7.8,44.7
Frazer Town,12.9759,77.6174,Central,Apartment,2,980,12950,10781,11164,11730,12325,12950,4.62,No,11.5,3.9,36.1
Richmond Town,12.9655,77.6035,Central,Builder Floor,3,2040,14300,11185,11722,12525,13383,14300,6.26,Yes,10.5,2.8,37
Koramangala,12.9383,77.6283,South,Villa,3,1870,22600,14148,15480,17561,19922,22600,15.37,No,4.9,5.2,35.1
Koramangala,12.9313,77.6269,South,Apartment,3,1680,22350,13991,15308,17366,19701,22350,12.43,No,5.3,5.2,37.9
Bannerghatta Road,12.8742,77.5925,South,Apartment,2,1290,9400,5884,6438,7304,8286,9400,11.56,No,8.8,6.7,38.8
Hennur,13.0377,77.6395,North,Builder Floor,2,1070,9100,6110,6595,7342,8174,9100,12.1,No,12.3,7.9,20.4
RT Nagar,13.0237,77.5904,North,Apartment,1,510,7800,6564,6783,7106,7445,7800,5.38,No,13.9,5.3,24.2
Malleshwaram,12.9987,77.5716,North,Apartment,3,1790,14500,13186,13426,13775,14133,14500,2.42,Yes,12.9,3.7,27.7
Gottigere,12.8696,77.5978,South,Builder Floor,2,1280,6500,4790,5078,5514,5987,6500,7.93,No,11,9.3,47.4
Whitefield,12.9719,77.7502,East,Apartment,3,1940,14800,6421,7551,9450,11826,14800,23.98,Yes,2,13.5,38.1
Whitefield,12.9678,77.7468,East,Apartment,2,1210,14300,6204,7296,9131,11427,14300,28.05,Yes,2,13.3,39.7
Koramangala,12.9368,77.6267,South,Apartment,4,2560,20950,13115,14349,16278,18467,20950,12.05,No,4.8,5.1,37.7
Whitefield,12.9731,77.7455,East,Builder Floor,4,2540,14650,6355,7474,9354,11706,14650,24.19,Yes,1.9,15.7,38.7
Anjanapura,12.8562,77.5673,South,Apartment,2,1290,6500,4982,5241,5631,6050,6500,6.43,No,12.9,9.5,52.1
Nagarbhavi,12.9599,77.5055,West,Apartment,2,1140,6200,5053,5254,5552,5867,6200,6.35,No,16.2,7.1,38.2
Kengeri,12.9176,77.4821,West,Villa,3,1860,6100,4771,5000,5343,5709,6100,6.12,Yes,21,8.3,44
Anjanapura,12.8576,77.5689,South,Apartment,2,1180,6050,4637,4878,5241,5631,6050,6.64,No,11,10.5,44.6
ITPL,12.9851,77.7253,East,Builder Floor,4,2050,11100,7069,7709,8705,9830,11100,13.43,No,1.4,13.9,40.5
Bellandur,12.9276,77.6805,East,Builder Floor,2,1290,12800,7623,8422,9683,11133,12800,16.37,No,4.1,12.1,43.5
Hulimavu,12.8914,77.6154,South,Builder Floor,3,2110,7400,5350,5692,6212,6780,7400,8.78,No,7.2,8.8,40.3
Hennur,13.0366,77.6407,North,Builder Floor,3,1370,8800,5907,6376,7099,7904,8800,11.28,No,10.9,7.6,20.6
Bellandur,12.9277,77.6753,East,Apartment,2,1280,13900,8276,9144,10514,12089,13900,13.82,No,4.1,11.2,43.8
Manyata Tech Park,13.0422,77.6243,North,Apartment,3,1810,11550,7618,8251,9230,10325,11550,12.72,No,0.5,7.5,19
Richmond Town,12.9667,77.6063,Central,Villa,3,1330,14700,11497,12049,12875,13757,14700,7.07,Yes,10.6,3.1,33.7
Frazer Town,12.9733,77.6148,Central,Apartment,3,1550,12200,10157,10518,11051,11611,12200,5.57,No,9.6,3.8,32.6
Richmond Town,12.9667,77.5977,Central,Villa,2,1310,14400,11263,11803,12612,13476,14400,7.56,Yes,10.4,2.7,36.4
JP Nagar,12.9039,77.587,South,Apartment,1,580,9450,6833,7270,7934,8659,9450,9.5,Yes,9.3,6,43.7
Banashankari,12.935,77.5528,South,Villa,2,1130,7950,6218,6516,6963,7440,7950,6.58,Yes,9.7,5.1,41.1
Manyata Tech Park,13.0446,77.6249,North,Apartment,1,500,11650,7683,8321,9309,10414,11650,11.16,No,0.5,7.4,17.2
KR Puram,13.0079,77.6993,East,Builder Floor,1,610,9750,5126,5803,6899,8202,9750,21.4,Yes,7.1,6.2,32.6
Manyata Tech Park,13.0483,77.6216,North,Apartment,3,1660,11150,7354,7965,8910,9967,11150,11.18,No,0.5,7.4,17.7
Jayanagar,12.9242,77.5942,South,Apartment,3,1860,14900,10472,11203,12320,13549,14900,9.99,Yes,10,3.7,36.3
Bellandur,12.9238,77.6807,East,Apartment,2,990,12250,7294,8059,9266,10654,12250,15.75,No,3.7,12,47.1
Rajajinagar,12.9878,77.555,West,Apartment,4,3200,12800,10219,10667,11335,12045,12800,6.82,Yes,12.6,3.8,31.7
Varthur,12.947,77.7494,East,Builder Floor,1,540,6900,4551,4929,5514,6168,6900,13.31,No,3.2,13.9,40.1
RT Nagar,13.0156,77.5858,North,Apartment,2,1100,7200,6058,6260,6559,6872,7200,4.1,No,13.2,5.7,26
Richmond Town,12.9618,77.6036,Central,Apartment,3,1560,14400,11263,11803,12612,13476,14400,7.29,Yes,11.6,2.9,32.5
Bellandur,12.9265,77.6807,East,Apartment,2,1200,12200,7265,8027,9229,10611,12200,14.21,No,4.1,11.7,41.3
JP Nagar,12.9075,77.5817,South,Builder Floor,2,1240,9700,7013,7462,8144,8888,9700,8.71,Yes,9.3,7.1,38.1
Devanahalli,13.2489,77.7141,North,Apartment,2,1100,8700,4677,5272,6230,7362,8700,16.03,No,28.6,8,7.8
Kengeri,12.913,77.4808,West,Apartment,2,1280,5650,4420,4632,4949,5288,5650,6.46,Yes,19.9,8.4,39.4
Sarjapur Road,12.9054,77.6837,East,Apartment,1,460,11950,7233,7966,9119,10439,11950,15.66,No,4.2,11.1,40.1
Nagarbhavi,12.9661,77.4985,West,Apartment,2,910,6650,5420,5635,5955,6293,6650,5.37,No,17.6,6.4,45.5
Sarjapur Road,12.9039,77.682,East,Apartment,3,1990,12400,7507,8267,9463,10832,12400,12.65,No,4.8,13,40.5
Indiranagar,12.9796,77.6426,East,Villa,4,2700,20400,13696,14783,16458,18323,20400,11,Yes,6.7,4.3,36.5
HSR Layout,12.9127,77.6423,South,Builder Floor,2,990,13950,8107,9000,10416,12054,13950,17.93,No,6.2,7.6,44.6
JP Nagar,12.9041,77.5886,South,Apartment,1,660,9650,6978,7424,8102,8842,9650,8.09,Yes,8.9,6.7,43.8
Hebbal,13.0321,77.6009,North,Villa,3,1350,16850,11313,12210,13594,15135,16850,11.61,No,10.8,7.9,18.1
Richmond Town,12.9657,77.598,Central,Apartment,3,1510,15600,12203,12788,13664,14600,15600,6,Yes,10.6,2.7,37.3
Hulimavu,12.8929,77.6088,South,Apartment,2,1220,7400,5350,5692,6212,6780,7400,9.89,No,6.9,8.3,45.3
Whitefield,12.9679,77.7454,East,Apartment,3,1540,14450,6269,7372,9226,11546,14450,23.11,Yes,2,15.5,40
Bellandur,12.9211,77.6802,East,Apartment,3,1550,13400,7979,8816,10136,11654,13400,16.98,No,4,10.6,46
Nagarbhavi,12.9579,77.4979,West,Apartment,1,610,6500,5299,5509,5821,6151,6500,5.98,No,17.7,6.8,40.2
Banashankari,12.9261,77.549,South,Apartment,2,1220,8800,6884,7214,7708,8236,8800,7.82,Yes,11.3,5.1,40.5
HSR Layout,12.9095,77.6358,South,Apartment,3,1430,14150,8224,9129,10565,12227,14150,14.47,No,5.7,8.2,42.8
Varthur,12.9452,77.7504,East,Apartment,1,650,7100,4683,5072,5674,6347,7100,12.25,No,3.4,12.9,42.6
JP Nagar,12.9044,77.5883,South,Villa,2,1240,8900,6434,6846,7472,8155,8900,9.21,Yes,8.7,7,36.2
RT Nagar,13.0187,77.5877,North,Apartment,2,1180,7700,6480,6696,7015,7350,7700,4.57,No,12.8,5.6,27
Frazer Town,12.9758,77.6113,Central,Builder Floor,3,2090,11550,9615,9956,10461,10992,11550,5.57,No,10.5,3.6,35
Hebbal,13.0392,77.5949,North,Apartment,4,2190,15650,10507,11341,12626,14057,15650,11.32,No,9.9,7.3,19.1
MG Road,12.9714,77.6005,Central,Apartment,1,590,15050,12268,12755,13478,14242,15050,5.7,Yes,13,2.9,37.3
Hebbal,13.0347,77.5988,North,Villa,3,2180,17200,11547,12463,13876,15449,17200,12.18,No,9.7,7.4,17.1
Richmond Town,12.964,77.5974,Central,Apartment,4,3160,14400,11263,11803,12612,13476,14400,6.95,Yes,12.2,3,33.4
Electronic City,12.8489,77.6637,South,Apartment,2,1290,7450,4624,5068,5762,6552,7450,15.68,No,0.8,19,50.8
Frazer Town,12.9794,77.6103,Central,Villa,2,1090,12650,10531,10905,11458,12039,12650,4.77,No,10.7,3.6,34.2
Koramangala,12.9304,77.6219,South,Apartment,3,1980,22550,14116,15445,17522,19878,22550,12.23,No,4.8,5.4,39.6
Bannerghatta Road,12.8736,77.5963,South,Builder Floor,3,1430,10050,6292,6884,7809,8859,10050,15.09,No,8.4,6.6,43.4
Jayanagar,12.9276,77.5941,South,Apartment,3,1710,15700,11034,11804,12981,14276,15700,11.15,Yes,9.5,3.4,38.8
Sarjapur Road,12.8977,77.6899,East,Apartment,3,2200,11900,7204,7934,9082,10396,11900,14.46,No,4.9,12.8,48.2
Devanahalli,13.2489,77.7137,North,Builder Floor,2,1320,8650,4651,5243,6195,7320,8650,16.89,No,29.5,8.7,8
Whitefield,12.9695,77.7502,East,Villa,4,2000,15200,6594,7755,9705,12146,15200,27.2,Yes,2,13.3,43
Thanisandra,13.0612,77.6252,North,Apartment,3,1760,9550,6030,6587,7455,8438,9550,14.82,No,11.1,6.8,21.2
KR Puram,13.0122,77.6943,East,Apartment,1,510,9700,5100,5774,6864,8160,9700,19.53,Yes,7.1,6.3,31.7
Devanahalli,13.2472,77.7167,North,Apartment,3,1880,8650,4651,5243,6195,7320,8650,15.45,No,27.9,8.5,8.3
Rajarajeshwari Nagar,12.9238,77.5032,West,Builder Floor,1,480,8000,6073,6401,6895,7427,8000,8.03,Yes,14.2,8.2,38.1
Sarjapur Road,12.8983,77.6907,East,Apartment,3,2060,12550,7596,8366,9577,10963,12550,16.13,No,4.6,12.9,43.6
Richmond Town,12.9595,77.6002,Central,Apartment,3,1870,14450,11302,11844,12656,13523,14450,5.91,Yes,12.4,2.9,34.3
HSR Layout,12.9112,77.6342,South,Apartment,2,1280,14950,8688,9645,11162,12918,14950,16.01,No,5.8,7.1,45.6
Koramangala,12.9393,77.6197,South,Villa,4,3010,23150,14492,15856,17988,20406,23150,11.83,No,4.6,5.6,36.4
Thanisandra,13.0635,77.632,North,Apartment,1,640,10050,6345,6931,7845,8879,10050,12.65,No,12.3,7.1,19.7
Frazer Town,12.9808,77.6152,Central,Apartment,3,1840,12650,10531,10905,11458,12039,12650,4.33,No,10.3,4.1,32.9
KR Puram,13.0068,77.7026,East,Builder Floor,2,980,9400,4942,5595,6651,7907,9400,17.62,Yes,6.3,6.4,32.3
Whitefield,12.9726,77.7538,East,Apartment,3,1980,14100,6117,7194,9003,11267,14100,25.36,Yes,2,14.2,43
HSR Layout,12.9151,77.6386,South,Villa,2,950,12900,7497,8323,9632,11147,12900,17.71,No,5.3,8.2,38.6
Rajajinagar,12.9942,77.5577,West,Apartment,3,1460,13100,10458,10917,11601,12328,13100,5.39,Yes,13.1,3.8,31.7
Kengeri,12.9153,77.4834,West,Builder Floor,3,1960,5500,4302,4508,4817,5147,5500,6.93,Yes,18.1,8.7,40.4
Electronic City,12.8478,77.6585,South,Apartment,3,1850,7550,4686,5136,5840,6640,7550,14.13,No,0.7,18.2,50.2
Kengeri,12.9156,77.4842,West,Villa,2,1190,5750,4497,4713,5036,5381,5750,7.27,Yes,20.4,8.3,42.7
Thanisandra,13.0656,77.6265,North,Apartment,3,1940,9300,5872,6414,7260,8217,9300,15.16,No,12.6,7.3,19.1
ITPL,12.9893,77.7319,East,Apartment,2,1150,10400,6624,7223,8156,9210,10400,14.09,No,1.6,12.4,42.6
Rajajinagar,12.9879,77.5497,West,Apartment,2,1120,14550,11616,12125,12885,13692,14550,6.24,Yes,13.4,3.9,29.6
MG Road,12.9742,77.5971,Central,Apartment,4,2120,17000,13856,14406,15223,16087,17000,5.14,Yes,12.2,3,34.1
RT Nagar,13.0233,77.5918,North,Apartment,2,1050,7100,5976,6175,6469,6777,7100,5.16,No,12.1,5,27.3
Banashankari,12.9258,77.558,South,Builder Floor,2,1140,8350,6531,6844,7313,7814,8350,5.88,Yes,9.9,5.1,38.4
KR Puram,13.005,77.7003,East,Apartment,3,2160,9450,4968,5625,6687,7949,9450,17.03,Yes,7,7.1,36.2
Kengeri,12.9174,77.4886,West,Apartment,1,690,5550,4341,4549,4861,5194,5550,6.92,Yes,18.9,8.4,47.2
HSR Layout,12.914,77.6408,South,Apartment,2,1240,13150,7643,8484,9819,11363,13150,15.53,No,5.5,8.1,39.2
Jayanagar,12.9219,77.589,South,Apartment,2,1120,16300,11456,12256,13478,14822,16300,9.61,Yes,9.1,3.6,37.5
Koramangala,12.931,77.6214,South,Villa,4,2120,20450,12802,14007,15890,18026,20450,15.3,No,4.6,5.2,37.7
Malleshwaram,13.0003,77.5736,North,Apartment,1,670,12850,11686,11899,12208,12525,12850,2.86,Yes,13,3.8,27.8
Frazer Town,12.982,77.615,Central,Apartment,2,1180,12100,10073,10431,10960,11516,12100,4.5,No,11,3.5,35.6
Banashankari,12.9337,77.5554,South,Apartment,3,1500,9150,7157,7500,8014,8563,9150,7.81,Yes,11.4,4.9,41.3
HSR Layout,12.9084,77.6439,South,Apartment,2,1060,14750,8572,9516,11013,12745,14750,16.57,No,6.1,7.3,39.1
Electronic City,12.8463,77.6617,South,Builder Floor,2,960,7450,4624,5068,5762,6552,7450,14.76,No,0.7,17.8,60.4
Kanakapura Road,12.8669,77.5861,South,Apartment,2,1240,7950,5484,5888,6508,7193,7950,9.61,Yes,7.6,7.3,41.2
ITPL,12.9891,77.724,East,Builder Floor,3,2010,11050,7036,7673,8665,9785,11050,13.58,No,1.6,13.4,35.4
Thanisandra,13.0576,77.6224,North,Builder Floor,1,600,9550,6030,6587,7455,8438,9550,11.52,No,12.3,6.9,21.7
ITPL,12.9884,77.7297,East,Apartment,2,1120,10400,6624,7223,8156,9210,10400,13.8,No,1.5,14.6,40.5
ITPL,12.9884,77.723,East,Builder Floor,2,990,11550,7355,8020,9057,10228,11550,11.63,No,1.4,13.2,35.3
Nagarbhavi,12.9579,77.499,West,Apartment,3,1700,5700,4646,4830,5104,5394,5700,4.88,No,17.1,6.8,42.6
ITPL,12.9823,77.728,East,Apartment,2,1030,11650,7419,8090,9136,10317,11650,13.11,No,1.6,13.9,36.1
Koramangala,12.9382,77.6257,South,Apartment,4,2640,20300,12708,13904,15773,17894,20300,12.74,No,5.1,5.3,37.1
RT Nagar,13.0219,77.5888,North,Apartment,1,450,7400,6227,6435,6742,7063,7400,4.95,No,13.3,5.7,25.8
Electronic City,12.8406,77.6563,South,Builder Floor,3,1860,7100,4406,4829,5491,6244,7100,13.78,No,0.9,18.8,57.2
Koramangala,12.9324,77.6273,South,Apartment,4,2180,23150,14492,15856,17988,20406,23150,14.44,No,4.6,5,36.9
Indiranagar,12.9794,77.638,East,Apartment,4,2420,19600,13159,14203,15813,17605,19600,12.03,Yes,6.9,4.5,33.1
Sarjapur Road,12.8984,77.6871,East,Apartment,2,1190,12000,7264,8000,9158,10483,12000,14.86,No,4.4,11,46
Jayanagar,12.9219,77.5922,South,Apartment,2,890,16000,11245,12030,13230,14549,16000,9.57,Yes,9.4,3.9,39.1
Kanakapura Road,12.8631,77.5814,South,Apartment,3,1800,9150,6313,6778,7491,8279,9150,10.81,Yes,7.7,8.4,48.5
Hulimavu,12.8939,77.6124,South,Builder Floor,3,2170,6850,4951,5268,5750,6276,6850,7.82,No,6.8,8.1,43.2
Nagarbhavi,12.9663,77.5011,West,Villa,2,930,6500,5299,5509,5821,6151,6500,5.25,No,18.3,7.3,44.7
JP Nagar,12.9102,77.5824,South,Builder Floor,2,1130,9550,6904,7346,8017,8750,9550,9.32,Yes,8.4,6.7,38.7
Frazer Town,12.974,77.6147,Central,Apartment,2,1300,12850,10698,11078,11640,12230,12850,5.21,No,10.8,3.6,32.3
Yelahanka,13.1018,77.5981,North,Apartment,3,2020,9950,5692,6338,7366,8561,9950,17.61,No,19.9,5,12
Indiranagar,12.9772,77.6388,East,Villa,2,880,19400,13025,14058,15651,17425,19400,12.58,Yes,7.1,4.6,32.9
Hulimavu,12.8907,77.6129,South,Apartment,2,1210,7100,5133,5461,5960,6505,7100,8.15,No,8.2,8.5,42.8
Manyata Tech Park,13.0434,77.6239,North,Builder Floor,2,1300,11050,7288,7893,8830,9878,11050,13.06,No,0.5,7,19.5
Electronic City,12.8428,77.657,South,Builder Floor,1,680,7350,4562,5000,5685,6464,7350,13.66,No,0.8,17,55.9
Thanisandra,13.0572,77.6277,North,Apartment,1,460,9000,5683,6208,7026,7952,9000,14.25,No,12.6,7.4,19.4
Richmond Town,12.9652,77.6026,Central,Builder Floor,3,1370,13350,10442,10943,11693,12494,13350,6.8,Yes,11.2,2.8,35.4
Malleshwaram,13.0081,77.5708,North,Apartment,3,1360,12750,11594,11805,12112,12427,12750,2.82,Yes,13.2,3.2,27.2
Jayanagar,12.9218,77.5928,South,Apartment,3,2060,15550,10929,11692,12858,14140,15550,8.98,Yes,9.8,3.7,38.2
HSR Layout,12.9094,77.6365,South,Apartment,4,3280,13000,7555,8387,9706,11233,13000,16.28,No,5.7,7.2,39.2
MG Road,12.9794,77.5981,Central,Apartment,3,1580,17000,13856,14406,15223,16087,17000,5.43,Yes,11.8,3.3,32.7
HSR Layout,12.9087,77.6428,South,Villa,2,850,13400,7788,8645,10005,11579,13400,14.48,No,5.6,8.5,40.7
ITPL,12.983,77.7239,East,Apartment,3,1590,10950,6973,7604,8587,9697,10950,11.81,No,1.4,12.6,37.5
HSR Layout,12.9116,77.6422,South,Apartment,3,1530,13350,7759,8613,9968,11536,13350,15.5,No,6.2,7.8,42.1
Rajarajeshwari Nagar,12.9209,77.5057,West,Apartment,3,1600,7350,5578,5880,6334,6823,7350,7.84,Yes,14.4,8.5,42.9
Indiranagar,12.983,77.6455,East,Villa,3,2140,19300,12957,13985,15570,17335,19300,10.7,Yes,7.7,3.9,34.7
Hebbal,13.0363,77.5956,North,Villa,3,2110,16800,11279,12174,13554,15090,16800,12.58,No,10.6,8.3,17
Yelahanka,13.1039,77.5931,North,Apartment,2,1010,10400,5948,6624,7699,8948,10400,14.94,No,22,5.2,12.9
MG Road,12.9734,77.5978,Central,Villa,2,1300,16500,13449,13983,14776,15614,16500,6.2,Yes,11,3.4,32.1
Sarjapur Road,12.9009,77.6817,East,Apartment,4,2130,11500,6962,7667,8776,10046,11500,16.48,No,4.2,12.6,41.1
Hulimavu,12.8922,77.6132,South,Villa,2,1230,6750,4880,5192,5667,6185,6750,9.93,No,6.9,7.5,45.5
Hoodi,12.9831,77.7207,East,Apartment,3,1330,11250,7290,7923,8905,10009,11250,10.82,Yes,3.6,12.5,41.4
Devanahalli,13.2502,77.7139,North,Apartment,3,2140,8850,4759,5364,6338,7489,8850,17.54,No,29.7,8.5,8.7
RT Nagar,13.0194,77.5942,North,Apartment,2,1160,8100,6815,7043,7379,7731,8100,4.79,No,12.8,5,24.1
Hulimavu,12.8948,77.6081,South,Apartment,1,580,7650,5530,5884,6422,7009,7650,10.11,No,7.9,7.5,42.4
Bannerghatta Road,12.8765,77.598,South,Builder Floor,2,970,9600,6009,6575,7459,8462,9600,13.81,No,8.6,6.4,40.5
Rajarajeshwari Nagar,12.9237,77.507,West,Apartment,2,1330,7900,5996,6320,6808,7334,7900,7.74,Yes,14.1,9.3,44.1
Frazer Town,12.9799,77.6116,Central,Builder Floor,3,2000,11750,9782,10129,10643,11183,11750,4.97,No,10.3,3.5,33.1
Richmond Town,12.9675,77.5992,Central,Builder Floor,2,1270,14100,11029,11558,12350,13196,14100,6.86,Yes,10.4,2.7,35.6
Rajajinagar,12.9912,77.5573,West,Apartment,2,1100,13500,10777,11250,11955,12704,13500,5.82,Yes,13.2,4.3,32.8
Varthur,12.948,77.7506,East,Apartment,2,1210,7550,4979,5393,6033,6749,7550,12.08,No,3.3,11.8,44.3
Devanahalli,13.2452,77.7137,North,Builder Floor,1,560,9150,4920,5546,6553,7743,9150,19.24,No,31.1,7.4,8.8
Richmond Town,12.9657,77.5987,Central,Apartment,2,1330,13900,10872,11394,12175,13009,13900,7.68,Yes,10.5,2.8,36.4
Yelahanka,13.0986,77.5955,North,Apartment,3,2080,11000,6291,7006,8143,9464,11000,14.9,No,20.5,4.8,12.5
Thanisandra,13.0565,77.6312,North,Apartment,1,520,9050,5715,6242,7065,7996,9050,11.48,No,12.4,7.2,20.6
Sarjapur Road,12.8984,77.6876,East,Apartment,1,660,11350,6871,7567,8662,9915,11350,16.06,No,4.4,11.8,43.6
Varthur,12.9509,77.745,East,Apartment,3,1580,7100,4683,5072,5674,6347,7100,11.55,No,3.6,14,45.9
Malleshwaram,12.9986,77.5723,North,Apartment,3,1310,12850,11686,11899,12208,12525,12850,2.33,Yes,12.8,3.8,28.1
Rajarajeshwari Nagar,12.9264,77.5038,West,Apartment,1,480,7500,5692,6000,6463,6962,7500,7.97,Yes,15.7,8.3,43.4
Rajarajeshwari Nagar,12.9223,77.5027,West,Builder Floor,2,860,6900,5237,5520,5946,6405,6900,8.63,Yes,16.3,9.1,42.9
Rajarajeshwari Nagar,12.9266,77.5039,West,Builder Floor,1,540,7600,5768,6080,6549,7055,7600,7.71,Yes,14.8,9.3,41.2
Varthur,12.9465,77.7457,East,Apartment,3,1720,7650,5045,5464,6113,6838,7650,11.16,No,3.3,13.6,45.5
Frazer Town,12.9793,77.6188,Central,Builder Floor,3,1530,12100,10073,10431,10960,11516,12100,5.82,No,9.9,3.5,33.8
Electronic City,12.8426,77.6582,South,Apartment,2,1000,7550,4686,5136,5840,6640,7550,13.25,No,0.8,17.2,53
Bannerghatta Road,12.882,77.5966,South,Apartment,3,1460,10100,6323,6918,7848,8903,10100,12.35,No,8.9,7,45.6
Hebbal,13.0398,77.601,North,Apartment,4,2940,16750,11245,12137,13513,15045,16750,11.56,No,9.6,8.3,16.4
Yelahanka,13.0978,77.5948,North,Builder Floor,3,2140,10050,5748,6401,7440,8647,10050,15.59,No,21.1,4.7,13
Hoodi,12.9831,77.7151,East,Builder Floor,2,970,10850,7031,7641,8588,9653,10850,11.27,Yes,4.4,11.9,34.2
Kanakapura Road,12.8601,77.5879,South,Apartment,2,1230,8650,5968,6408,7082,7827,8650,11.07,Yes,8.4,8.2,40.9
Koramangala,12.9371,77.6284,South,Apartment,4,2150,21900,13710,15000,17017,19305,21900,12.02,No,5.4,5.2,39.3
Rajarajeshwari Nagar,12.9189,77.5072,West,Apartment,2,860,7750,5881,6199,6678,7194,7750,7.16,Yes,15.7,8.4,44.3
Frazer Town,12.9763,77.6128,Central,Builder Floor,3,1480,12100,10073,10431,10960,11516,12100,5.34,No,10,4,32.9
Indiranagar,12.9763,77.6436,East,Villa,4,2140,21000,14098,15217,16942,18862,21000,10.89,Yes,7.5,4.4,34.6
Hulimavu,12.8925,77.6166,South,Builder Floor,3,1980,7450,5385,5730,6254,6826,7450,10.4,No,7.4,7.6,48.1
Devanahalli,13.2453,77.7156,North,Apartment,3,1750,9100,4893,5515,6517,7701,9100,20.25,No,29.6,7.5,7.5
RT Nagar,13.023,77.5899,North,Apartment,3,1820,7200,6058,6260,6559,6872,7200,4.44,No,13.4,6,25.8
Anjanapura,12.8557,77.5688,South,Builder Floor,2,1030,5750,4408,4637,4982,5352,5750,7.76,No,11.4,10.2,43.2
Electronic City,12.847,77.6638,South,Apartment,1,630,7650,4749,5204,5917,6728,7650,13.06,No,0.7,16.5,56.7
Hebbal,13.0349,77.5991,North,Apartment,2,1080,15000,10070,10869,12101,13473,15000,9.76,No,9.6,8.1,19.1
Kanakapura Road,12.8613,77.5865,South,Apartment,3,1360,9050,6244,6704,7409,8188,9050,11.07,Yes,8.3,8.2,43.8
Banashankari,12.9266,77.5509,South,Villa,2,1230,8700,6805,7131,7620,8142,8700,7.43,Yes,11.4,5.2,36.9
ITPL,12.985,77.7277,East,Villa,2,1140,11200,7133,7778,8783,9918,11200,13.9,No,1.6,14.8,42.3
Kengeri,12.9199,77.4848,West,Villa,1,530,5400,4224,4427,4730,5054,5400,7.05,Yes,21.2,9.3,38.7
Indiranagar,12.9745,77.6425,East,Villa,3,2070,20150,13529,14602,16257,18099,20150,10.3,Yes,7.4,4.3,38.2
Marathahalli,12.9542,77.698,East,Builder Floor,2,1070,9800,6187,6758,7649,8658,9800,11.7,No,2.9,11,42.4
Bannerghatta Road,12.8784,77.6014,South,Apartment,2,1300,9550,5978,6541,7420,8418,9550,14.48,No,7.9,5.9,43.6
Thanisandra,13.0617,77.6238,North,Builder Floor,1,510,9300,5872,6414,7260,8217,9300,14.25,No,13.2,6.4,19.7
HSR Layout,12.9117,77.6345,South,Villa,2,1240,15100,8777,9743,11275,13048,15100,17.11,No,5.2,8.2,45
Sarjapur Road,12.9044,77.6844,East,Builder Floor,2,880,12150,7355,8100,9272,10614,12150,14.41,No,4.5,12,47
Malleshwaram,13.0049,77.5734,North,Apartment,3,1360,13050,11867,12083,12397,12719,13050,2.63,Yes,12.7,3.8,26.9
Anjanapura,12.8591,77.5717,South,Apartment,1,620,6600,5059,5322,5718,6143,6600,7.55,No,11.6,10.7,47
Rajajinagar,12.9888,77.5546,West,Apartment,2,1050,13600,10857,11333,12043,12798,13600,5.35,Yes,11.9,3.8,29
Electronic City,12.8472,77.6581,South,Apartment,2,860,7100,4406,4829,5491,6244,7100,12.27,No,0.8,18.6,50.9
Hoodi,12.9855,77.7118,East,Apartment,2,990,9650,6252,6795,7638,8585,9650,12.72,Yes,4.1,11,39.3
MG Road,12.9725,77.5989,Central,Apartment,3,1350,16000,13041,13559,14328,15141,16000,5.14,Yes,11.6,2.8,34.3
RT Nagar,13.0214,77.5902,North,Apartment,3,1780,7350,6185,6391,6696,7015,7350,4.26,No,13.8,5.3,23
Thanisandra,13.0581,77.6246,North,Apartment,2,900,8800,5556,6069,6869,7775,8800,13.4,No,11.8,7,19.8
Hoodi,12.9792,77.7168,East,Apartment,1,610,10800,6999,7606,8549,9609,10800,12.77,Yes,3.7,11.6,38.3
Electronic City,12.8461,77.6552,South,Villa,2,890,7300,4531,4966,5646,6420,7300,14.79,No,0.8,18.8,60.3
Thanisandra,13.0628,77.6254,North,Apartment,3,1780,9250,5840,6379,7220,8172,9250,12.95,No,11.7,6.3,18.6
Hoodi,12.9804,77.7157,East,Apartment,2,1090,10600,6869,7465,8391,9431,10600,13.37,Yes,4.1,11.8,39.6
Hoodi,12.9883,77.7173,East,Apartment,2,1350,10950,7095,7711,8667,9742,10950,14.05,Yes,3.8,11.5,35.7
Gottigere,12.8688,77.5964,South,Builder Floor,3,1320,6700,4939,5235,5684,6171,6700,7.43,No,11,9.9,48.3
ITPL,12.9833,77.7273,East,Apartment,1,680,10850,6909,7534,8508,9608,10850,14.78,No,1.6,14.3,36.7
Whitefield,12.9716,77.7493,East,Builder Floor,3,2010,13350,5792,6811,8524,10667,13350,21.73,Yes,2,15.6,40.8
Anjanapura,12.8522,77.5717,South,Builder Floor,2,1010,6400,4906,5161,5545,5957,6400,7.36,No,10.9,10.5,52.7
Hulimavu,12.8916,77.6107,South,Apartment,3,1340,7750,5603,5961,6506,7101,7750,9.67,No,7.4,8.2,42.8
Hulimavu,12.8909,77.6093,South,Apartment,3,1870,6800,4916,5231,5709,6231,6800,7.91,No,7.8,8.5,44.6
Koramangala,12.9381,77.6284,South,Apartment,3,2010,23000,14398,15753,17871,20274,23000,12.24,No,4.7,4.7,39.3
Banashankari,12.9342,77.5567,South,Apartment,3,1850,8050,6297,6599,7051,7534,8050,6.11,Yes,11.3,5.5,39.4
Thanisandra,13.0586,77.6227,North,Apartment,2,880,8800,5556,6069,6869,7775,8800,14.72,No,11.3,7.3,19.1
Gottigere,12.8737,77.5997,South,Apartment,1,690,7150,5270,5586,6065,6585,7150,8.75,No,9.2,9.3,41.6
Anjanapura,12.8562,77.5721,South,Villa,2,1340,6650,5098,5363,5762,6190,6650,7.5,No,12.7,10.2,50.2
Yelahanka,13.1052,77.5993,North,Builder Floor,3,1820,10300,5892,6561,7625,8862,10300,17.34,No,22.1,5.5,13.4
ITPL,12.9894,77.7261,East,Apartment,3,1730,10250,6527,7118,8038,9077,10250,14.04,No,1.6,13.2,40.1
Malleshwaram,13.0019,77.5695,North,Apartment,2,1210,13600,12368,12593,12920,13256,13600,2.32,Yes,12.9,3.6,30.3
Thanisandra,13.0656,77.6287,North,Apartment,1,570,9850,6219,6793,7689,8703,9850,12.17,No,13.1,7.4,18.4
Marathahalli,12.9577,77.6997,East,Apartment,1,460,9850,6219,6793,7689,8703,9850,11.48,No,3,10.7,39.3
Electronic City,12.85,77.662,South,Apartment,2,1200,7200,4469,4898,5569,6332,7200,11.89,No,0.7,17.5,49.9
MG Road,12.9739,77.604,Central,Apartment,3,1720,17150,13979,14534,15358,16229,17150,5.13,Yes,12.7,3.2,38.4
Koramangala,12.9332,77.625,South,Apartment,3,2010,22600,14148,15480,17561,19922,22600,13.91,No,4.6,5,41
Jayanagar,12.922,77.5925,South,Villa,3,1470,15800,11104,11879,13064,14367,15800,10.92,Yes,9.7,4.2,38.1
Hulimavu,12.8968,77.613,South,Builder Floor,1,640,7350,5314,5654,6171,6735,7350,9.62,No,8,8.6,46
Manyata Tech Park,13.0412,77.6261,North,Apartment,3,2040,12950,8540,9250,10348,11576,12950,11.21,No,0.5,7.5,18.1
Koramangala,12.938,77.6246,South,Apartment,4,3200,21500,13459,14726,16706,18952,21500,13.35,No,4.7,4.6,39.5
Hoodi,12.9825,77.717,East,Builder Floor,4,2840,10200,6609,7183,8074,9075,10200,14.15,Yes,3.8,11.1,36.7
Nagarbhavi,12.959,77.5006,West,Builder Floor,3,1790,5950,4850,5043,5329,5631,5950,6.17,No,17.9,6.9,43.9
Yelahanka,13.0987,77.601,North,Apartment,1,510,11150,6378,7102,8254,9593,11150,16.95,No,20.9,5.4,13.1
Devanahalli,13.2444,77.714,North,Apartment,2,970,8700,4677,5272,6230,7362,8700,15.84,No,28.3,8.6,8.7
Richmond Town,12.9641,77.6008,Central,Apartment,4,2070,13650,10677,11189,11956,12775,13650,5.94,Yes,12.3,2.9,36.9
Bellandur,12.9226,77.6813,East,Builder Floor,4,2520,13500,8039,8882,10212,11741,13500,13.55,No,4.1,11.9,47
Rajarajeshwari Nagar,12.9188,77.5111,West,Apartment,3,1510,7550,5731,6041,6507,7009,7550,8.09,Yes,15.1,8.2,40.7
Hoodi,12.9856,77.7126,East,Apartment,2,1150,9850,6382,6936,7796,8763,9850,10.91,Yes,3.6,12.1,36.4
Banashankari,12.9304,77.5527,South,Apartment,2,910,8250,6453,6763,7226,7721,8250,7.02,Yes,11.4,4.9,36.6
Jayanagar,12.9207,77.5941,South,Villa,3,1840,14950,10507,11240,12361,13594,14950,8.95,Yes,9.4,4.1,40.6
Marathahalli,12.9562,77.7006,East,Builder Floor,2,1240,9850,6219,6793,7689,8703,9850,13.73,No,3.1,9.9,40.4
Richmond Town,12.9647,77.5983,Central,Apartment,2,1120,13800,10794,11312,12087,12915,13800,6.18,Yes,11.3,2.7,38.1
Marathahalli,12.9601,77.7021,East,Apartment,1,470,8850,5587,6103,6908,7819,8850,11.57,No,2.9,10,43.7
Manyata Tech Park,13.0492,77.6183,North,Apartment,2,1260,11550,7618,8251,9230,10325,11550,12.58,No,0.5,7.2,17.6
Frazer Town,12.9747,77.6111,Central,Apartment,4,2340,12100,10073,10431,10960,11516,12100,5.55,No,11.1,3.6,37
MG Road,12.9745,77.6061,Central,Apartment,3,1820,15950,13001,13517,14284,15094,15950,5.83,Yes,12.1,3.4,35
Kanakapura Road,12.862,77.5889,South,Apartment,2,1160,8300,5726,6148,6795,7510,8300,9.33,Yes,8,8.6,41.7
HSR Layout,12.9073,77.638,South,Builder Floor,3,1900,14550,8456,9387,10863,12572,14550,13.41,No,5.7,8.1,47
Kengeri,12.913,77.4849,West,Apartment,1,530,5850,4576,4795,5124,5475,5850,6.59,Yes,21.6,8.9,45.9
Thanisandra,13.0601,77.6282,North,Apartment,2,1260,9750,6156,6724,7611,8614,9750,12.75,No,12.9,6.6,19.6
Banashankari,12.9273,77.5503,South,Builder Floor,2,900,9150,7157,7500,8014,8563,9150,7.68,Yes,9.8,4.7,38
Hulimavu,12.8964,77.6144,South,Builder Floor,2,930,6950,5025,5346,5835,6368,6950,8.95,No,6.9,7.5,40.7
Varthur,12.9491,77.7442,East,Builder Floor,2,1160,7000,4616,5000,5593,6257,7000,12.29,No,3.6,12.6,39.2
Richmond Town,12.9584,77.5978,Central,Apartment,3,1890,14700,11497,12049,12875,13757,14700,6.11,Yes,11.4,2.7,34.8
Thanisandra,13.0621,77.6227,North,Apartment,3,1890,9000,5683,6208,7026,7952,9000,12.62,No,10.8,7.4,20
Bellandur,12.9214,77.6806,East,Apartment,2,970,13900,8276,9144,10514,12089,13900,14.24,No,4.1,10.4,46
KR Puram,13.0099,77.7012,East,Apartment,2,1080,9900,5205,5893,7005,8328,9900,16.51,Yes,7,6.5,33
Hebbal,13.0358,77.5987,North,Apartment,3,2180,17050,11447,12355,13755,15314,17050,10.91,No,9.4,8.3,16.3
Yelahanka,13.0961,77.5914,North,Apartment,1,560,9750,5577,6210,7218,8389,9750,16.07,No,22.3,5.4,12.7
Rajajinagar,12.9882,77.5507,West,Apartment,3,1840,14250,11376,11875,12619,13410,14250,6.78,Yes,12.2,4,28.4
Nagarbhavi,12.9641,77.504,West,Builder Floor,3,1680,5750,4687,4873,5149,5441,5750,5.64,No,19.4,7,38.3
Whitefield,12.967,77.7475,East,Apartment,3,1310,13400,5814,6837,8556,10707,13400,23.11,Yes,1.9,14.2,46.1
Hoodi,12.9824,77.7203,East,Apartment,1,500,10200,6609,7183,8074,9075,10200,13.67,Yes,4.1,12.2,39.5
Rajarajeshwari Nagar,12.9254,77.5031,West,Apartment,2,970,8000,6073,6401,6895,7427,8000,8.35,Yes,15.2,7.8,43.1
RT Nagar,13.0175,77.5948,North,Apartment,2,870,7350,6185,6391,6696,7015,7350,5.4,No,14.1,5,25.9
Hennur,13.0419,77.6398,North,Apartment,1,590,8300,5572,6014,6696,7455,8300,11.9,No,11.5,6.8,24.1
JP Nagar,12.9052,77.5821,South,Apartment,2,1000,9700,7013,7462,8144,8888,9700,9.81,Yes,8.6,6,41.6
KR Puram,13.0107,77.6982,East,Apartment,2,1070,9600,5047,5714,6793,8075,9600,19.05,Yes,7,6.6,35
MG Road,12.9761,77.6018,Central,Apartment,3,2080,14800,12064,12543,13254,14006,14800,5.04,Yes,12.5,3.2,33.7
MG Road,12.9731,77.598,Central,Apartment,3,1620,15100,12307,12796,13522,14289,15100,6.22,Yes,13.1,3,35.4
Varthur,12.9455,77.7439,East,Apartment,2,1020,6950,4584,4965,5554,6213,6950,11.71,No,3.7,13.2,43.6
Rajarajeshwari Nagar,12.9228,77.5115,West,Villa,3,1690,7100,5389,5680,6119,6591,7100,7.01,Yes,16.4,8,42.5
KR Puram,13.004,77.7022,East,Apartment,2,1250,9950,5232,5923,7041,8370,9950,18.28,Yes,6,6.2,35.3
Hulimavu,12.8997,77.6105,South,Builder Floor,2,1010,6950,5025,5346,5835,6368,6950,10.12,No,7.3,7.6,43.3
Kanakapura Road,12.8603,77.5836,South,Apartment,1,610,8150,5623,6037,6672,7374,8150,9.95,Yes,7.6,7.5,48.8
ITPL,12.9895,77.7322,East,Apartment,2,930,10500,6687,7292,8234,9298,10500,14.58,No,1.5,14.5,38.2
Whitefield,12.9694,77.7525,East,Villa,2,1290,13500,5856,6887,8619,10787,13500,28.88,Yes,1.9,15,38.6
Electronic City,12.8487,77.6617,South,Builder Floor,1,530,7650,4749,5204,5917,6728,7650,13.36,No,0.8,18.7,57.4
Rajarajeshwari Nagar,12.9227,77.506,West,Apartment,2,1300,8050,6110,6440,6937,7473,8050,6.78,Yes,14.8,8.5,45.8
Rajarajeshwari Nagar,12.9192,77.5116,West,Apartment,2,1280,7550,5731,6041,6507,7009,7550,8.7,Yes,14.7,8,46.1
Indiranagar,12.978,77.6445,East,Villa,3,1630,18400,12354,13334,14845,16527,18400,10.57,Yes,7.6,3.8,35.2
Rajajinagar,12.9923,77.5554,West,Apartment,2,1280,12700,10138,10583,11246,11951,12700,6.93,Yes,12.4,4.2,29.4
Bellandur,12.9284,77.6732,East,Apartment,1,590,12700,7563,8356,9607,11046,12700,15.66,No,3.9,11.8,41.8
Jayanagar,12.9261,77.5962,South,Apartment,3,2190,15700,11034,11804,12981,14276,15700,9.41,Yes,9,3.7,35
Banashankari,12.9268,77.5499,South,Apartment,3,1950,8000,6258,6558,7007,7487,8000,6.63,Yes,10,4.6,41.6
Kanakapura Road,12.8646,77.5818,South,Apartment,3,2100,8650,5968,6408,7082,7827,8650,10.23,Yes,8.5,8.1,41.9
Sarjapur Road,12.9023,77.6849,East,Builder Floor,3,1600,12550,7596,8366,9577,10963,12550,16.61,No,4.4,11.2,45.3
Devanahalli,13.2464,77.7171,North,Builder Floor,3,1920,9200,4947,5576,6589,7786,9200,18.78,No,28.1,7.5,8
Hennur,13.0371,77.6439,North,Apartment,2,1100,8200,5505,5942,6615,7365,8200,12.46,No,10.7,7.8,22
MG Road,12.9772,77.6048,Central,Apartment,2,860,15450,12593,13093,13836,14621,15450,5.47,Yes,13,3.3,37.1
Manyata Tech Park,13.0479,77.6178,North,Apartment,4,2680,11050,7288,7893,8830,9878,11050,11.76,No,0.5,7,17.9
Yelahanka,13.0991,77.5974,North,Apartment,1,560,11150,6378,7102,8254,9593,11150,15.75,No,21.2,5.4,13.5
RT Nagar,13.0231,77.5883,North,Apartment,2,1270,7950,6690,6913,7243,7588,7950,4.61,No,13.5,5.4,23.5
Nagarbhavi,12.9606,77.5039,West,Apartment,3,1530,6600,5380,5594,5911,6246,6600,6.25,No,17.1,7.4,39.8
Whitefield,12.9712,77.7528,East,Apartment,1,510,14100,6117,7194,9003,11267,14100,26.52,Yes,2,14.6,43.1
Kanakapura Road,12.8667,77.5893,South,Builder Floor,2,1210,8900,6140,6592,7286,8053,8900,10.38,Yes,8.4,8,45.8
Hennur,13.0422,77.6402,North,Apartment,3,1650,8750,5874,6340,7059,7859,8750,11.1,No,12.5,7.1,24
RT Nagar,13.0224,77.5934,North,Apartment,2,1230,8000,6731,6956,7288,7636,8000,5.43,No,12.4,5,24.2
Malleshwaram,13.0019,77.5667,North,Apartment,1,490,12550,11412,11620,11922,12232,12550,2.27,Yes,13.1,3.6,25.7
ITPL,12.9807,77.7293,East,Apartment,2,1090,11900,7578,8264,9332,10538,11900,11.04,No,1.5,14,38.8
KR Puram,13.0053,77.6984,East,Builder Floor,3,1800,9500,4995,5655,6722,7991,9500,16.29,Yes,6.7,6.5,33.4
Bannerghatta Road,12.8766,77.5971,South,Apartment,2,1340,10150,6354,6952,7887,8947,10150,12.21,No,7.8,7,38.7
Banashankari,12.9307,77.5491,South,Apartment,2,1320,8300,6493,6804,7270,7768,8300,6.62,Yes,10.1,5.2,38.4
Hulimavu,12.8971,77.609,South,Apartment,2,1220,7550,5459,5808,6339,6918,7550,8.72,No,6.9,7.7,43.6
KR Puram,13.0042,77.6963,East,Builder Floor,3,2180,9350,4915,5565,6616,7865,9350,16.95,Yes,7,7.1,32.1
Jayanagar,12.9244,77.5894,South,Villa,2,860,15100,10613,11354,12486,13731,15100,11.13,Yes,10.2,4,41.5
Hoodi,12.9848,77.7147,East,Apartment,3,1760,9850,6382,6936,7796,8763,9850,11.82,Yes,4.3,11.2,37.4
Varthur,12.9487,77.7499,East,Apartment,2,960,7350,4847,5250,5873,6570,7350,12.93,No,3.6,12.5,41.2
Gottigere,12.87,77.5954,South,Apartment,3,1850,7100,5232,5546,6022,6539,7100,9.39,No,9.3,8.5,45.3
HSR Layout,12.9125,77.6352,South,Apartment,3,1700,14800,8601,9548,11050,12788,14800,13.66,No,5.8,7.6,44.3
KR Puram,13.0078,77.6993,East,Apartment,2,980,10100,5310,6012,7147,8496,10100,20.28,Yes,6.1,6.7,31.6
Banashankari,12.9336,77.5494,South,Builder Floor,3,1740,9100,7118,7459,7970,8516,9100,6.67,Yes,10.5,4.8,40.1
KR Puram,13.0026,77.7,East,Apartment,3,1470,10050,5284,5982,7111,8454,10050,19.37,Yes,6.2,7.4,35.6
Sarjapur Road,12.899,77.6872,East,Apartment,3,1340,12900,7809,8600,9844,11269,12900,12.4,No,4.5,11.4,40.7
Hoodi,12.9795,77.7135,East,Apartment,2,1030,10700,6934,7536,8470,9520,10700,12.28,Yes,4.2,10.8,39.7
Frazer Town,12.9812,77.6162,Central,Apartment,3,1330,12900,10739,11120,11684,12277,12900,4.68,No,11.5,4,32.6
Banashankari,12.9284,77.555,South,Apartment,2,980,8750,6844,7172,7664,8189,8750,6.86,Yes,10.6,4.9,36.5
Bannerghatta Road,12.876,77.5937,South,Villa,3,1750,9100,5697,6233,7071,8022,9100,11.69,No,8.8,7,42.5
Hoodi,12.9824,77.7172,East,Builder Floor,3,1430,10650,6901,7500,8430,9475,10650,13.24,Yes,4.3,11.7,39.2
Anjanapura,12.8522,77.5687,South,Apartment,2,870,6050,4637,4878,5241,5631,6050,6.8,No,11.7,10.1,49.5
Manyata Tech Park,13.0463,77.6192,North,Apartment,2,1340,12350,8145,8822,9869,11040,12350,12.46,No,0.5,7.5,19.3
Electronic City,12.8491,77.6579,South,Apartment,2,1020,7500,4655,5102,5801,6596,7500,14.31,No,0.8,17,56.7
Anjanapura,12.8552,77.5678,South,Apartment,1,560,6550,5021,5282,5675,6097,6550,8.42,No,11.9,10.8,49.1
Yelahanka,13.0976,77.5999,North,Apartment,2,900,10950,6263,6974,8106,9421,10950,16.71,No,20.3,4.8,12.7
Koramangala,12.9309,77.6241,South,Apartment,3,1940,23700,14837,16233,18415,20891,23700,12.85,No,4.9,5.1,38.7
Gottigere,12.8711,77.5961,South,Builder Floor,3,2150,7250,5343,5664,6150,6677,7250,9.63,No,9.4,9.4,42.9
Rajarajeshwari Nagar,12.9188,77.507,West,Apartment,1,510,7050,5351,5640,6076,6545,7050,8.16,Yes,14,8.4,38.4
Rajajinagar,12.9899,77.5493,West,Builder Floor,2,870,14000,11177,11667,12398,13175,14000,6.06,Yes,11.3,3.7,27.9
Marathahalli,12.9629,77.6994,East,Builder Floor,1,640,9600,6062,6621,7494,8482,9600,14.54,No,3.2,9.1,38.4
Hebbal,13.0381,77.5991,North,Apartment,3,1770,16700,11212,12101,13473,15000,16700,10.38,No,10.9,8.6,16.5
Whitefield,12.9677,77.7526,East,Villa,1,510,15050,6530,7679,9610,12026,15050,23.66,Yes,2.2,13.3,42.1
HSR Layout,12.9096,77.6376,South,Apartment,3,2020,13500,7846,8710,10080,11665,13500,13.81,No,6,7.3,42.4
Marathahalli,12.9576,77.7044,East,Apartment,2,1190,9400,5935,6483,7338,8305,9400,11.94,No,3.2,10.8,42.8
HSR Layout,12.9155,77.6343,South,Villa,3,2070,15050,8747,9710,11237,13004,15050,13.99,No,5.1,7.8,41.8
MG Road,12.9719,77.5969,Central,Villa,4,3370,16650,13571,14110,14910,15756,16650,5.45,Yes,12.6,3.3,36.2
Electronic City,12.8465,77.6592,South,Apartment,2,1320,7200,4469,4898,5569,6332,7200,11.75,No,0.8,16.8,49.9
Yelahanka,13.1012,77.597,North,Apartment,4,2130,10500,6006,6688,7773,9034,10500,14.1,No,22.1,5.2,12.6
Kanakapura Road,12.8664,77.5828,South,Apartment,3,1800,8850,6106,6556,7246,8008,8850,10.41,Yes,7.9,8,44.2
KR Puram,13.0111,77.6989,East,Builder Floor,2,1040,8900,4680,5298,6298,7487,8900,17.36,Yes,6.8,7.5,36.4
Gottigere,12.8692,77.5967,South,Apartment,2,1120,6900,5086,5391,5853,6355,6900,8.46,No,10.2,9.6,46
Hebbal,13.0341,77.5954,North,Apartment,3,1610,15950,10708,11558,12868,14326,15950,9.92,No,10.5,7.6,17.6
Nagarbhavi,12.9661,77.5018,West,Apartment,2,1020,6300,5135,5339,5642,5962,6300,6.41,No,17.1,7.7,42.5
Devanahalli,13.2502,77.7175,North,Builder Floor,2,1210,8700,4677,5272,6230,7362,8700,17.79,No,30.6,7.8,8.6
Yelahanka,13.1041,77.6002,North,Apartment,2,1250,9800,5605,6242,7255,8432,9800,17.66,No,20.6,4.9,13.1
Bannerghatta Road,12.8736,77.5965,South,Apartment,3,1390,10050,6292,6884,7809,8859,10050,12.22,No,8.2,6.7,45
Manyata Tech Park,13.0458,77.6227,North,Apartment,3,1430,11450,7551,8178,9149,10235,11450,12.4,No,0.5,7.1,20.7
Kengeri,12.914,77.4808,West,Builder Floor,2,1140,6200,4849,5082,5430,5802,6200,7.35,Yes,18.6,9.2,39.3
MG Road,12.9753,77.6044,Central,Villa,1,530,15100,12307,12796,13522,14289,15100,5.25,Yes,11.5,3.1,34.1
Malleshwaram,13.0031,77.5687,North,Builder Floor,2,1050,13400,12186,12408,12730,13061,13400,2.32,Yes,12.6,3.8,25.5
Hennur,13.04,77.6404,North,Apartment,2,1150,7900,5304,5725,6374,7096,7900,12.82,No,10.9,8.2,21.5
Banashankari,12.9325,77.5545,South,Builder Floor,3,1460,7950,6218,6516,6963,7440,7950,7.64,Yes,9.7,5.4,35.4
Devanahalli,13.2461,77.7122,North,Builder Floor,2,1020,8800,4731,5333,6302,7447,8800,19.29,No,27.1,8.5,8.2
JP Nagar,12.9117,77.5868,South,Villa,3,1360,9350,6760,7193,7850,8567,9350,9.46,Yes,9.1,6.3,37.1
Rajajinagar,12.9859,77.5575,West,Builder Floor,3,2130,13750,10977,11458,12176,12939,13750,6.12,Yes,12.2,4.4,27.9
Varthur,12.944,77.7453,East,Apartment,3,1640,8100,5342,5786,6473,7241,8100,12.3,No,3.5,14,46.1
Banashankari,12.9356,77.5569,South,Apartment,3,2150,8250,6453,6763,7226,7721,8250,7.41,Yes,11.4,5.3,41.7
Indiranagar,12.9829,77.6414,East,Apartment,4,2360,19150,12857,13877,15450,17201,19150,12.02,Yes,7.1,4.5,37.4
Whitefield,12.9649,77.7548,East,Builder Floor,2,1210,13250,5748,6760,8460,10588,13250,22.78,Yes,1.9,15.5,43.1
Bannerghatta Road,12.8808,77.5991,South,Apartment,2,1290,9750,6103,6677,7575,8594,9750,13.9,No,7.9,6.2,41.4
Hoodi,12.9882,77.7185,East,Apartment,4,3020,10950,7095,7711,8667,9742,10950,13.6,Yes,4.1,12.7,34.7
Hebbal,13.0302,77.5964,North,Apartment,2,1260,15800,10607,11449,12747,14192,15800,12.93,No,9.2,8.2,17.3
Frazer Town,12.9791,77.6178,Central,Builder Floor,3,1860,12150,10116,10475,11006,11564,12150,5.16,No,10.8,3.5,33.4
Bannerghatta Road,12.8783,77.5929,South,Apartment,3,1390,9300,5822,6370,7226,8198,9300,13.81,No,8,6.4,44
Yelahanka,13.1013,77.5932,North,Apartment,3,1600,10650,6091,6783,7884,9163,10650,15.72,No,19.7,4.8,13.1
Gottigere,12.8747,77.6035,South,Apartment,3,1320,7050,5196,5508,5980,6493,7050,8.57,No,10,8.9,48.5
KR Puram,13.0108,77.6965,East,Apartment,3,2130,9750,5126,5803,6899,8202,9750,20.34,Yes,6.1,7.1,31.6
Hennur,13.0427,77.6398,North,Builder Floor,3,2040,8550,5741,6196,6898,7680,8550,11.64,No,11.4,7.2,22.6
Bannerghatta Road,12.8819,77.5999,South,Apartment,3,1300,9150,5728,6267,7110,8066,9150,11.65,No,8.8,6.4,42.1
Electronic City,12.8476,77.656,South,Apartment,2,860,6800,4220,4625,5259,5980,6800,11.67,No,0.7,18.7,59.6
Bannerghatta Road,12.8825,77.6017,South,Apartment,1,570,10000,6260,6849,7770,8815,10000,13.05,No,8,6.2,43.1
Anjanapura,12.8542,77.5734,South,Apartment,2,1320,6050,4637,4878,5241,5631,6050,6.89,No,12.2,10.7,51.8
ITPL,12.9892,77.7279,East,Builder Floor,2,950,11650,7419,8090,9136,10317,11650,12.89,No,1.6,12.4,40
Nagarbhavi,12.9596,77.5048,West,Apartment,2,920,6700,5461,5678,6000,6340,6700,5.58,No,19.4,7,41.1
Gottigere,12.8695,77.6024,South,Apartment,1,540,6900,5086,5391,5853,6355,6900,9.36,No,9.7,9.4,42.6
Bellandur,12.9274,77.6816,East,Villa,2,1270,12050,7176,7928,9115,10480,12050,15.96,No,3.7,10,39.4
Manyata Tech Park,13.0463,77.6196,North,Apartment,1,670,12900,8507,9214,10308,11531,12900,13.25,No,0.5,7.9,20.6
Hebbal,13.0397,77.5955,North,Villa,3,1320,15100,10138,10942,12182,13563,15100,11.96,No,10.5,8.7,19.6
Thanisandra,13.0572,77.628,North,Apartment,3,2160,8950,5650,6172,6986,7907,8950,14.81,No,12.8,7.4,20.5
KR Puram,13.0028,77.694,East,Apartment,3,1390,9900,5205,5893,7005,8328,9900,17.27,Yes,6.4,7.3,35.9
Hebbal,13.0376,77.5984,North,Villa,3,1580,15850,10641,11485,12787,14236,15850,10.8,No,9.9,8.1,19.3
Bellandur,12.9294,77.6745,East,Builder Floor,3,2080,13750,8188,9046,10401,11959,13750,14.88,No,3.7,11,43.3
Hennur,13.0398,77.6359,North,Builder Floor,2,1010,8000,5371,5797,6454,7186,8000,12.72,No,10.4,7.5,23.1
Bellandur,12.9295,77.6739,East,Builder Floor,2,1340,12250,7294,8059,9266,10654,12250,14.18,No,3.5,11.7,39.8
Kengeri,12.9164,77.4854,West,Apartment,2,1010,5400,4224,4427,4730,5054,5400,6.42,Yes,21.1,9,43.2
Hebbal,13.0314,77.5958,North,Villa,4,2370,15050,10104,10906,12142,13518,15050,12.63,No,10.2,8.5,17.1
Frazer Town,12.9779,77.6122,Central,Builder Floor,3,2010,12100,10073,10431,10960,11516,12100,4.46,No,11.4,3.8,39
Richmond Town,12.9644,77.6053,Central,Apartment,2,900,14650,11458,12008,12831,13710,14650,6.51,Yes,12.5,2.9,36.1
JP Nagar,12.9071,77.5851,South,Apartment,2,940,9750,7050,7501,8186,8934,9750,9.13,Yes,8.2,6.6,39.5
Varthur,12.9487,77.7439,East,Apartment,2,1350,7700,5078,5500,6153,6883,7700,12.42,No,3.7,12.7,45.1
Hennur,13.0411,77.6377,North,Apartment,1,500,8300,5572,6014,6696,7455,8300,10.05,No,12.5,7.8,23.5
Hebbal,13.0352,77.5984,North,Villa,4,2160,17200,11547,12463,13876,15449,17200,12.14,No,10.5,7.4,16.2
Rajarajeshwari Nagar,12.9189,77.5042,West,Builder Floor,2,910,7250,5503,5800,6248,6730,7250,7.95,Yes,14.9,8.3,41.4
Hulimavu,12.898,77.6082,South,Apartment,3,1860,7650,5530,5884,6422,7009,7650,9.92,No,8.2,8.6,42.3
Varthur,12.9504,77.7448,East,Apartment,1,660,7000,4616,5000,5593,6257,7000,11.76,No,3.2,12.2,38.8
KR Puram,13.0122,77.7007,East,Apartment,2,1150,8950,4705,5327,6333,7529,8950,21.68,Yes,6.6,7.2,32.8
Hulimavu,12.8918,77.618,South,Apartment,3,2180,6700,4844,5154,5625,6139,6700,9.18,No,7,8.4,45.2
Anjanapura,12.8539,77.57,South,Builder Floor,2,1110,6700,5136,5403,5805,6236,6700,6.51,No,12.5,10.2,51.6
Sarjapur Road,12.8972,77.6839,East,Villa,3,1870,12200,7386,8134,9311,10658,12200,12.87,No,4.1,13,43
Hebbal,13.0345,77.593,North,Villa,3,1470,16150,10843,11703,13029,14506,16150,12.87,No,11,7.3,18.1
Bannerghatta Road,12.8831,77.6,South,Apartment,3,1620,8900,5571,6095,6915,7845,8900,13.25,No,8.8,6.5,42.5
Electronic City,12.8454,77.6613,South,Apartment,3,1820,7050,4376,4796,5453,6200,7050,12.53,No,0.9,16.7,55.4
Indiranagar,12.9812,77.6373,East,Apartment,3,1980,19300,12957,13985,15570,17335,19300,10.93,Yes,7.4,4,34.2
Varthur,12.9468,77.7465,East,Apartment,2,1250,7500,4946,5357,5993,6704,7500,11.1,No,3.7,12.7,41
MG Road,12.9805,77.6048,Central,Villa,3,2100,16100,13123,13644,14418,15236,16100,4.86,Yes,11.6,3,32
Indiranagar,12.9758,77.6381,East,Apartment,4,3370,20950,14064,15180,16901,18817,20950,11.46,Yes,7,4.4,35.3
Frazer Town,12.9808,77.613,Central,Apartment,3,1850,11300,9408,9742,10236,10755,11300,5.07,No,10.5,4.1,32.5
Kanakapura Road,12.8613,77.5862,South,Apartment,1,640,9100,6279,6741,7450,8234,9100,9.19,Yes,8.7,8.4,45.2
Sarjapur Road,12.9012,77.683,East,Apartment,3,1970,12750,7718,8500,9730,11138,12750,16.19,No,4.1,12.9,45.5
Hulimavu,12.891,77.6135,South,Apartment,2,1100,7650,5530,5884,6422,7009,7650,8.04,No,8,8.3,47.5
Hebbal,13.0345,77.5953,North,Villa,3,1600,16250,10909,11775,13110,14596,16250,12.81,No,9.2,8.4,16.9
Hulimavu,12.8967,77.614,South,Builder Floor,3,1510,7400,5350,5692,6212,6780,7400,10.32,No,7,7.5,45.8
Indiranagar,12.9808,77.6431,East,Apartment,4,3380,19600,13159,14203,15813,17605,19600,11.23,Yes,6.7,3.9,37.1
Jayanagar,12.926,77.594,South,Apartment,3,1480,14300,10050,10752,11824,13003,14300,8.58,Yes,9.4,3.6,39.7
Yelahanka,13.0997,77.6007,North,Builder Floor,1,560,9950,5692,6338,7366,8561,9950,15.44,No,21.2,4.7,12.9
Rajarajeshwari Nagar,12.9198,77.5079,West,Apartment,1,600,7350,5578,5880,6334,6823,7350,7.76,Yes,14.6,8.7,42.9
Bellandur,12.9292,77.6764,East,Apartment,2,1240,12900,7682,8487,9758,11220,12900,16.91,No,3.9,11.3,42.1
Malleshwaram,13.0082,77.5734,North,Builder Floor,3,1510,12500,11366,11573,11874,12183,12500,2.94,Yes,14.5,3.4,27.5
Jayanagar,12.9267,77.5985,South,Builder Floor,3,1340,14950,10507,11240,12361,13594,14950,8.63,Yes,9.6,3.5,38.4
Richmond Town,12.9622,77.6035,Central,Builder Floor,2,890,13950,10911,11434,12218,13055,13950,5.92,Yes,10.3,2.9,34.6
Anjanapura,12.8586,77.5658,South,Apartment,1,630,5800,4446,4677,5025,5399,5800,7.07,No,10.8,10.3,52
Yelahanka,13.1045,77.5971,North,Apartment,2,1120,10650,6091,6783,7884,9163,10650,17.77,No,22.3,5,11.3
KR Puram,13.0119,77.6993,East,Builder Floor,2,1000,8950,4705,5327,6333,7529,8950,21.59,Yes,6.4,6.1,38
JP Nagar,12.9041,77.5839,South,Apartment,2,1260,9850,7121,7577,8269,9025,9850,7.98,Yes,9,7.1,37.4
Sarjapur Road,12.9034,77.69,East,Apartment,3,2160,11550,6992,7700,8814,10090,11550,13.1,No,4.9,11.6,47.3
Anjanapura,12.8545,77.5658,South,Apartment,3,1980,5750,4408,4637,4982,5352,5750,7.86,No,12.3,9.2,46.1
Manyata Tech Park,13.0412,77.6256,North,Apartment,3,1890,12750,8408,9107,10188,11397,12750,13.32,No,0.5,7.6,20.5
Hebbal,13.0312,77.5991,North,Apartment,3,1700,15400,10339,11159,12424,13832,15400,11.62,No,10.6,7.2,18.8
Bannerghatta Road,12.8814,77.5969,South,Apartment,3,1480,10250,6416,7020,7964,9035,10250,12.86,No,8.5,6.9,43.5
Bannerghatta Road,12.8807,77.5968,South,Apartment,1,540,9850,6167,6747,7654,8683,9850,12.08,No,7.8,5.9,43
Frazer Town,12.9804,77.6154,Central,Apartment,2,1180,11250,9366,9698,10190,10707,11250,5.06,No,9.5,4.2,32.9
JP Nagar,12.9056,77.5867,South,Builder Floor,3,1930,9800,7085,7538,8227,8979,9800,10.23,Yes,9.1,6.7,40.3
HSR Layout,12.9092,77.6375,South,Apartment,3,1770,14950,8688,9645,11162,12918,14950,17.6,No,5.9,8.2,42.5
Indiranagar,12.9812,77.6392,East,Apartment,4,3080,18550,12454,13442,14966,16662,18550,11.26,Yes,7.7,4.2,32.5
Hennur,13.037,77.6376,North,Apartment,1,560,8700,5841,6304,7019,7814,8700,10.83,No,12.1,7.2,23.3
Electronic City,12.8437,77.665,South,Apartment,3,1470,7100,4406,4829,5491,6244,7100,12.75,No,0.8,17.9,60.1
Devanahalli,13.2435,77.7094,North,Builder Floor,1,580,9300,5000,5636,6660,7870,9300,16.19,No,29.7,7.9,8.2
Banashankari,12.9349,77.5495,South,Villa,2,1240,8650,6765,7090,7576,8095,8650,6.34,Yes,11.4,5,36.3
Whitefield,12.9712,77.7466,East,Builder Floor,3,1820,13450,5835,6862,8588,10747,13450,25.13,Yes,1.9,15.5,43.3
Hennur,13.0361,77.6369,North,Builder Floor,2,1320,8950,6009,6486,7221,8039,8950,9.99,No,11.4,8.1,21.3
Manyata Tech Park,13.0455,77.623,North,Apartment,2,990,11200,7386,8000,8950,10012,11200,10.72,No,0.5,7.5,20.5
Gottigere,12.8731,77.5971,South,Builder Floor,2,1050,6850,5049,5352,5811,6309,6850,8.01,No,10.9,9.4,43.7
Varthur,12.9504,77.7477,East,Apartment,2,1040,7150,4715,5107,5713,6391,7150,12.97,No,3.6,13.5,43.6
Hebbal,13.0368,77.596,North,Villa,2,1170,15850,10641,11485,12787,14236,15850,11.3,No,9,7.7,19
Koramangala,12.936,77.6242,South,Apartment,3,1790,22200,13898,15206,17250,19569,22200,12.66,No,5,5.4,34.6
Hebbal,13.036,77.593,North,Apartment,3,1360,14900,10003,10797,12021,13383,14900,11.52,No,9.6,7.3,19.2
Koramangala,12.9354,77.6275,South,Villa,3,1710,20700,12958,14178,16084,18247,20700,15.16,No,5.4,5,41.3
RT Nagar,13.023,77.588,North,Apartment,3,1670,8100,6815,7043,7379,7731,8100,4.07,No,12.2,5.6,25.4
Nagarbhavi,12.9629,77.5046,West,Villa,3,1400,6600,5380,5594,5911,6246,6600,6.43,No,18.3,7.4,44.8
Whitefield,12.9737,77.7454,East,Villa,3,1650,13400,5814,6837,8556,10707,13400,25.25,Yes,2,14,43.5
Whitefield,12.9701,77.7476,East,Builder Floor,3,1490,14600,6334,7449,9322,11666,14600,27.12,Yes,2.2,14.5,44.5
Jayanagar,12.9248,77.5948,South,Apartment,3,1380,15600,10964,11729,12899,14185,15600,9.93,Yes,9.3,4.1,38.6
Hulimavu,12.8929,77.6117,South,Builder Floor,3,2100,7450,5385,5730,6254,6826,7450,10.3,No,8,8.6,42.7
JP Nagar,12.9115,77.5841,South,Builder Floor,1,560,9700,7013,7462,8144,8888,9700,8.81,Yes,9.8,6.6,43.7
Bannerghatta Road,12.8795,77.6001,South,Apartment,3,1810,9450,5916,6473,7343,8330,9450,12.92,No,8.6,6.4,42.3
Hebbal,13.0351,77.5929,North,Apartment,4,2880,16650,11179,12066,13433,14955,16650,10.42,No,10.5,7.6,19.2
Indiranagar,12.9812,77.643,East,Villa,3,1970,18100,12152,13116,14602,16257,18100,11.41,Yes,6.5,4.4,37.5
Yelahanka,13.1038,77.5954,North,Apartment,2,910,9700,5549,6179,7181,8346,9700,15.23,No,22,5,13.3
Jayanagar,12.9256,77.5906,South,Apartment,2,1290,15750,11069,11842,13023,14322,15750,10.13,Yes,9.6,3.9,42.3
Nagarbhavi,12.9659,77.4997,West,Apartment,2,860,6000,4891,5085,5373,5678,6000,5.52,No,18.8,6.9,39.2
Indiranagar,12.98,77.6426,East,Apartment,3,1970,18800,12622,13623,15167,16886,18800,11.67,Yes,6.5,4.4,38.9
Hebbal,13.0351,77.5982,North,Apartment,3,2070,15850,10641,11485,12787,14236,15850,12.42,No,9.5,7.9,17.1
Hennur,13.0434,77.636,North,Apartment,2,1350,8200,5505,5942,6615,7365,8200,11.99,No,12.5,7.6,23.6
Hennur,13.0436,77.6389,North,Apartment,2,1230,8000,5371,5797,6454,7186,8000,10.75,No,10.8,7.1,23.8
Bellandur,12.9265,77.6795,East,Villa,3,1760,13700,8158,9013,10363,11915,13700,13.27,No,3.5,11.3,47.2
KR Puram,13.0039,77.7013,East,Builder Floor,4,2670,10150,5336,6041,7182,8538,10150,18.1,Yes,6,6.9,36.9
Yelahanka,13.1047,77.5977,North,Villa,3,1770,10250,5863,6529,7588,8819,10250,14.9,No,23.2,5.2,11.9
Thanisandra,13.0566,77.6242,North,Builder Floor,2,1270,9700,6125,6690,7572,8570,9700,11.29,No,12.1,7,19.1
HSR Layout,12.9161,77.642,South,Apartment,2,1220,15000,8717,9677,11199,12961,15000,14.33,No,6,8.5,45.6
Hulimavu,12.8999,77.6111,South,Apartment,2,850,7700,5567,5923,6464,7055,7700,8.02,No,6.9,7.7,41.2
Devanahalli,13.2458,77.7163,North,Apartment,3,1440,8400,4517,5091,6016,7109,8400,18.35,No,27.1,8,8.5
Whitefield,12.971,77.7546,East,Apartment,1,510,13800,5987,7041,8811,11027,13800,25.64,Yes,2.1,14.4,38.1
Marathahalli,12.9551,77.7009,East,Builder Floor,2,1000,8600,5430,5931,6713,7598,8600,11.89,No,2.9,9.1,42.9
Koramangala,12.931,77.6218,South,Apartment,3,1940,20500,12832,14040,15928,18070,20500,12.6,No,5.4,5.2,39.2
Manyata Tech Park,13.0463,77.6206,North,Builder Floor,3,1790,11450,7551,8178,9149,10235,11450,13.45,No,0.5,6.6,20.5
MG Road,12.9799,77.5999,Central,Apartment,3,1440,16900,13776,14323,15135,15993,16900,4.97,Yes,10.8,3.1,36.5
Jayanagar,12.9236,77.5901,South,Villa,3,1620,14450,10156,10865,11948,13140,14450,10.54,Yes,10,4,40.9
Frazer Town,12.9759,77.6101,Central,Apartment,3,2120,12000,9990,10345,10870,11421,12000,4.89,No,9.6,4.2,37.9
Sarjapur Road,12.8966,77.6881,East,Apartment,3,1760,11450,6931,7633,8738,10002,11450,15.89,No,4.9,10.9,40.9
Banashankari,12.93,77.5575,South,Builder Floor,2,1200,9100,7118,7459,7970,8516,9100,7.34,Yes,10.5,5.5,40.2
Koramangala,12.9336,77.6272,South,Villa,4,3400,22600,14148,15480,17561,19922,22600,15.26,No,4.6,5.3,37.8
Malleshwaram,13.0005,77.5681,North,Builder Floor,2,1190,14200,12912,13147,13489,13840,14200,2.65,Yes,13.4,3.4,27
Hennur,13.035,77.6366,North,Builder Floor,2,1090,9000,6043,6522,7261,8084,9000,11.78,No,11.8,6.8,20.6
Bannerghatta Road,12.881,77.594,South,Apartment,3,2110,9550,5978,6541,7420,8418,9550,13.51,No,8.9,6.7,40
Gottigere,12.8712,77.5993,South,Apartment,3,1720,7250,5343,5664,6150,6677,7250,9.43,No,9.8,8.5,47.7
MG Road,12.9791,77.5975,Central,Villa,2,1130,15950,13001,13517,14284,15094,15950,5.69,Yes,12.2,2.9,37.4
Malleshwaram,13.0033,77.5691,North,Villa,2,1270,13900,12641,12871,13205,13548,13900,2.6,Yes,13.3,3.5,25.9
Thanisandra,13.0592,77.6282,North,Builder Floor,2,1160,9300,5872,6414,7260,8217,9300,14.22,No,13.1,6.6,20.5
RT Nagar,13.0184,77.5863,North,Apartment,2,1000,7050,5933,6131,6423,6729,7050,5.26,No,12.7,5.1,25.6
RT Nagar,13.0184,77.5881,North,Apartment,2,1290,7850,6605,6826,7152,7493,7850,4.52,No,11.8,5.1,24.5
Electronic City,12.8499,77.6602,South,Apartment,3,2130,7400,4593,5034,5724,6508,7400,13.09,No,0.8,18.3,52.9
Bannerghatta Road,12.8775,77.6011,South,Builder Floor,3,1740,9050,5666,6199,7032,7977,9050,12.25,No,7.4,5.9,40.4
Sarjapur Road,12.9058,77.6837,East,Apartment,2,970,11650,7052,7766,8890,10177,11650,15.25,No,4.8,13,40.8
Varthur,12.9459,77.7482,East,Builder Floor,2,1070,7200,4748,5143,5753,6436,7200,11.82,No,3.5,12.8,45
Indiranagar,12.9787,77.6435,East,Apartment,3,1580,19700,13227,14276,15894,17695,19700,13,Yes,6.7,4,38.8
Gottigere,12.8661,77.6037,South,Builder Floor,3,1920,7100,5232,5546,6022,6539,7100,9.4,No,10.5,8.9,41.6
Hoodi,12.9814,77.7208,East,Apartment,2,1160,9850,6382,6936,7796,8763,9850,14.02,Yes,4.1,12.3,38.9
RT Nagar,13.0161,77.5856,North,Builder Floor,3,1830,7350,6185,6391,6696,7015,7350,5.19,No,12.7,5.3,23.4
Bannerghatta Road,12.8771,77.5927,South,Apartment,2,990,9600,6009,6575,7459,8462,9600,13.14,No,8,6.8,40.9
HSR Layout,12.9092,77.6419,South,Apartment,3,1620,12950,7526,8355,9669,11190,12950,14.01,No,5.8,7.7,44.1
Bellandur,12.9274,77.6824,East,Villa,3,1740,12150,7234,7993,9190,10567,12150,13.08,No,4,11.7,44.6
KR Puram,13.0079,77.695,East,Villa,2,1150,10150,5336,6041,7182,8538,10150,21.43,Yes,7.1,7,32.6
Marathahalli,12.9592,77.7016,East,Builder Floor,3,2110,9800,6187,6758,7649,8658,9800,13.94,No,3.1,9.9,39.4
Indiranagar,12.9823,77.6385,East,Apartment,2,860,19800,13293,14348,15974,17784,19800,11.23,Yes,7.2,4.6,35.8
Banashankari,12.934,77.551,South,Builder Floor,3,1330,8350,6531,6844,7313,7814,8350,7.66,Yes,11.5,4.9,38.2
Kengeri,12.9118,77.4898,West,Apartment,2,920,6100,4771,5000,5343,5709,6100,7.56,Yes,19.5,8.3,40.9
Devanahalli,13.2441,77.7094,North,Apartment,1,620,8900,4785,5394,6374,7532,8900,15.99,No,27.3,8.1,8.1
Whitefield,12.9706,77.7546,East,Builder Floor,2,1300,14400,6247,7347,9195,11507,14400,28.5,Yes,2.2,13.3,40.3
Bellandur,12.9294,77.6769,East,Apartment,3,2130,12750,7592,8388,9644,11089,12750,14.17,No,3.6,10.1,42.4
Kanakapura Road,12.8595,77.5864,South,Apartment,1,630,8950,6175,6630,7327,8098,8950,11.87,Yes,8.5,7.8,41.2
Koramangala,12.9385,77.6235,South,Villa,2,1050,23200,14523,15890,18026,20450,23200,11.52,No,4.6,5,36.6
ITPL,12.9837,77.7259,East,Apartment,1,610,10650,6782,7396,8352,9431,10650,13.61,No,1.5,13.7,40.1
Whitefield,12.9714,77.7499,East,Apartment,3,1440,14550,6312,7423,9290,11626,14550,22.05,Yes,1.9,15.2,45.9
Bellandur,12.9244,77.6744,East,Apartment,4,2530,13250,7890,8717,10023,11524,13250,14.03,No,3.8,11.2,40.5
Marathahalli,12.9626,77.702,East,Apartment,1,600,8550,5399,5897,6674,7554,8550,12.86,No,3,10,40.2
Jayanagar,12.9293,77.5907,South,Apartment,3,1380,15850,11140,11918,13106,14413,15850,10.71,Yes,8.9,3.7,36.3
Hulimavu,12.8945,77.6112,South,Apartment,2,1220,7250,5242,5577,6087,6643,7250,9.68,No,7.6,8.1,42.4
Frazer Town,12.9776,77.6102,Central,Apartment,1,590,12550,10447,10818,11367,11944,12550,4.39,No,11.3,4.1,37.6
Bellandur,12.9223,77.6748,East,Apartment,2,1080,12650,7532,8322,9569,11002,12650,14.43,No,4.1,11.9,42.5
Varthur,12.9441,77.7466,East,Apartment,3,1580,7950,5243,5679,6353,7107,7950,12.91,No,3.8,13.4,45.4
Koramangala,12.9328,77.6277,South,Apartment,3,1720,23450,14680,16062,18221,20671,23450,14.78,No,4.6,5.1,41.3
MG Road,12.9771,77.6055,Central,Villa,3,1610,16550,13489,14025,14821,15662,16550,5.32,Yes,11.4,3,32.4
Richmond Town,12.9611,77.597,Central,Villa,3,1750,15400,12045,12623,13488,14412,15400,6.63,Yes,12.2,3,35.9
Kengeri,12.9109,77.4812,West,Builder Floor,3,1450,5600,4380,4590,4905,5241,5600,6.28,Yes,18.9,8.1,43.4
Bellandur,12.922,77.6804,East,Apartment,2,970,12600,7502,8289,9531,10959,12600,16.88,No,3.8,11.7,47.3
Varthur,12.9437,77.7513,East,Apartment,1,510,7750,5111,5536,6193,6928,7750,10.88,No,3.8,12.6,40.4
Sarjapur Road,12.8983,77.6837,East,Apartment,3,1420,12550,7596,8366,9577,10963,12550,12.65,No,4.7,12.2,42
Marathahalli,12.9542,77.6992,East,Builder Floor,2,920,9500,5997,6551,7415,8393,9500,14.56,No,3.4,9.7,44
Frazer Town,12.9814,77.614,Central,Apartment,2,900,11350,9450,9785,10281,10802,11350,4.66,No,10.9,3.8,38.1
Varthur,12.946,77.7457,East,Apartment,3,1450,7400,4881,5286,5913,6615,7400,12.42,No,3.4,12.4,40.8
Hulimavu,12.8993,77.6158,South,Builder Floor,3,1870,6850,4951,5268,5750,6276,6850,10.51,No,7.3,8.4,41
MG Road,12.9736,77.6041,Central,Apartment,1,690,15000,12227,12712,13433,14195,15000,5.34,Yes,11.8,2.9,38.4
Kanakapura Road,12.8642,77.5903,South,Apartment,3,1760,8450,5830,6259,6918,7646,8450,9.45,Yes,8.4,8.3,42.8
Kengeri,12.916,77.4823,West,Apartment,2,910,5650,4420,4632,4949,5288,5650,6.73,Yes,19.7,8.7,46.6
Anjanapura,12.8529,77.5706,South,Apartment,2,1240,5750,4408,4637,4982,5352,5750,7.14,No,11.3,10.9,47.7
Richmond Town,12.959,77.601,Central,Builder Floor,3,1650,13900,10872,11394,12175,13009,13900,6.73,Yes,12.1,2.8,33.1
Malleshwaram,13.0061,77.5679,North,Apartment,2,850,12550,11412,11620,11922,12232,12550,2.31,Yes,15.3,3.3,30.1
MG Road,12.9782,77.6054,Central,Villa,4,2200,16500,13449,13983,14776,15614,16500,5.67,Yes,12.6,2.9,36.2
Hulimavu,12.8972,77.6101,South,Apartment,3,1900,7550,5459,5808,6339,6918,7550,9.45,No,7.3,8,46.2
Hebbal,13.0302,77.5924,North,Apartment,2,900,17100,11480,12391,13795,15359,17100,10,No,10.2,8.1,18.7
Hebbal,13.0322,77.5953,North,Apartment,3,2180,16450,11044,11920,13271,14775,16450,11.11,No,10.9,7.8,17.9
Devanahalli,13.2422,77.7098,North,Apartment,2,1240,9500,5107,5757,6803,8039,9500,15.62,No,30.6,8.2,8.7
Malleshwaram,13.0036,77.5759,North,Apartment,1,550,14000,12730,12962,13299,13645,14000,2.49,Yes,13.9,3.4,29.1
Rajajinagar,12.988,77.553,West,Apartment,3,2090,12900,10297,10749,11423,12139,12900,5.47,Yes,12.2,4,27.5
Kanakapura Road,12.8613,77.5861,South,Apartment,3,1420,9200,6348,6815,7532,8324,9200,9.39,Yes,7.8,8,46.5
Hebbal,13.0347,77.5957,North,Villa,4,2620,16300,10944,11812,13151,14641,16300,10.32,No,10.5,7.3,18
Whitefield,12.9654,77.7522,East,Apartment,3,1430,13150,5706,6710,8397,10508,13150,28.8,Yes,2,15.6,41.2
ITPL,12.9823,77.7271,East,Apartment,3,1890,11600,7387,8055,9096,10272,11600,14.21,No,1.4,14.1,41.5
Rajarajeshwari Nagar,12.9238,77.5034,West,Apartment,2,1260,7850,5958,6280,6765,7287,7850,7.75,Yes,13.7,8,42.5
ITPL,12.9816,77.7299,East,Apartment,4,2100,10250,6527,7118,8038,9077,10250,12.94,No,1.6,13.7,35.3
Electronic City,12.8467,77.6642,South,Apartment,2,1250,7350,4562,5000,5685,6464,7350,13.26,No,0.7,16.7,59.7
Bannerghatta Road,12.8815,77.5949,South,Builder Floor,4,3400,10300,6448,7055,8003,9079,10300,11.63,No,8.7,6.8,43.5
RT Nagar,13.0157,77.5948,North,Apartment,2,960,7300,6143,6348,6651,6968,7300,4.95,No,14.1,5.5,25.3
Hoodi,12.9828,77.7176,East,Apartment,4,3410,10500,6803,7394,8311,9342,10500,11.5,Yes,3.9,12.5,34.3
Jayanagar,12.9279,77.5926,South,Apartment,4,3390,16200,11385,12180,13395,14731,16200,10.88,Yes,9.5,3.7,35
HSR Layout,12.9091,77.6384,South,Apartment,3,1740,13100,7614,8452,9781,11320,13100,16.07,No,5.9,8.4,44.6
Koramangala,12.9369,77.6248,South,Apartment,4,2320,20750,12990,14212,16123,18291,20750,12.75,No,5.3,4.9,38.6
Yelahanka,13.0992,77.5966,North,Apartment,3,2180,10750,6149,6847,7958,9249,10750,17.91,No,23.7,5.5,12.9
Malleshwaram,13.0001,77.5661,North,Apartment,1,570,12500,11366,11573,11874,12183,12500,2.62,Yes,15,3.8,25.5
Kengeri,12.9129,77.4824,West,Apartment,3,2120,5550,4341,4549,4861,5194,5550,6.2,Yes,19.2,9.5,41.9
Hennur,13.0419,77.638,North,Apartment,3,1580,8850,5942,6413,7140,7949,8850,10.21,No,12.2,8.1,23.1
Banashankari,12.9309,77.5507,South,Apartment,1,570,8900,6961,7295,7795,8329,8900,6.51,Yes,9.8,5.1,36.1
Sarjapur Road,12.9033,77.688,East,Apartment,3,1360,12250,7415,8166,9348,10701,12250,12.64,No,4.5,12.8,40.2
RT Nagar,13.0173,77.5918,North,Apartment,1,540,7500,6311,6522,6833,7159,7500,5.12,No,12.9,5.6,22.9
Koramangala,12.9355,77.6208,South,Apartment,4,2630,21500,13459,14726,16706,18952,21500,15.37,No,4.7,5.2,34.5
Banashankari,12.9313,77.5543,South,Apartment,3,1860,8650,6765,7090,7576,8095,8650,6.58,Yes,10.5,4.7,37.8
Richmond Town,12.9595,77.5985,Central,Apartment,3,1430,13400,10481,10984,11737,12541,13400,6.43,Yes,11.9,2.9,35.7
Koramangala,12.9316,77.6258,South,Villa,2,990,22700,14212,15549,17639,20010,22700,13.04,No,4.8,4.9,34
Sarjapur Road,12.9035,77.6892,East,Villa,3,1530,12400,7507,8267,9463,10832,12400,13.71,No,4.8,12.8,41.3
Rajarajeshwari Nagar,12.9184,77.5044,West,Builder Floor,3,1470,7850,5958,6280,6765,7287,7850,8.15,Yes,14,9.3,44.8
RT Nagar,13.0226,77.5911,North,Apartment,3,1930,7200,6058,6260,6559,6872,7200,4.35,No,13.7,5.2,23.3
Bannerghatta Road,12.8772,77.5974,South,Villa,1,590,10150,6354,6952,7887,8947,10150,14.98,No,8.8,6.2,39.9
Kengeri,12.9199,77.4885,West,Apartment,2,1200,5900,4616,4837,5168,5522,5900,6.64,Yes,21,9.5,43.8
Marathahalli,12.9594,77.6975,East,Apartment,2,1150,8700,5494,6001,6792,7687,8700,11.75,No,3.1,10.4,41.5
Richmond Town,12.9673,77.5975,Central,Apartment,2,980,13400,10481,10984,11737,12541,13400,7.44,Yes,11.1,2.6,37.3
ITPL,12.9809,77.7228,East,Builder Floor,3,1300,11850,7546,8229,9293,10494,11850,14.25,No,1.4,14.8,38.8
Kengeri,12.9117,77.4825,West,Apartment,1,500,6200,4849,5082,5430,5802,6200,6.27,Yes,18.1,9.8,44.6
Indiranagar,12.9793,77.6425,East,Villa,2,1220,20600,13830,14927,16619,18503,20600,12.37,Yes,6.4,4.1,36.8
Indiranagar,12.9807,77.638,East,Apartment,3,1600,20200,13562,14638,16297,18144,20200,10.28,Yes,6.9,4.1,32.7
Bellandur,12.9303,77.6779,East,Apartment,3,1490,12900,7682,8487,9758,11220,12900,13.66,No,4.1,11.9,42.8
Koramangala,12.9365,77.6278,South,Apartment,3,2030,21200,13272,14521,16473,18688,21200,11.63,No,5.2,5.5,37.7
Hulimavu,12.8919,77.612,South,Apartment,1,600,6650,4807,5115,5583,6093,6650,10.49,No,7.7,7.3,44.3
Manyata Tech Park,13.047,77.6243,North,Villa,2,1040,12800,8442,9143,10228,11442,12800,11.09,No,0.5,7.5,18.5
Manyata Tech Park,13.0469,77.6195,North,Apartment,3,1620,11800,7782,8429,9429,10548,11800,11.01,No,0.5,6.8,20.6
Indiranagar,12.9746,77.6431,East,Villa,4,3290,19300,12957,13985,15570,17335,19300,10.11,Yes,7.6,4.3,35.6
Varthur,12.9483,77.7479,East,Apartment,2,900,7500,4946,5357,5993,6704,7500,11.26,No,3.3,14.2,44.2
KR Puram,13.0026,77.6947,East,Builder Floor,2,1180,9950,5232,5923,7041,8370,9950,17.34,Yes,6.5,7.1,33
Richmond Town,12.9617,77.6025,Central,Villa,4,2890,15600,12203,12788,13664,14600,15600,6.6,Yes,10.4,2.6,37.9
Rajajinagar,12.9917,77.556,West,Apartment,3,1310,13500,10777,11250,11955,12704,13500,6.52,Yes,13.6,3.9,32.2
JP Nagar,12.9125,77.5889,South,Apartment,2,1100,9000,6506,6922,7555,8246,9000,9.3,Yes,9.8,6.3,38.9
Hulimavu,12.8902,77.6092,South,Apartment,2,960,7750,5603,5961,6506,7101,7750,8.73,No,8,8.1,43.2
Manyata Tech Park,13.0416,77.6219,North,Apartment,3,1940,11150,7354,7965,8910,9967,11150,10.19,No,0.5,7.6,17.9
Nagarbhavi,12.9664,77.498,West,Apartment,3,2010,5750,4687,4873,5149,5441,5750,6.43,No,18.9,6.8,43.6
Hebbal,13.0315,77.5958,North,Villa,3,1390,16300,10944,11812,13151,14641,16300,9.67,No,9.7,7.9,17.3
Electronic City,12.8437,77.6578,South,Apartment,1,660,6850,4252,4660,5298,6024,6850,14.81,No,0.7,17.9,50
HSR Layout,12.9124,77.6424,South,Apartment,4,3280,14450,8398,9323,10789,12486,14450,16.22,No,5.7,7.9,42.4
Yelahanka,13.1011,77.5913,North,Apartment,3,1760,11100,6349,7070,8217,9550,11100,16.24,No,22.6,5.4,13
Richmond Town,12.9635,77.5978,Central,Builder Floor,3,1760,13800,10794,11312,12087,12915,13800,6.59,Yes,11.2,2.7,37.6
Rajajinagar,12.9925,77.5576,West,Apartment,3,1510,13800,11016,11499,12220,12986,13800,5.97,Yes,11.6,3.6,32.2
Hebbal,13.0397,77.5994,North,Villa,4,2540,16250,10909,11775,13110,14596,16250,11.79,No,10,8.2,17.6
Gottigere,12.8711,77.5941,South,Apartment,2,920,6350,4680,4961,5386,5848,6350,8.6,No,10.5,8.5,44.5
MG Road,12.975,77.5976,Central,Apartment,1,570,15000,12227,12712,13433,14195,15000,4.96,Yes,10.8,3.2,34.8
Frazer Town,12.9767,77.6153,Central,Apartment,2,1130,12150,10116,10475,11006,11564,12150,5.78,No,9.9,3.4,36.1
Manyata Tech Park,13.0497,77.6218,North,Apartment,3,2160,12400,8178,8857,9908,11084,12400,10.6,No,0.5,7.2,20.4
Whitefield,12.9693,77.7491,East,Apartment,2,1310,14400,6247,7347,9195,11507,14400,27.48,Yes,2,13.4,44.3
Anjanapura,12.8608,77.5684,South,Builder Floor,1,630,6100,4676,4919,5285,5678,6100,6.84,No,12.9,10.6,49.3
Yelahanka,13.0973,77.5969,North,Apartment,3,2150,10250,5863,6529,7588,8819,10250,13.92,No,23.5,4.8,13.3
Marathahalli,12.9611,77.6995,East,Apartment,1,620,8950,5650,6172,6986,7907,8950,14.56,No,3.1,11,39.3
Bellandur,12.9242,77.6798,East,Builder Floor,1,490,12250,7294,8059,9266,10654,12250,17.06,No,3.6,10.3,45
Manyata Tech Park,13.0451,77.6229,North,Apartment,1,590,11550,7618,8251,9230,10325,11550,12.13,No,0.5,7.8,17.5
Malleshwaram,13.0073,77.5668,North,Apartment,1,560,13000,11822,12037,12350,12671,13000,2.54,Yes,14.2,3.3,25.5
Hennur,13.0404,77.6428,North,Apartment,1,560,9050,6076,6558,7301,8129,9050,12.97,No,11.5,8,22.1
Jayanagar,12.9232,77.5896,South,Apartment,2,1320,15500,10894,11654,12816,14094,15500,10.43,Yes,10,3.8,38.6
Frazer Town,12.9784,77.6156,Central,Villa,3,1840,12700,10574,10949,11504,12087,12700,5.36,No,10.8,4.2,32
HSR Layout,12.9092,77.6408,South,Builder Floor,3,1960,14500,8427,9355,10826,12529,14500,16.84,No,6.1,8.1,45.3
Hennur,13.0346,77.6352,North,Apartment,2,1130,8650,5807,6268,6978,7769,8650,12.06,No,11.4,7.8,21.3
Jayanagar,12.928,77.5962,South,Apartment,2,1140,14600,10261,10977,12072,13276,14600,9.06,Yes,10.1,4,40.8
Sarjapur Road,12.8987,77.6868,East,Apartment,2,870,12550,7596,8366,9577,10963,12550,12.6,No,4.7,11.3,48.3
KR Puram,13.0053,77.6982,East,Apartment,3,2120,9300,4890,5536,6581,7823,9300,18.08,Yes,6.9,6.9,34.6
Nagarbhavi,12.9587,77.5011,West,Apartment,3,1660,6250,5095,5297,5597,5915,6250,5.2,No,17.1,7.7,40.5
Whitefield,12.9692,77.7476,East,Apartment,3,1960,14350,6226,7322,9163,11467,14350,24.29,Yes,2,15.8,45.4
ITPL,12.9904,77.7232,East,Apartment,3,2050,11850,7546,8229,9293,10494,11850,11.19,No,1.5,14,40.2
Hoodi,12.9807,77.7179,East,Apartment,2,1320,10850,7031,7641,8588,9653,10850,14.15,Yes,4.2,12.1,36.9
Indiranagar,12.9787,77.6358,East,Villa,2,1260,19700,13227,14276,15894,17695,19700,10.38,Yes,7,4,35.9
Marathahalli,12.9574,77.6991,East,Builder Floor,2,900,9350,5904,6449,7299,8261,9350,11.75,No,3.3,10.2,38.7
Devanahalli,13.2501,77.7132,North,Builder Floor,2,1350,8500,4570,5151,6087,7193,8500,16.3,No,28.4,7.6,7.7
Malleshwaram,13.0082,77.5665,North,Builder Floor,2,1140,13900,12641,12871,13205,13548,13900,2.88,Yes,14,3.4,29.5
Bannerghatta Road,12.8769,77.594,South,Builder Floor,2,1080,9600,6009,6575,7459,8462,9600,15.16,No,8.6,7.1,44.3
Kengeri,12.918,77.4894,West,Apartment,2,1320,5900,4616,4837,5168,5522,5900,6.6,Yes,18.4,9.9,39.8
Hoodi,12.988,77.7168,East,Apartment,2,1100,11100,7194,7818,8787,9876,11100,10.59,Yes,4.2,11.5,38.3
Thanisandra,13.0653,77.6274,North,Apartment,3,1500,9700,6125,6690,7572,8570,9700,11.48,No,11.3,7.6,18.3
Richmond Town,12.9591,77.5967,Central,Apartment,3,1930,14050,10990,11517,12306,13149,14050,5.85,Yes,11.8,2.9,34.2
Electronic City,12.8478,77.6558,South,Apartment,2,1190,6700,4159,4558,5183,5893,6700,12.57,No,0.8,17,56.8
KR Puram,13.0079,77.6995,East,Builder Floor,2,1000,9550,5021,5684,6757,8033,9550,17.01,Yes,6.4,6.8,34
Varthur,12.9508,77.7448,East,Apartment,2,1140,7600,5013,5429,6073,6794,7600,10.44,No,3.5,13.5,40.2
Yelahanka,13.0958,77.5956,North,Apartment,3,1780,9900,5663,6306,7329,8518,9900,16.65,No,21.8,5,13.3
Gottigere,12.8707,77.5982,South,Apartment,2,940,7150,5270,5586,6065,6585,7150,8.96,No,9.5,9.2,46.3
Sarjapur Road,12.8999,77.6852,East,Apartment,3,2010,11850,7173,7900,9043,10352,11850,15.46,No,4.9,12,46.6
Devanahalli,13.244,77.7096,North,Apartment,2,1240,9300,5000,5636,6660,7870,9300,17.47,No,27.7,8.6,7.4
Bellandur,12.9251,77.681,East,Villa,3,1780,12750,7592,8388,9644,11089,12750,16.5,No,3.8,10.1,42
KR Puram,13.0074,77.695,East,Apartment,1,630,9650,5074,5745,6829,8118,9650,16.49,Yes,7,6.5,33
RT Nagar,13.0178,77.5918,North,Builder Floor,1,680,7100,5976,6175,6469,6777,7100,4.85,No,11.8,6,24.2
Electronic City,12.8479,77.6595,South,Apartment,2,1250,6900,4283,4694,5337,6068,6900,15.38,No,0.8,19.5,60.6
Kanakapura Road,12.8651,77.5827,South,Builder Floor,2,1080,8100,5588,6000,6631,7329,8100,11.69,Yes,8.4,7.9,46.1
Anjanapura,12.8568,77.5653,South,Builder Floor,1,640,5950,4561,4798,5155,5538,5950,8.13,No,11.5,9.5,49.5
Marathahalli,12.9575,77.6957,East,Builder Floor,3,1420,9550,6030,6587,7455,8438,9550,14.95,No,3.1,10.3,44.1
Richmond Town,12.9628,77.6055,Central,Apartment,3,1630,13950,10911,11434,12218,13055,13950,5.83,Yes,11.3,2.9,31.5
HSR Layout,12.9123,77.6372,South,Apartment,3,2120,13050,7584,8419,9743,11276,13050,17.65,No,5.8,8.4,43.1
Richmond Town,12.9651,77.6021,Central,Builder Floor,1,620,14150,11067,11598,12393,13242,14150,7.46,Yes,11.9,2.9,37.5
JP Nagar,12.9073,77.5854,South,Apartment,2,990,10050,7265,7730,8437,9208,10050,8.6,Yes,9.2,7.1,38.1
Hennur,13.0349,77.6385,North,Apartment,2,1210,8550,5741,6196,6898,7680,8550,10.29,No,11,7.8,24.1
Electronic City,12.8502,77.6571,South,Apartment,1,570,6650,4128,4524,5144,5849,6650,14.31,No,0.7,17.8,55.1
MG Road,12.9741,77.6009,Central,Apartment,2,860,15200,12389,12881,13612,14384,15200,5.22,Yes,10.9,2.8,34.4
Frazer Town,12.9746,77.6139,Central,Apartment,3,1930,11650,9700,10044,10553,11088,11650,5.35,No,10.4,3.6,33
Sarjapur Road,12.9045,77.684,East,Villa,3,1460,11950,7233,7966,9119,10439,11950,14.62,No,4.5,12.7,40.4
Hebbal,13.0304,77.5956,North,Apartment,4,2180,15700,10541,11377,12666,14102,15700,12.1,No,10.2,8.4,16.6
Bannerghatta Road,12.8815,77.6009,South,Apartment,4,3060,10350,6479,7089,8042,9123,10350,13.03,No,7.6,6.9,45.2
RT Nagar,13.0233,77.5864,North,Builder Floor,2,1030,7800,6564,6783,7106,7445,7800,4.82,No,14.2,5.7,24.4
Hoodi,12.9829,77.7138,East,Builder Floor,2,1140,10500,6803,7394,8311,9342,10500,13.58,Yes,4.2,12.7,41.1
Yelahanka,13.1006,77.5923,North,Apartment,3,1560,11100,6349,7070,8217,9550,11100,18.47,No,23.3,4.7,11.6
Manyata Tech Park,13.0457,77.623,North,Builder Floor,3,2200,12100,7979,8642,9668,10816,12100,12.53,No,0.5,7.1,17.8
Electronic City,12.8426,77.6643,South,Villa,3,1560,6950,4313,4727,5375,6112,6950,15.59,No,0.8,16.3,50.2
Banashankari,12.9288,77.551,South,Apartment,2,930,8600,6726,7049,7532,8048,8600,7.41,Yes,10.1,5.1,35.1
Banashankari,12.9259,77.5566,South,Builder Floor,2,1320,8350,6531,6844,7313,7814,8350,7.81,Yes,10.4,5.2,41.3
Whitefield,12.9705,77.753,East,Apartment,4,2060,13550,5878,6913,8651,10827,13550,22.6,Yes,2.1,15.2,44.7
Electronic City,12.8485,77.6621,South,Apartment,2,1140,6700,4159,4558,5183,5893,6700,14.37,No,0.7,19,59.6
Hennur,13.042,77.6435,North,Apartment,2,1100,8550,5741,6196,6898,7680,8550,9.77,No,11.9,8,20.8
Richmond Town,12.9591,77.6026,Central,Villa,3,1920,15300,11968,12542,13401,14319,15300,6.05,Yes,11.9,3,34.5
Manyata Tech Park,13.0439,77.6235,North,Builder Floor,3,2120,11250,7419,8035,8989,10056,11250,11.23,No,0.5,7.3,20.1
Hebbal,13.035,77.6013,North,Apartment,2,1240,15000,10070,10869,12101,13473,15000,11.02,No,10.1,8.3,18.7
Marathahalli,12.9576,77.7045,East,Apartment,2,1110,9800,6187,6758,7649,8658,9800,11.34,No,3.4,9.7,36.2
Electronic City,12.8482,77.6618,South,Apartment,1,650,7400,4593,5034,5724,6508,7400,14.14,No,0.7,17.6,54.7
Malleshwaram,12.9991,77.5671,North,Villa,4,3240,12650,11505,11714,12018,12330,12650,2.55,Yes,15,3.3,30
Bellandur,12.9287,77.6802,East,Apartment,4,3430,13050,7770,8585,9871,11350,13050,14.3,No,4,11.3,39.3
Sarjapur Road,12.8988,77.6864,East,Apartment,3,1420,11400,6901,7600,8700,9959,11400,14.71,No,4.8,11.2,41.6
Marathahalli,12.9582,77.7054,East,Apartment,2,1020,9500,5997,6551,7415,8393,9500,12.44,No,3.2,9.7,41.7
Kanakapura Road,12.8645,77.5809,South,Apartment,3,1770,8950,6175,6630,7327,8098,8950,11.82,Yes,8,7.5,45.1
Whitefield,12.9707,77.7536,East,Builder Floor,3,1610,14800,6421,7551,9450,11826,14800,24.94,Yes,2,13.6,43.1
Nagarbhavi,12.9627,77.5035,West,Builder Floor,1,640,5850,4769,4958,5239,5536,5850,6.29,No,18.8,6.8,38.3
Manyata Tech Park,13.0417,77.6194,North,Apartment,3,2110,12350,8145,8822,9869,11040,12350,11.23,No,0.5,7.3,17.5
Jayanagar,12.9236,77.5889,South,Apartment,3,1670,15350,10788,11541,12692,13958,15350,8.75,Yes,10.2,3.9,41.3
MG Road,12.9802,77.5998,Central,Villa,3,1670,17200,14019,14576,15403,16277,17200,6.26,Yes,11.7,3.3,38
Thanisandra,13.0592,77.6318,North,Apartment,2,1060,9250,5840,6379,7220,8172,9250,13.18,No,11.1,6.9,22
Nagarbhavi,12.9665,77.5045,West,Builder Floor,1,500,6150,5013,5212,5508,5820,6150,5.71,No,16.4,7.6,41.9
Manyata Tech Park,13.0497,77.6257,North,Apartment,2,940,11500,7584,8214,9189,10280,11500,10.14,No,0.5,6.9,18.8
HSR Layout,12.9081,77.6401,South,Apartment,4,2060,13400,7788,8645,10005,11579,13400,16.58,No,5.2,7.1,44.3
Kengeri,12.9124,77.4859,West,Apartment,2,950,5450,4263,4467,4773,5100,5450,6.43,Yes,20.4,8.8,46.5
Nagarbhavi,12.9586,77.5026,West,Apartment,3,1610,5900,4808,4999,5283,5583,5900,5.69,No,19,7,42.5
Varthur,12.9453,77.7458,East,Apartment,2,960,7900,5210,5643,6313,7062,7900,10.46,No,3.3,13.8,43.2
Hennur,13.0399,77.6415,North,Builder Floor,2,980,8400,5640,6087,6777,7545,8400,12.52,No,12,7.1,21.3
Hoodi,12.9831,77.7165,East,Apartment,2,1030,11050,7161,7782,8747,9831,11050,11.16,Yes,4.1,12.5,40.1
RT Nagar,13.0165,77.5864,North,Apartment,3,1510,7600,6396,6609,6924,7254,7600,4.8,No,12.4,5,27.3
Varthur,12.949,77.7462,East,Apartment,3,2160,7350,4847,5250,5873,6570,7350,13,No,3.5,12.9,45.4
Bellandur,12.9297,77.6817,East,Apartment,3,1420,13650,8128,8980,10325,11872,13650,13.78,No,3.9,11.5,46.8
Koramangala,12.94,77.6219,South,Apartment,2,1330,23200,14523,15890,18026,20450,23200,14.79,No,5.3,5.1,39.3
Kengeri,12.9173,77.4873,West,Builder Floor,1,560,5550,4341,4549,4861,5194,5550,5.89,Yes,21.2,9.5,44.3
Rajarajeshwari Nagar,12.9253,77.5044,West,Builder Floor,2,1060,7950,6034,6360,6851,7380,7950,8.18,Yes,14.8,8.5,44.3
Indiranagar,12.9738,77.6402,East,Apartment,4,2030,19250,12924,13949,15530,17290,19250,10.47,Yes,6.4,4.3,35.6
Bellandur,12.9269,77.6733,East,Apartment,3,1970,12650,7532,8322,9569,11002,12650,13.62,No,3.8,10.4,41.8
Hebbal,13.0351,77.5969,North,Apartment,4,2270,15750,10574,11413,12707,14147,15750,12.76,No,10.1,7.4,18.4
Marathahalli,12.9597,77.7045,East,Apartment,1,550,9350,5904,6449,7299,8261,9350,11.91,No,3.1,10.8,42.3
Varthur,12.9486,77.7494,East,Builder Floor,2,880,7650,5045,5464,6113,6838,7650,13.61,No,3.5,12.5,45.8
Bellandur,12.9258,77.6796,East,Apartment,2,1310,12200,7265,8027,9229,10611,12200,15.09,No,3.9,11.5,39.7
MG Road,12.98,77.6003,Central,Apartment,2,1030,17100,13938,14491,15313,16182,17100,5.76,Yes,12.7,3.3,32.6
Nagarbhavi,12.9618,77.4996,West,Builder Floor,1,470,6300,5135,5339,5642,5962,6300,5.14,No,17.5,6.6,41.3
Hennur,13.0367,77.6404,North,Apartment,3,1980,8850,5942,6413,7140,7949,8850,11,No,11,7.7,23.2
Marathahalli,12.963,77.6972,East,Builder Floor,3,1930,9250,5840,6379,7220,8172,9250,13.55,No,3.1,9.3,38.8
ITPL,12.9856,77.7232,East,Apartment,3,1720,10900,6941,7569,8547,9652,10900,12.51,No,1.6,13.5,40.9
Yelahanka,13.1039,77.6001,North,Builder Floor,3,1340,9750,5577,6210,7218,8389,9750,15.8,No,21,5.1,11.2
Indiranagar,12.9771,77.6417,East,Villa,4,3390,19700,13227,14276,15894,17695,19700,12.65,Yes,7.2,4,34
Hulimavu,12.8962,77.6148,South,Builder Floor,1,490,6750,4880,5192,5667,6185,6750,7.93,No,6.8,7.9,43.7
Marathahalli,12.9552,77.7023,East,Apartment,3,1440,8500,5367,5862,6635,7510,8500,11.73,No,3,10.5,40.9
Kengeri,12.917,77.4853,West,Builder Floor,3,1660,5600,4380,4590,4905,5241,5600,7.3,Yes,18.3,8.2,45.6
Bannerghatta Road,12.882,77.593,South,Apartment,2,1040,9100,5697,6233,7071,8022,9100,14.34,No,8.8,6.6,44.7
Bellandur,12.9225,77.6744,East,Villa,1,520,12900,7682,8487,9758,11220,12900,16.9,No,3.9,11.7,39.4
Koramangala,12.9308,77.6268,South,Villa,2,900,23100,14461,15822,17949,20362,23100,14.03,No,4.9,5,40.4
Thanisandra,13.0563,77.6255,North,Builder Floor,2,1070,9550,6030,6587,7455,8438,9550,11.76,No,12.4,7.3,19.3
Richmond Town,12.9609,77.5983,Central,Apartment,1,560,15350,12007,12583,13445,14366,15350,6.94,Yes,10.3,2.8,34.1
Varthur,12.9473,77.7441,East,Apartment,3,2100,7300,4814,5214,5833,6525,7300,13.2,No,3.6,13.1,46.1
Koramangala,12.9369,77.6281,South,Apartment,3,1580,21900,13710,15000,17017,19305,21900,12.77,No,5.1,5.2,37.6
Indiranagar,12.9778,77.6384,East,Villa,3,1700,19750,13259,14311,15933,17739,19750,10.81,Yes,7.6,4.5,34.5
Gottigere,12.8727,77.6037,South,Builder Floor,1,650,6550,4827,5117,5556,6033,6550,8.88,No,9.9,9.3,45.5
Varthur,12.9478,77.7524,East,Apartment,2,1340,6900,4551,4929,5514,6168,6900,12.19,No,3.5,12.6,42.3
Manyata Tech Park,13.0487,77.6222,North,Apartment,3,2170,11300,7452,8071,9029,10101,11300,11.99,No,0.5,7.4,18.2
Bannerghatta Road,12.8824,77.6001,South,Villa,4,3120,10200,6385,6986,7925,8991,10200,13.83,No,8.7,6.2,44.6
Bannerghatta Road,12.8833,77.594,South,Builder Floor,1,470,8900,5571,6095,6915,7845,8900,13.52,No,8.8,6.6,45.8
Varthur,12.9513,77.7442,East,Apartment,2,1310,7900,5210,5643,6313,7062,7900,12.64,No,3.2,13.7,45.6
Sarjapur Road,12.9004,77.683,East,Builder Floor,3,1880,12350,7476,8233,9425,10789,12350,16.03,No,4.4,12.9,44.4
Hebbal,13.0347,77.5973,North,Apartment,3,1940,16650,11179,12066,13433,14955,16650,9.86,No,9.6,8.4,16.7
RT Nagar,13.0226,77.5935,North,Builder Floor,3,1520,7800,6564,6783,7106,7445,7800,5.38,No,13.7,5.9,26.9
Gottigere,12.8738,77.6026,South,Apartment,1,450,6500,4790,5078,5514,5987,6500,7.36,No,9.2,8.8,47.5
Nagarbhavi,12.9643,77.5008,West,Villa,2,1120,6400,5216,5423,5731,6056,6400,5.96,No,19.4,7.5,39.1
Gottigere,12.8733,77.6016,South,Apartment,2,950,6300,4643,4922,5344,5802,6300,9.44,No,10.4,9.5,44
Whitefield,12.9684,77.7474,East,Builder Floor,2,1210,14850,6443,7577,9482,11866,14850,28.52,Yes,2.1,13.8,44.3
Malleshwaram,13.0077,77.5671,North,Apartment,3,1560,14500,13186,13426,13775,14133,14500,2.5,Yes,14.3,3.4,25.8
Richmond Town,12.9605,77.602,Central,Apartment,3,1370,14100,11029,11558,12350,13196,14100,7.21,Yes,11.2,2.7,37.6
Hennur,13.0349,77.6411,North,Apartment,2,1180,8050,5405,5834,6495,7231,8050,12.92,No,12.2,8,21
RT Nagar,13.0157,77.5923,North,Builder Floor,1,530,7300,6143,6348,6651,6968,7300,4.57,No,13.2,5.4,23.1
Nagarbhavi,12.9646,77.5059,West,Builder Floor,1,610,5950,4850,5043,5329,5631,5950,5.09,No,19.2,7.7,39
Rajajinagar,12.9899,77.5537,West,Apartment,3,1720,12950,10338,10791,11467,12186,12950,6.17,Yes,12.1,4,33
Varthur,12.9457,77.7489,East,Apartment,3,1810,7400,4881,5286,5913,6615,7400,10.46,No,3.3,13.1,43.1
Marathahalli,12.9582,77.7011,East,Builder Floor,2,1050,9000,5683,6208,7026,7952,9000,14.7,No,3.3,9.6,36.8
Nagarbhavi,12.9638,77.5026,West,Apartment,1,510,6150,5013,5212,5508,5820,6150,5.85,No,16.1,7,43.5
Hennur,13.0387,77.6373,North,Builder Floor,3,1800,7950,5338,5761,6414,7141,7950,10.82,No,10.9,7.4,20.7
Electronic City,12.8447,77.6559,South,Villa,3,1740,7650,4749,5204,5917,6728,7650,15.05,No,0.9,16.7,53.4
Rajarajeshwari Nagar,12.9256,77.5075,West,Builder Floor,2,870,7350,5578,5880,6334,6823,7350,7.38,Yes,16.3,8.5,43.9
ITPL,12.9822,77.7321,East,Builder Floor,3,2070,10400,6624,7223,8156,9210,10400,11.64,No,1.6,13,38.5
ITPL,12.9836,77.7255,East,Apartment,1,670,11700,7451,8125,9175,10361,11700,13.94,No,1.6,14.6,35.8
Sarjapur Road,12.9024,77.6862,East,Villa,2,1330,12350,7476,8233,9425,10789,12350,12.65,No,4.5,10.9,46
Malleshwaram,13.0025,77.5689,North,Apartment,3,1370,14000,12730,12962,13299,13645,14000,2.9,Yes,14.2,3.5,29.6
Yelahanka,13.1044,77.6008,North,Apartment,1,550,9800,5605,6242,7255,8432,9800,14.25,No,21.7,5.4,12.4
Thanisandra,13.0651,77.6297,North,Builder Floor,3,1720,9100,5746,6276,7103,8040,9100,11.74,No,11.9,7.5,18.6
Hebbal,13.0347,77.5921,North,Apartment,2,860,16150,10843,11703,13029,14506,16150,11.37,No,11,7.6,17.5
Malleshwaram,13.0013,77.5679,North,Apartment,1,550,12800,11640,11852,12160,12476,12800,2.87,Yes,13.4,3.3,28
Whitefield,12.9666,77.7466,East,Apartment,4,2700,13950,6052,7117,8907,11147,13950,24.92,Yes,2.2,14.4,39.6
Varthur,12.9433,77.7486,East,Apartment,2,1200,7350,4847,5250,5873,6570,7350,12.81,No,3.2,14,45
HSR Layout,12.9097,77.6397,South,Apartment,2,870,13150,7643,8484,9819,11363,13150,16.48,No,5.8,7.2,42.5
Banashankari,12.9266,77.5527,South,Apartment,1,600,8700,6805,7131,7620,8142,8700,7.2,Yes,10.8,5.1,34.6
Varthur,12.948,77.7459,East,Apartment,2,1330,7350,4847,5250,5873,6570,7350,11.88,No,3.8,13.5,44.8
Electronic City,12.842,77.6639,South,Apartment,2,1080,7050,4376,4796,5453,6200,7050,13.05,No,0.7,19.4,60.1
KR Puram,13.0058,77.6951,East,Apartment,3,2010,9050,4758,5387,6404,7613,9050,17.08,Yes,7,6.6,38.3
Gottigere,12.868,77.5985,South,Apartment,1,610,6850,5049,5352,5811,6309,6850,8.34,No,9.6,9.7,47.5
Gottigere,12.8722,77.5965,South,Villa,3,2020,6450,4755,5040,5472,5941,6450,9.84,No,10.1,9.6,43.6
Banashankari,12.933,77.5525,South,Apartment,2,1050,8200,6413,6721,7182,7674,8200,6.04,Yes,10.3,4.8,35
HSR Layout,12.9133,77.6342,South,Apartment,2,880,13150,7643,8484,9819,11363,13150,14.31,No,5.1,7.2,39.6
Hulimavu,12.8909,77.6146,South,Apartment,1,640,7250,5242,5577,6087,6643,7250,8.54,No,7.5,8.5,41.6
JP Nagar,12.9103,77.5876,South,Apartment,2,1300,8750,6326,6731,7346,8017,8750,8.55,Yes,8.9,6.9,40
Koramangala,12.939,77.6259,South,Apartment,4,3340,22350,13991,15308,17366,19701,22350,14.18,No,5.5,5.2,37.4
ITPL,12.988,77.73,East,Apartment,2,1240,11650,7419,8090,9136,10317,11650,11.81,No,1.5,13,40.8
Manyata Tech Park,13.0416,77.6186,North,Apartment,1,670,12500,8243,8928,9988,11174,12500,12.69,No,0.5,6.9,19.1
Sarjapur Road,12.8996,77.6895,East,Apartment,1,690,12150,7355,8100,9272,10614,12150,15.18,No,4.2,12.8,41.8
Gottigere,12.8733,77.6007,South,Apartment,3,2000,7250,5343,5664,6150,6677,7250,8.68,No,9.2,9.6,47.9
Nagarbhavi,12.9606,77.5036,West,Villa,3,1460,6150,5013,5212,5508,5820,6150,5.46,No,16.2,7.2,44.7
MG Road,12.9721,77.6024,Central,Apartment,1,550,14750,12023,12500,13209,13958,14750,4.96,Yes,12.7,3.3,36.1
JP Nagar,12.9098,77.5863,South,Apartment,3,2180,10100,7302,7769,8479,9254,10100,8.51,Yes,9.2,6.9,43.8
Frazer Town,12.9802,77.6136,Central,Apartment,2,1260,11950,9949,10302,10824,11373,11950,5.49,No,10.1,3.9,37.7
Electronic City,12.8415,77.6553,South,Apartment,1,630,7500,4655,5102,5801,6596,7500,13.51,No,0.8,17.1,51.1
Sarjapur Road,12.9034,77.6909,East,Apartment,3,1840,12300,7446,8200,9387,10745,12300,16.21,No,4.4,11.7,47.9
Bannerghatta Road,12.8776,77.5936,South,Apartment,4,2840,10300,6448,7055,8003,9079,10300,11.88,No,8.5,5.9,43.9
Frazer Town,12.9752,77.6161,Central,Builder Floor,2,870,12450,10365,10733,11277,11849,12450,4.96,No,10.6,3.4,34.3
Sarjapur Road,12.8983,77.6828,East,Apartment,3,1440,12450,7537,8300,9501,10876,12450,16.62,No,4.1,12.1,47.7
Rajajinagar,12.9877,77.5577,West,Apartment,3,1890,13350,10658,11125,11822,12563,13350,7.1,Yes,11.3,4,33.1
Sarjapur Road,12.8965,77.6848,East,Apartment,2,1290,12050,7294,8033,9196,10527,12050,15.19,No,4.1,13.2,41.6
Frazer Town,12.977,77.61,Central,Apartment,2,1020,11200,9323,9654,10144,10659,11200,4.64,No,11.5,3.4,34.1
Bannerghatta Road,12.8799,77.6015,South,Apartment,2,1030,9100,5697,6233,7071,8022,9100,12.82,No,7.6,6.7,39.5
Kanakapura Road,12.8674,77.5904,South,Villa,1,600,8750,6036,6481,7163,7917,8750,9.93,Yes,7.6,8.4,45.5
Thanisandra,13.0653,77.6246,North,Apartment,2,990,10000,6314,6897,7806,8835,10000,14.93,No,13.1,7,21.3
Varthur,12.9504,77.7436,East,Apartment,3,2180,8050,5309,5750,6433,7196,8050,12.8,No,3.8,12.8,39
Banashankari,12.9321,77.5524,South,Apartment,2,1040,8750,6844,7172,7664,8189,8750,6.79,Yes,11.1,5.4,35.4
HSR Layout,12.9165,77.6355,South,Apartment,3,1340,13200,7671,8516,9856,11406,13200,13.88,No,5.2,7.9,43.7
KR Puram,13.0068,77.6982,East,Builder Floor,2,1040,9900,5205,5893,7005,8328,9900,16.17,Yes,6.6,6.7,38.1
Whitefield,12.9745,77.7485,East,Apartment,4,2050,13950,6052,7117,8907,11147,13950,26.8,Yes,1.9,15.2,45
Electronic City,12.844,77.659,South,Apartment,2,900,7600,4717,5170,5878,6684,7600,14.97,No,0.9,19.6,50.3
Kengeri,12.9193,77.488,West,Apartment,3,1570,6200,4849,5082,5430,5802,6200,7.59,Yes,22,8.4,40.4
Malleshwaram,13.0067,77.5708,North,Apartment,3,2130,13250,12049,12268,12587,12914,13250,2.22,Yes,14.2,3.7,29.5
Rajajinagar,12.9864,77.5523,West,Builder Floor,3,1490,14000,11177,11667,12398,13175,14000,5.59,Yes,12.7,4,29.6
Malleshwaram,13.0002,77.5719,North,Apartment,3,2110,14450,13140,13379,13727,14084,14450,2.72,Yes,15.4,3.6,27.4
ITPL,12.9816,77.732,East,Builder Floor,3,2070,10500,6687,7292,8234,9298,10500,13.81,No,1.4,12.2,36.6
Hennur,13.0389,77.6393,North,Builder Floor,2,940,7850,5270,5688,6333,7051,7850,9.78,No,11.2,7.4,21.8
Sarjapur Road,12.9055,77.6901,East,Apartment,3,2050,11200,6779,7466,8547,9784,11200,13.99,No,4.5,12.3,41.8
Yelahanka,13.0992,77.5973,North,Villa,2,1290,10350,5920,6592,7662,8905,10350,16.41,No,23.8,5.4,13.4
Rajarajeshwari Nagar,12.9246,77.5093,West,Apartment,3,1300,7650,5806,6120,6593,7102,7650,7.53,Yes,14.6,8.8,40.9
Varthur,12.9493,77.7518,East,Builder Floor,3,1830,7350,4847,5250,5873,6570,7350,10.96,No,3.2,12.8,45.2
Malleshwaram,13.0033,77.5689,North,Villa,3,1740,13750,12505,12732,13063,13402,13750,2.46,Yes,13,3.8,25.5
HSR Layout,12.9156,77.6403,South,Builder Floor,3,1910,14200,8252,9161,10602,12270,14200,17.56,No,5.6,7.8,44.2
Anjanapura,12.851,77.5676,South,Apartment,3,2110,5750,4408,4637,4982,5352,5750,7.16,No,13,9.6,46.5
Nagarbhavi,12.9621,77.4999,West,Apartment,2,860,6050,4931,5127,5418,5725,6050,5.62,No,16,7.2,42.1
Kengeri,12.9162,77.4856,West,Builder Floor,2,850,5700,4458,4672,4992,5334,5700,6.28,Yes,21.3,9.7,40.3
Hebbal,13.036,77.5979,North,Villa,4,2340,15300,10271,11086,12343,13742,15300,9.73,No,9.7,8.7,17.5
Devanahalli,13.2507,77.7144,North,Apartment,3,1390,9500,5107,5757,6803,8039,9500,19.01,No,30,7.4,7.5
Hebbal,13.0377,77.5978,North,Apartment,4,3390,16550,11111,11993,13352,14865,16550,12.17,No,10.2,7.6,16.4
Bellandur,12.9301,77.6744,East,Villa,3,1490,12600,7502,8289,9531,10959,12600,15.92,No,3.7,11.5,39.4
Manyata Tech Park,13.0444,77.6219,North,Apartment,2,880,11100,7320,7928,8869,9922,11100,11.67,No,0.5,7.2,18.2
HSR Layout,12.9127,77.6373,South,Apartment,2,1130,14150,8224,9129,10565,12227,14150,13.71,No,5.5,7.2,44.5
Anjanapura,12.8604,77.5673,South,Villa,3,1860,6100,4676,4919,5285,5678,6100,8.42,No,13.2,10.1,46.1
Kanakapura Road,12.8635,77.5846,South,Builder Floor,3,1890,8400,5795,6222,6877,7600,8400,9.09,Yes,7.8,8,43.7
KR Puram,13.0029,77.6931,East,Apartment,3,2090,8800,4627,5238,6227,7403,8800,18.57,Yes,6.5,7.4,38.3
Frazer Town,12.9751,77.619,Central,Apartment,2,1300,11150,9282,9612,10100,10612,11150,5.58,No,10.3,3.6,37.1
Rajarajeshwari Nagar,12.9179,77.5063,West,Apartment,2,980,7000,5313,5600,6032,6498,7000,8.78,Yes,15.7,8.1,45
Hoodi,12.9871,77.7202,East,Villa,3,1700,11300,7322,7957,8944,10053,11300,12.32,Yes,4.2,12.6,39.8
Hebbal,13.0349,77.5961,North,Apartment,3,2120,17200,11547,12463,13876,15449,17200,11.94,No,9.9,8,16.7
Kengeri,12.9108,77.4898,West,Builder Floor,2,1250,5950,4654,4877,5211,5568,5950,6.58,Yes,21,8.5,44.5
Frazer Town,12.9798,77.6126,Central,Apartment,3,1690,12550,10447,10818,11367,11944,12550,5.11,No,11.4,3.8,38.6
Rajajinagar,12.9894,77.5573,West,Builder Floor,2,1090,12450,9939,10375,11025,11716,12450,5.68,Yes,12.1,3.9,31.2
JP Nagar,12.9074,77.5841,South,Builder Floor,2,1050,9000,6506,6922,7555,8246,9000,9.84,Yes,9.3,6.3,42.3
Richmond Town,12.965,77.5966,Central,Apartment,3,1790,14100,11029,11558,12350,13196,14100,6.86,Yes,10.3,3,34.5
Gottigere,12.8752,77.5961,South,Builder Floor,2,930,6450,4755,5040,5472,5941,6450,7.75,No,10.8,8.4,42.9
Richmond Town,12.9665,77.6036,Central,Apartment,2,1320,15050,11772,12337,13182,14085,15050,7.48,Yes,12.2,2.7,32.3
Hennur,13.0346,77.6415,North,Apartment,3,2000,9100,6110,6595,7342,8174,9100,10.09,No,10.5,7.5,22.6
Nagarbhavi,12.9616,77.5021,West,Apartment,2,920,6150,5013,5212,5508,5820,6150,6.44,No,17.6,6.4,40.1
Banashankari,12.9314,77.554,South,Apartment,3,2080,8650,6765,7090,7576,8095,8650,7.87,Yes,10.9,5.3,35.2
Bellandur,12.9229,77.6795,East,Apartment,3,1540,13850,8247,9112,10477,12046,13850,17.22,No,4.1,11.1,46.4
Jayanagar,12.9278,77.5982,South,Apartment,2,930,16250,11421,12218,13436,14776,16250,11.13,Yes,9.1,3.9,40.1
Jayanagar,12.9292,77.5956,South,Villa,2,970,16000,11245,12030,13230,14549,16000,8.8,Yes,8.9,3.6,36.6
Koramangala,12.9366,77.6241,South,Apartment,4,2350,22250,13929,15240,17289,19613,22250,12.36,No,5.1,5,39.1
Thanisandra,13.0631,77.6271,North,Apartment,1,540,9250,5840,6379,7220,8172,9250,14.21,No,11.2,7,21.7
RT Nagar,13.0226,77.5869,North,Builder Floor,2,860,7400,6227,6435,6742,7063,7400,5.3,No,13.8,5.1,23.7
Electronic City,12.8434,77.6635,South,Builder Floor,1,700,7250,4500,4932,5608,6376,7250,12.68,No,0.8,18.5,55.4
JP Nagar,12.9099,77.5894,South,Apartment,1,640,9300,6723,7153,7807,8521,9300,10.25,Yes,9.6,6.6,38.6
Kanakapura Road,12.8679,77.5844,South,Builder Floor,3,1460,7950,5484,5888,6508,7193,7950,9.98,Yes,8.5,8.3,41.1
JP Nagar,12.9089,77.5875,South,Builder Floor,2,960,9150,6616,7039,7682,8384,9150,8.23,Yes,9.5,6.3,39.4
Frazer Town,12.9736,77.6108,Central,Builder Floor,1,580,12400,10323,10689,11231,11801,12400,5.38,No,10.2,3.8,34.9
ITPL,12.9847,77.7225,East,Villa,2,1240,10350,6591,7187,8116,9165,10350,11.31,No,1.4,14,37
Sarjapur Road,12.9058,77.685,East,Apartment,3,1480,12100,7325,8067,9234,10570,12100,16.63,No,4.8,11.7,46.9
Devanahalli,13.2437,77.7091,North,Apartment,2,1020,8400,4517,5091,6016,7109,8400,16.27,No,32.4,8.6,7.9
Bannerghatta Road,12.8789,77.5976,South,Apartment,4,3010,10400,6510,7123,8081,9167,10400,12.16,No,8.7,6.1,44.8
Varthur,12.9431,77.7449,East,Apartment,2,1090,8000,5276,5714,6392,7151,8000,10.73,No,3.2,13.4,44.8
Hoodi,12.9841,77.7193,East,Apartment,3,2090,10600,6869,7465,8391,9431,10600,12.36,Yes,4,13,38.5
Hulimavu,12.8967,77.6146,South,Apartment,2,880,7050,5097,5423,5919,6460,7050,8.71,No,7.2,8.7,45.9
Hulimavu,12.8981,77.6174,South,Builder Floor,3,2070,7550,5459,5808,6339,6918,7550,8.04,No,7,8.6,42.7
Rajajinagar,12.9885,77.5556,West,Apartment,3,1820,14350,11457,11959,12708,13504,14350,6.8,Yes,12.9,3.9,31.8
Richmond Town,12.9647,77.6003,Central,Apartment,3,2080,13950,10911,11434,12218,13055,13950,7.76,Yes,11.2,2.7,37.6
MG Road,12.9772,77.605,Central,Apartment,3,1780,15700,12797,13305,14060,14857,15700,5.34,Yes,11.7,2.8,34.8
Whitefield,12.9726,77.7511,East,Apartment,1,630,14150,6139,7220,9035,11307,14150,24.59,Yes,2.2,15.3,40.9
Richmond Town,12.9669,77.6047,Central,Apartment,2,1310,14900,11654,12213,13050,13944,14900,6.93,Yes,11.4,2.7,32
Bannerghatta Road,12.8766,77.5949,South,Apartment,2,1090,10400,6510,7123,8081,9167,10400,14.12,No,8.3,6.3,39.7
Nagarbhavi,12.9631,77.5059,West,Apartment,1,660,6100,4973,5170,5463,5773,6100,6.2,No,17.8,7.2,38.1
Bannerghatta Road,12.882,77.5998,South,Builder Floor,2,1220,9950,6230,6816,7732,8771,9950,11.67,No,8,6.5,40.3
HSR Layout,12.9086,77.6434,South,Apartment,1,680,13900,8079,8968,10379,12011,13900,14.08,No,6.2,7.1,39.9
Indiranagar,12.98,77.6394,East,Villa,3,1340,20650,13864,14964,16660,18548,20650,12.25,Yes,6.8,4.5,36.3
JP Nagar,12.9039,77.5868,South,Apartment,2,990,9700,7013,7462,8144,8888,9700,8.18,Yes,9.1,7.1,41.3
Marathahalli,12.9602,77.7006,East,Apartment,2,980,8900,5619,6138,6947,7863,8900,11.97,No,3.2,10.8,38.5
Richmond Town,12.9603,77.6045,Central,Apartment,2,990,14000,10951,11476,12262,13102,14000,6.69,Yes,12,2.7,36.1
Koramangala,12.9396,77.6206,South,Apartment,2,1050,22200,13898,15206,17250,19569,22200,14.75,No,5,5.1,39
Malleshwaram,13.0023,77.5707,North,Builder Floor,3,1810,12800,11640,11852,12160,12476,12800,2.84,Yes,13.5,3.2,27.5
Anjanapura,12.8519,77.5688,South,Builder Floor,1,460,6350,4868,5121,5502,5911,6350,7.08,No,12,10,45.8
Nagarbhavi,12.9578,77.5052,West,Apartment,1,620,6500,5299,5509,5821,6151,6500,5.22,No,18,6.6,39.1
JP Nagar,12.9046,77.5851,South,Apartment,2,1140,9700,7013,7462,8144,8888,9700,8.63,Yes,9.2,6.3,40.3
Rajarajeshwari Nagar,12.9181,77.5072,West,Builder Floor,3,1890,7150,5426,5719,6161,6637,7150,7.27,Yes,13.5,8.5,45.8
Devanahalli,13.2511,77.7107,North,Builder Floor,2,1210,8550,4598,5183,6124,7236,8550,19.08,No,27.8,7.3,8.8
Rajajinagar,12.9928,77.5531,West,Apartment,3,1570,13700,10937,11417,12132,12892,13700,5.93,Yes,13.1,4.2,30.8
KR Puram,13.0109,77.6987,East,Apartment,2,1080,9800,5153,5834,6935,8244,9800,16.95,Yes,6.5,6.9,34.7
Hoodi,12.98,77.7142,East,Apartment,2,1120,10800,6999,7606,8549,9609,10800,10.75,Yes,3.9,11.1,35.4
Devanahalli,13.2446,77.7095,North,Apartment,2,1250,9200,4947,5576,6589,7786,9200,19.55,No,29,8.1,8.7
Thanisandra,13.0576,77.6279,North,Apartment,3,2060,9700,6125,6690,7572,8570,9700,12.24,No,12.2,7.6,18.2
Kengeri,12.9199,77.4898,West,Villa,1,590,6000,4693,4918,5255,5615,6000,7.15,Yes,20.8,8.8,39.7
Rajarajeshwari Nagar,12.9186,77.5057,West,Apartment,1,520,7300,5541,5840,6291,6777,7300,7.13,Yes,15.4,8.8,38.5
Thanisandra,13.0645,77.6257,North,Apartment,1,480,9750,6156,6724,7611,8614,9750,11.55,No,11.5,7.3,20.3
Manyata Tech Park,13.0456,77.6218,North,Apartment,2,1140,12450,8211,8893,9948,11129,12450,12.12,No,0.5,7.4,18.4
MG Road,12.9735,77.6049,Central,Apartment,3,1780,15600,12716,13221,13971,14763,15600,5.2,Yes,12.7,3.2,36.8
Gottigere,12.8752,77.5982,South,Apartment,1,640,7150,5270,5586,6065,6585,7150,9.67,No,11,8.4,48.5
Anjanapura,12.8529,77.5689,South,Apartment,2,930,6100,4676,4919,5285,5678,6100,6.77,No,12.7,10,51.7
Anjanapura,12.8536,77.5656,South,Builder Floor,2,1150,6600,5059,5322,5718,6143,6600,6.99,No,12.1,10.2,49
Koramangala,12.9368,77.6204,South,Apartment,3,1950,22000,13773,15069,17095,19393,22000,13.11,No,4.7,4.7,37.2
Kanakapura Road,12.8663,77.5854,South,Builder Floor,3,1920,8050,5555,5964,6591,7284,8050,9.07,Yes,8.7,7.7,46
Kanakapura Road,12.8595,77.581,South,Builder Floor,3,1340,9100,6279,6741,7450,8234,9100,9.64,Yes,7.5,8.6,47.7
Gottigere,12.8741,77.5961,South,Villa,1,570,6550,4827,5117,5556,6033,6550,7.45,No,10.8,8.7,43.9
Indiranagar,12.9799,77.6383,East,Apartment,3,1740,18450,12387,13370,14885,16572,18450,10.57,Yes,7.3,3.9,37.1
Kanakapura Road,12.8588,77.5851,South,Apartment,1,510,8500,5865,6297,6959,7691,8500,10.31,Yes,7.5,7.8,48.2
Devanahalli,13.2509,77.7168,North,Apartment,2,1240,8700,4677,5272,6230,7362,8700,20.46,No,31.4,8.1,7.3
JP Nagar,12.9085,77.5881,South,Builder Floor,2,960,9050,6543,6962,7598,8292,9050,9.53,Yes,8.4,6.6,36.1
MG Road,12.9787,77.6019,Central,Villa,3,1470,16600,13531,14068,14866,15709,16600,6.23,Yes,13.1,2.9,38.4
Rajajinagar,12.9928,77.5506,West,Apartment,2,1180,13850,11057,11542,12265,13033,13850,5.44,Yes,13,4.3,31
Malleshwaram,13.0057,77.569,North,Villa,2,1340,14250,12958,13194,13537,13889,14250,2.46,Yes,13.7,3.4,28.1
KR Puram,13.0106,77.6936,East,Apartment,2,1110,9200,4837,5476,6510,7739,9200,19.98,Yes,6.2,7.2,37.2
Banashankari,12.9319,77.5554,South,Builder Floor,1,700,7950,6218,6516,6963,7440,7950,7.55,Yes,10.9,5.2,38.5
Hulimavu,12.8944,77.6157,South,Apartment,2,1280,7600,5495,5847,6381,6964,7600,8.07,No,7.7,8.8,42.1
Thanisandra,13.0603,77.6307,North,Apartment,3,1340,9700,6125,6690,7572,8570,9700,12.86,No,11.3,7.4,19
Sarjapur Road,12.9055,77.6875,East,Apartment,2,870,12400,7507,8267,9463,10832,12400,16.15,No,4.9,12.1,40.5
Hebbal,13.0303,77.5937,North,Apartment,2,1140,15800,10607,11449,12747,14192,15800,10.8,No,9.8,8.6,16.6
Kengeri,12.9185,77.4865,West,Apartment,2,1010,5500,4302,4508,4817,5147,5500,6.37,Yes,21.3,9.3,40.3
Electronic City,12.8499,77.6621,South,Apartment,3,1710,6650,4128,4524,5144,5849,6650,13.93,No,0.8,17.3,53
Yelahanka,13.098,77.6013,North,Apartment,2,1090,9650,5520,6147,7144,8303,9650,15.48,No,20.4,5.5,12.4
Indiranagar,12.9782,77.6366,East,Apartment,3,2000,18700,12554,13550,15086,16796,18700,11.07,Yes,6.5,4,36
Rajajinagar,12.989,77.5484,West,Apartment,4,3410,13000,10378,10833,11512,12233,13000,5.4,Yes,13.5,4.3,33.1
Sarjapur Road,12.9023,77.684,East,Apartment,2,1060,12400,7507,8267,9463,10832,12400,15.8,No,4.8,12.2,43.6
Bellandur,12.9213,77.6823,East,Apartment,3,1300,12250,7294,8059,9266,10654,12250,13.75,No,3.7,11.3,47.5
ITPL,12.9835,77.7274,East,Apartment,2,1320,11800,7514,8194,9253,10449,11800,12.27,No,1.5,13.4,42.8
Koramangala,12.9313,77.6291,South,Apartment,4,2080,20650,12927,14144,16046,18203,20650,14.74,No,4.9,5,37.7
Thanisandra,13.0603,77.6313,North,Apartment,2,1080,9250,5840,6379,7220,8172,9250,11.29,No,11.7,7.4,18.1
Manyata Tech Park,13.0473,77.6251,North,Apartment,2,1140,11250,7419,8035,8989,10056,11250,12.11,No,0.5,7,18.5
KR Puram,13.0053,77.699,East,Apartment,2,1040,9800,5153,5834,6935,8244,9800,17.47,Yes,6.4,7.4,31.7
JP Nagar,12.91,77.5862,South,Villa,2,1190,9800,7085,7538,8227,8979,9800,8.82,Yes,9.4,7.1,36.5
Varthur,12.9446,77.7453,East,Apartment,2,1320,7350,4847,5250,5873,6570,7350,13.51,No,3.6,11.7,43.6
Anjanapura,12.859,77.5704,South,Apartment,3,2160,6150,4714,4959,5328,5724,6150,8.42,No,11,10.7,43.7
KR Puram,13.0119,77.6947,East,Apartment,1,600,9700,5100,5774,6864,8160,9700,20.29,Yes,6.9,7.4,37.5
Bannerghatta Road,12.8777,77.5993,South,Builder Floor,3,2130,9050,5666,6199,7032,7977,9050,15.21,No,7.9,6,47
Gottigere,12.8699,77.5979,South,Apartment,3,1910,7100,5232,5546,6022,6539,7100,7.56,No,9.3,8.7,46.2
Rajarajeshwari Nagar,12.9241,77.5103,West,Apartment,3,2190,7900,5996,6320,6808,7334,7900,7.67,Yes,14,9,39
Hulimavu,12.9,77.6176,South,Apartment,2,1270,7400,5350,5692,6212,6780,7400,7.89,No,8.1,8.7,45.1
Bellandur,12.9253,77.678,East,Apartment,3,1510,13100,7800,8618,9909,11393,13100,16.78,No,4.1,10.3,40.5
Anjanapura,12.8519,77.567,South,Builder Floor,2,970,5800,4446,4677,5025,5399,5800,7.28,No,13.2,10.5,49.8
Thanisandra,13.0585,77.6278,North,Apartment,1,550,8900,5619,6138,6947,7863,8900,12.86,No,12.5,7,19.8
Anjanapura,12.8537,77.5703,South,Apartment,3,2060,5850,4484,4717,5068,5445,5850,6.86,No,10.8,10.6,48.6
Marathahalli,12.9603,77.7012,East,Apartment,3,1960,9150,5777,6310,7142,8084,9150,14.1,No,3.4,10.1,39.6
Varthur,12.9503,77.7505,East,Apartment,1,630,7400,4881,5286,5913,6615,7400,13.25,No,3.8,12.7,44
Devanahalli,13.2484,77.716,North,Apartment,3,1440,8450,4544,5122,6052,7151,8450,20.42,No,31.8,8.7,8.2
Manyata Tech Park,13.0505,77.6219,North,Builder Floor,2,1150,12500,8243,8928,9988,11174,12500,13.11,No,0.5,7.5,19.5
Varthur,12.9426,77.7513,East,Apartment,1,510,7650,5045,5464,6113,6838,7650,10.63,No,3.7,12.8,39.9
Nagarbhavi,12.9672,77.5001,West,Builder Floor,1,610,6300,5135,5339,5642,5962,6300,5.98,No,19,7.1,38.2
Kengeri,12.9151,77.4835,West,Apartment,1,660,5450,4263,4467,4773,5100,5450,7.16,Yes,21,9.5,46.6
KR Puram,13.0072,77.6972,East,Apartment,1,680,10150,5336,6041,7182,8538,10150,16.2,Yes,6.8,6.7,37.9
Anjanapura,12.8558,77.5739,South,Builder Floor,2,1060,6500,4982,5241,5631,6050,6500,6.93,No,13.1,9.6,49.1
Frazer Town,12.9754,77.6117,Central,Apartment,2,940,12750,10615,10992,11549,12135,12750,4.74,No,9.8,3.5,38.1
Hebbal,13.0364,77.5946,North,Apartment,3,1910,15350,10305,11123,12384,13787,15350,12.62,No,10.1,7.6,19.2
Koramangala,12.9309,77.6278,South,Apartment,4,2820,21700,13585,14863,16861,19128,21700,15.15,No,4.6,5,38.9
Anjanapura,12.8607,77.5691,South,Builder Floor,1,690,6350,4868,5121,5502,5911,6350,7.17,No,11.1,10.8,48.6
Electronic City,12.8461,77.6596,South,Apartment,2,940,7250,4500,4932,5608,6376,7250,14.15,No,0.8,17,55.5
Hulimavu,12.893,77.6116,South,Builder Floor,2,990,6800,4916,5231,5709,6231,6800,8.6,No,7.7,8.5,42.1
Whitefield,12.9718,77.7539,East,Apartment,3,1730,15250,6616,7780,9737,12186,15250,26.72,Yes,1.8,15.7,41.1
Bannerghatta Road,12.8801,77.6013,South,Villa,2,1220,9850,6167,6747,7654,8683,9850,12.56,No,8.1,7,38.9
Thanisandra,13.0609,77.6311,North,Apartment,1,470,9100,5746,6276,7103,8040,9100,12.62,No,12,6.7,20.9
Rajarajeshwari Nagar,12.92,77.512,West,Builder Floor,2,1060,7300,5541,5840,6291,6777,7300,8.07,Yes,16.3,7.9,39.6
JP Nagar,12.9063,77.5804,South,Apartment,2,960,9000,6506,6922,7555,8246,9000,8.97,Yes,9.4,6.5,40
Devanahalli,13.244,77.7107,North,Apartment,1,520,9550,5135,5788,6839,8082,9550,17.65,No,28.8,8,8.8
Anjanapura,12.8576,77.5716,South,Apartment,2,990,6250,4791,5040,5415,5818,6250,7.66,No,11.9,10.2,48.9
Hebbal,13.0376,77.5954,North,Apartment,3,1650,17200,11547,12463,13876,15449,17200,9.75,No,10.1,8.1,18.5
Kengeri,12.916,77.4894,West,Builder Floor,2,1020,6100,4771,5000,5343,5709,6100,6.05,Yes,20.3,8.8,44.9
Hulimavu,12.8936,77.6133,South,Builder Floor,2,930,7550,5459,5808,6339,6918,7550,8.74,No,6.8,7.8,41.5
ITPL,12.9887,77.7302,East,Apartment,1,630,10450,6655,7257,8195,9254,10450,11.72,No,1.4,14,42.2
Koramangala,12.9326,77.625,South,Apartment,3,1940,23700,14837,16233,18415,20891,23700,11.76,No,5.5,4.7,39.7
Hennur,13.0425,77.6361,North,Apartment,2,1080,7900,5304,5725,6374,7096,7900,12.29,No,12.1,7.6,21.2
Jayanagar,12.9257,77.5983,South,Apartment,2,1330,14350,10086,10790,11866,13049,14350,10.44,Yes,9.5,3.5,36.4
Gottigere,12.8726,77.5942,South,Apartment,1,510,6250,4605,4882,5301,5756,6250,8.98,No,10.6,8.9,46.5
Manyata Tech Park,13.0463,77.6196,North,Builder Floor,2,990,12050,7947,8607,9629,10772,12050,13.1,No,0.5,7.3,20.3
JP Nagar,12.9055,77.5885,South,Builder Floor,2,910,8900,6434,6846,7472,8155,8900,9.44,Yes,9.7,6.6,40.3
Sarjapur Road,12.9021,77.6812,East,Apartment,2,1080,11950,7233,7966,9119,10439,11950,14.71,No,4.8,11.1,39.9
Indiranagar,12.9764,77.645,East,Apartment,3,1760,19750,13259,14311,15933,17739,19750,11.28,Yes,6.9,4.4,37.4
HSR Layout,12.9112,77.6396,South,Apartment,3,1720,15000,8717,9677,11199,12961,15000,15.96,No,5.9,8.2,42.7
Sarjapur Road,12.9019,77.6842,East,Builder Floor,3,1890,11750,7113,7833,8967,10265,11750,14.55,No,4.2,11,41.9
Anjanapura,12.8572,77.5686,South,Apartment,3,1880,6000,4600,4839,5199,5585,6000,7.65,No,11.2,9.1,47.8
Rajarajeshwari Nagar,12.9226,77.5024,West,Builder Floor,1,530,6950,5276,5561,5990,6452,6950,6.59,Yes,15.7,9.3,44
Rajarajeshwari Nagar,12.9206,77.5026,West,Apartment,3,2040,7300,5541,5840,6291,6777,7300,8.16,Yes,16.1,7.9,40
Banashankari,12.9345,77.5507,South,Apartment,1,680,8800,6884,7214,7708,8236,8800,6.63,Yes,11.1,5.5,36
ITPL,12.9841,77.7315,East,Apartment,3,1780,11050,7036,7673,8665,9785,11050,11.65,No,1.6,14.2,36.8
Gottigere,12.8741,77.5973,South,Apartment,2,1100,6300,4643,4922,5344,5802,6300,9.85,No,10.5,8.7,43.6
Marathahalli,12.9552,77.7053,East,Builder Floor,2,1260,9400,5935,6483,7338,8305,9400,15.02,No,3.3,9.4,39.8
KR Puram,13.0082,77.6949,East,Apartment,2,890,8800,4627,5238,6227,7403,8800,16.23,Yes,6.1,7.3,31.8
JP Nagar,12.9035,77.5874,South,Villa,3,1530,9750,7050,7501,8186,8934,9750,9.16,Yes,9.6,6,37
Frazer Town,12.9745,77.6103,Central,Builder Floor,3,1730,11400,9491,9828,10326,10850,11400,5.82,No,11.3,3.7,36
Jayanagar,12.9288,77.5969,South,Apartment,1,490,15150,10648,11391,12527,13776,15150,11.34,Yes,8.8,3.5,36.9
Kanakapura Road,12.8585,77.5884,South,Builder Floor,2,1220,8850,6106,6556,7246,8008,8850,9.41,Yes,8.5,8.4,46.5
Gottigere,12.8669,77.5987,South,Apartment,2,1340,6950,5122,5429,5895,6401,6950,8.13,No,9.8,8.4,47.5
Whitefield,12.9649,77.7489,East,Builder Floor,1,540,14400,6247,7347,9195,11507,14400,21.87,Yes,2,14.1,38
Sarjapur Road,12.9022,77.6852,East,Apartment,3,1370,12600,7627,8400,9616,11007,12600,14.52,No,4.7,11.7,41
Hebbal,13.0325,77.6009,North,Apartment,3,1790,15400,10339,11159,12424,13832,15400,9.93,No,9.9,8,19.8
Devanahalli,13.2464,77.7158,North,Apartment,3,1320,9100,4893,5515,6517,7701,9100,15.51,No,28.6,7.7,8.5
Bellandur,12.9266,77.6759,East,Apartment,3,2080,13850,8247,9112,10477,12046,13850,16.53,No,3.5,10.9,41.1
Indiranagar,12.9831,77.6366,East,Villa,4,2290,19250,12924,13949,15530,17290,19250,10.9,Yes,6.4,4.6,38.9
JP Nagar,12.9099,77.5845,South,Apartment,2,1130,9000,6506,6922,7555,8246,9000,8.38,Yes,8.3,6.7,38.4
Bannerghatta Road,12.8761,77.5928,South,Apartment,1,570,9450,5916,6473,7343,8330,9450,15.35,No,7.4,6.7,43.6
Banashankari,12.9347,77.5529,South,Apartment,1,660,8150,6374,6680,7138,7627,8150,7.45,Yes,10.9,5.3,36.6
Rajajinagar,12.9939,77.5531,West,Builder Floor,2,1080,13400,10697,11166,11866,12610,13400,6.43,Yes,12.3,4.2,31.7
JP Nagar,12.9086,77.5832,South,Builder Floor,2,1180,9100,6579,7000,7640,8338,9100,9.73,Yes,8.5,6,40.7
Yelahanka,13.1,77.5996,North,Apartment,1,570,10550,6035,6720,7810,9077,10550,14.93,No,22.6,5.3,12
Richmond Town,12.9609,77.6062,Central,Apartment,3,1620,14950,11693,12254,13094,13991,14950,6.27,Yes,11.8,2.7,37.3
Kanakapura Road,12.8616,77.5868,South,Apartment,2,1020,8550,5900,6334,7000,7736,8550,10.29,Yes,8.4,8.6,49.4
Hoodi,12.9855,77.7195,East,Apartment,4,2590,10800,6999,7606,8549,9609,10800,11.37,Yes,4.1,11.9,36.9
JP Nagar,12.9105,77.5835,South,Builder Floor,2,1250,9700,7013,7462,8144,8888,9700,9.36,Yes,9.4,6.9,40.9
Thanisandra,13.0614,77.6249,North,Builder Floor,1,680,9150,5777,6310,7142,8084,9150,12.04,No,13.1,7.3,18.9
Rajajinagar,12.9888,77.5524,West,Apartment,2,1100,13800,11016,11499,12220,12986,13800,6.38,Yes,13.6,3.8,32.7
Hennur,13.0403,77.6401,North,Apartment,3,1640,9100,6110,6595,7342,8174,9100,11.27,No,11.3,6.8,22.1
Hennur,13.0411,77.6393,North,Apartment,2,1290,8950,6009,6486,7221,8039,8950,11.05,No,10.4,7.1,23
Kanakapura Road,12.8674,77.5873,South,Apartment,3,1750,7850,5416,5815,6427,7103,7850,11.77,Yes,8.4,8.6,42.9
Malleshwaram,13.0061,77.5682,North,Builder Floor,1,660,14450,13140,13379,13727,14084,14450,2.83,Yes,12.9,3.5,28.5
Nagarbhavi,12.9597,77.5037,West,Apartment,1,590,6350,5176,5381,5686,6009,6350,4.97,No,18.6,6.7,39.1
Yelahanka,13.096,77.5937,North,Apartment,3,2180,11250,6434,7165,8328,9679,11250,17.89,No,23.5,4.8,12.2
Yelahanka,13.1018,77.6006,North,Apartment,2,1100,11100,6349,7070,8217,9550,11100,17.28,No,22.3,5.5,12.8
Hennur,13.0382,77.6358,North,Apartment,3,2090,9150,6144,6631,7382,8219,9150,12.86,No,11.9,6.8,21.7
Malleshwaram,12.9988,77.5703,North,Apartment,2,1340,12750,11594,11805,12112,12427,12750,2.5,Yes,12.7,3.4,27.9
HSR Layout,12.9105,77.6399,South,Villa,3,1370,14950,8688,9645,11162,12918,14950,16.06,No,5.4,7.1,46.9
ITPL,12.9823,77.7253,East,Apartment,3,1990,10200,6496,7084,7999,9033,10200,13.45,No,1.6,13.9,41
Banashankari,12.9327,77.5492,South,Apartment,2,920,8500,6649,6968,7445,7955,8500,6.19,Yes,9.8,4.8,40
Whitefield,12.9661,77.7515,East,Apartment,4,2970,13150,5706,6710,8397,10508,13150,27.19,Yes,1.9,14.5,41.9
RT Nagar,13.0238,77.5898,North,Apartment,1,580,7000,5890,6087,6377,6681,7000,4.97,No,12.8,5.4,26.1
Whitefield,12.9678,77.7504,East,Apartment,2,1130,14000,6074,7143,8939,11187,14000,23.27,Yes,2.1,14.3,42.7
Marathahalli,12.9637,77.6968,East,Apartment,2,980,9600,6062,6621,7494,8482,9600,11.25,No,2.8,10.3,41.5
Bannerghatta Road,12.8764,77.6017,South,Apartment,3,1830,10050,6292,6884,7809,8859,10050,13.24,No,7.7,6.9,45
ITPL,12.9882,77.7296,East,Apartment,1,570,11000,7005,7639,8626,9741,11000,11.59,No,1.6,13.9,37.8
MG Road,12.9764,77.606,Central,Apartment,3,1740,15450,12593,13093,13836,14621,15450,6.45,Yes,12.4,3.2,33.3
Marathahalli,12.9604,77.6986,East,Apartment,1,480,9050,5715,6242,7065,7996,9050,14.66,No,3.2,11,38.8
MG Road,12.9771,77.5979,Central,Villa,4,2480,15750,12838,13348,14105,14905,15750,5.56,Yes,12,3.3,36.4
Hebbal,13.0365,77.6011,North,Apartment,3,1580,15400,10339,11159,12424,13832,15400,12.56,No,9.3,8.2,16.3
Hoodi,12.987,77.7177,East,Apartment,3,1910,11050,7161,7782,8747,9831,11050,10.56,Yes,3.7,11.5,41.6
Hulimavu,12.8921,77.6115,South,Villa,1,650,7600,5495,5847,6381,6964,7600,8.63,No,7.6,8.4,43.4
Kanakapura Road,12.8603,77.5852,South,Villa,1,530,8050,5555,5964,6591,7284,8050,11.33,Yes,8.8,7.2,42.3
Sarjapur Road,12.9037,77.6892,East,Villa,3,1460,12750,7718,8500,9730,11138,12750,12.73,No,4.6,12.1,45.3
Nagarbhavi,12.9642,77.4997,West,Apartment,3,1800,6450,5257,5466,5776,6104,6450,6.49,No,17.2,6.7,41.4
Jayanagar,12.9208,77.5981,South,Apartment,1,670,14400,10121,10827,11907,13094,14400,10.33,Yes,8.7,4,38.7
Indiranagar,12.983,77.6386,East,Apartment,4,2700,18500,12421,13406,14925,16617,18500,11.28,Yes,7.2,4.5,37.3
Manyata Tech Park,13.0467,77.6167,North,Apartment,3,1930,12800,8442,9143,10228,11442,12800,10.16,No,0.5,6.9,17.3
Anjanapura,12.8584,77.5683,South,Apartment,2,1220,5900,4523,4758,5112,5492,5900,6.99,No,13.2,9.8,49.3
JP Nagar,12.9034,77.5892,South,Builder Floor,3,1490,10100,7302,7769,8479,9254,10100,9.55,Yes,8.2,5.9,41.4
Malleshwaram,13.0059,77.5703,North,Apartment,3,1670,12750,11594,11805,12112,12427,12750,2.33,Yes,13.4,3.7,30.6
Kengeri,12.9174,77.4802,West,Builder Floor,2,1080,5450,4263,4467,4773,5100,5450,6.83,Yes,21.7,9.9,43.8
Banashankari,12.9313,77.5526,South,Apartment,1,690,8500,6649,6968,7445,7955,8500,7.01,Yes,9.8,4.7,36.9
Hebbal,13.0349,77.5923,North,Villa,3,2110,16150,10843,11703,13029,14506,16150,9.83,No,9.8,7.9,18.6
JP Nagar,12.912,77.5813,South,Apartment,2,1260,9500,6868,7307,7975,8704,9500,8,Yes,8.3,6.4,39.6
Sarjapur Road,12.9026,77.6817,East,Apartment,3,1580,11500,6962,7667,8776,10046,11500,13.27,No,4.9,11,42.4
Indiranagar,12.9765,77.636,East,Apartment,2,1110,19750,13259,14311,15933,17739,19750,11.92,Yes,6.4,3.9,35.4
Kengeri,12.9157,77.4885,West,Villa,2,1030,5750,4497,4713,5036,5381,5750,5.95,Yes,20.1,8.2,45.1
Richmond Town,12.9663,77.6012,Central,Apartment,1,620,15050,11772,12337,13182,14085,15050,5.84,Yes,12.1,2.6,32.8
Anjanapura,12.8537,77.5724,South,Apartment,2,1300,5700,4370,4597,4939,5306,5700,7.41,No,10.9,10,47.7
Hulimavu,12.8971,77.6119,South,Apartment,2,920,7400,5350,5692,6212,6780,7400,10.33,No,7.5,7.8,48.2
Gottigere,12.8668,77.5962,South,Builder Floor,2,980,6400,4716,4999,5428,5894,6400,8.48,No,9.1,8.8,42.7
Gottigere,12.8725,77.6022,South,Villa,2,1070,6850,5049,5352,5811,6309,6850,7.4,No,10.9,9.7,48
Koramangala,12.9359,77.6239,South,Apartment,4,2920,22400,14022,15342,17405,19745,22400,14.16,No,4.7,5.6,39.8
Rajarajeshwari Nagar,12.9266,77.5053,West,Builder Floor,2,860,8000,6073,6401,6895,7427,8000,8.24,Yes,14.9,8,42.3
RT Nagar,13.0211,77.5917,North,Apartment,2,1020,7900,6647,6869,7197,7540,7900,4.73,No,12.4,5.1,25.8
Malleshwaram,13.0064,77.5688,North,Apartment,2,1120,12750,11594,11805,12112,12427,12750,2.81,Yes,14.3,3.8,30.6
Marathahalli,12.9564,77.7014,East,Builder Floor,3,1560,9000,5683,6208,7026,7952,9000,11.89,No,2.8,9.7,39.2
Varthur,12.9492,77.7503,East,Apartment,2,1150,7250,4781,5178,5793,6481,7250,12.28,No,3.6,13.9,45.9
Hoodi,12.9806,77.7141,East,Apartment,3,1650,10350,6706,7288,8192,9208,10350,11.32,Yes,3.7,12.2,35
Bannerghatta Road,12.8787,77.5949,South,Builder Floor,2,1240,9250,5791,6336,7188,8154,9250,11.94,No,8.7,6.1,41.4
MG Road,12.971,77.5966,Central,Villa,1,530,16000,13041,13559,14328,15141,16000,5.87,Yes,11.8,3.3,38.4
Banashankari,12.9276,77.5508,South,Apartment,2,1240,8300,6493,6804,7270,7768,8300,5.95,Yes,11.4,5.1,41.8
RT Nagar,13.0227,77.5911,North,Apartment,1,520,7450,6269,6478,6787,7111,7450,4.06,No,14,5.9,23.5
Malleshwaram,13.0003,77.5693,North,Apartment,1,650,13900,12641,12871,13205,13548,13900,2.59,Yes,14.5,3.3,28.8
Kengeri,12.9109,77.4828,West,Apartment,1,630,6150,4811,5042,5387,5756,6150,6.22,Yes,20.8,8.6,41.6
Frazer Town,12.9788,77.6122,Central,Villa,1,580,11950,9949,10302,10824,11373,11950,5.64,No,10.6,3.9,32.4
Frazer Town,12.9788,77.6167,Central,Apartment,2,1210,11750,9782,10129,10643,11183,11750,5.28,No,10.2,3.7,34.1
MG Road,12.9724,77.5998,Central,Villa,4,3080,16850,13735,14280,15090,15946,16850,6.36,Yes,10.8,3.1,32.8
Indiranagar,12.9791,77.6385,East,Apartment,3,1580,20300,13629,14710,16377,18233,20300,11.37,Yes,6.7,4.4,36.5
Hoodi,12.9877,77.7216,East,Builder Floor,2,960,10950,7095,7711,8667,9742,10950,11.68,Yes,3.6,10.9,34.8
RT Nagar,13.0231,77.5924,North,Apartment,2,1190,7700,6480,6696,7015,7350,7700,4.29,No,13,5.3,27.4
Manyata Tech Park,13.0488,77.6207,North,Apartment,3,1330,11900,7847,8499,9508,10637,11900,12.41,No,0.5,7.1,20.1
Electronic City,12.8491,77.665,South,Apartment,1,570,6650,4128,4524,5144,5849,6650,15.39,No,0.9,19.5,50.2
Sarjapur Road,12.9028,77.6862,East,Apartment,3,1710,11550,6992,7700,8814,10090,11550,12.41,No,4.7,12.2,44.3
Kengeri,12.915,77.4815,West,Apartment,1,510,5400,4224,4427,4730,5054,5400,7.16,Yes,19.1,9.6,41.3
Bellandur,12.9305,77.6755,East,Apartment,3,1830,12450,7413,8190,9417,10828,12450,15.1,No,3.4,12,46.6
Kengeri,12.9173,77.4833,West,Apartment,1,520,5800,4536,4754,5080,5428,5800,6.12,Yes,18.6,8.8,39.7
ITPL,12.9839,77.7297,East,Apartment,3,1820,11100,7069,7709,8705,9830,11100,13.39,No,1.5,14.2,36.5
Devanahalli,13.2457,77.717,North,Builder Floor,3,1700,8600,4624,5212,6159,7278,8600,19.05,No,29.1,8.3,8.2
Sarjapur Road,12.8984,77.6898,East,Builder Floor,2,1340,12150,7355,8100,9272,10614,12150,12.83,No,4.3,12.5,44.7
Thanisandra,13.0589,77.627,North,Apartment,3,1760,10250,6472,7069,8001,9056,10250,12.94,No,12.8,7.1,19
Banashankari,12.9302,77.554,South,Apartment,2,1120,8550,6688,7009,7489,8002,8550,7.03,Yes,10.5,4.9,35.9
Nagarbhavi,12.9629,77.5024,West,Builder Floor,1,670,5850,4769,4958,5239,5536,5850,5.25,No,17.4,7.2,37.8
Hulimavu,12.8978,77.6178,South,Apartment,3,1390,6850,4951,5268,5750,6276,6850,10.49,No,7.2,8.2,40.5
Hoodi,12.9816,77.7174,East,Apartment,2,1210,10450,6771,7359,8271,9297,10450,14.11,Yes,4,12.8,37.2
Bellandur,12.9293,77.6798,East,Villa,3,1660,13100,7800,8618,9909,11393,13100,15.25,No,3.8,11.4,46.7
Anjanapura,12.8528,77.5664,South,Builder Floor,2,1350,6600,5059,5322,5718,6143,6600,7.92,No,12.9,9.6,52.6
Kengeri,12.9139,77.4804,West,Apartment,3,1680,6000,4693,4918,5255,5615,6000,6.87,Yes,18.2,9,46.1
JP Nagar,12.9085,77.5887,South,Apartment,3,1810,9050,6543,6962,7598,8292,9050,8.34,Yes,8.3,5.9,40.4
MG Road,12.9744,77.5997,Central,Villa,1,580,16000,13041,13559,14328,15141,16000,5.62,Yes,11.7,3.4,31.6
KR Puram,13.005,77.702,East,Apartment,1,680,9350,4915,5565,6616,7865,9350,16.22,Yes,6.8,7.3,35.8
Bellandur,12.9272,77.6775,East,Builder Floor,3,1310,13550,8069,8915,10250,11785,13550,15.53,No,4,11.2,43.7
Bannerghatta Road,12.8821,77.6006,South,Apartment,1,520,9250,5791,6336,7188,8154,9250,15.05,No,7.6,6.6,45.3
MG Road,12.9796,77.6,Central,Apartment,2,1170,15000,12227,12712,13433,14195,15000,5.98,Yes,12.9,3.1,38.3
Anjanapura,12.8596,77.5671,South,Apartment,1,660,5800,4446,4677,5025,5399,5800,7.13,No,11.7,10.7,51.9
Malleshwaram,13.0003,77.5749,North,Apartment,3,1780,12500,11366,11573,11874,12183,12500,2.66,Yes,13.1,3.2,29.1
Hulimavu,12.8915,77.6114,South,Builder Floor,2,950,7250,5242,5577,6087,6643,7250,8.56,No,7.9,7.6,47.8
Varthur,12.9472,77.7459,East,Apartment,2,1300,7500,4946,5357,5993,6704,7500,10.56,No,3.4,13.1,42.2
HSR Layout,12.9161,77.6402,South,Apartment,2,990,13150,7643,8484,9819,11363,13150,15.73,No,5.6,8.5,43.7
Devanahalli,13.2499,77.7151,North,Apartment,2,1020,9700,5216,5879,6947,8209,9700,18.52,No,32.3,8.5,8
Marathahalli,12.9623,77.7028,East,Apartment,2,1060,8500,5367,5862,6635,7510,8500,13.05,No,3,9.3,43.6
Kanakapura Road,12.8654,77.5843,South,Apartment,2,910,8050,5555,5964,6591,7284,8050,9.83,Yes,8.4,7.6,40.6
Hoodi,12.9856,77.7141,East,Apartment,1,540,11000,7128,7747,8707,9787,11000,11.66,Yes,4.1,12.7,35.5
Kengeri,12.9129,77.489,West,Apartment,1,510,5500,4302,4508,4817,5147,5500,6.53,Yes,18.6,9.9,43.3
Bellandur,12.9236,77.6734,East,Apartment,2,920,12450,7413,8190,9417,10828,12450,15.96,No,4,10.9,43.2
JP Nagar,12.9046,77.5827,South,Apartment,4,2460,10100,7302,7769,8479,9254,10100,9.21,Yes,8.8,6.3,37.9
Richmond Town,12.9626,77.6056,Central,Apartment,3,2110,14150,11067,11598,12393,13242,14150,7.33,Yes,11.7,3,32.6
Koramangala,12.9311,77.6216,South,Villa,3,1860,20600,12896,14110,16007,18159,20600,14.75,No,5.1,4.7,36
Manyata Tech Park,13.0427,77.6213,North,Apartment,4,3390,12850,8475,9179,10268,11487,12850,12.07,No,0.5,6.7,19.3
Hulimavu,12.894,77.6148,South,Villa,3,1950,7550,5459,5808,6339,6918,7550,8.04,No,7.8,8.3,47.3
ITPL,12.9817,77.723,East,Builder Floor,1,570,11550,7355,8020,9057,10228,11550,13.51,No,1.6,13.9,39
Jayanagar,12.9238,77.5926,South,Apartment,4,2660,14300,10050,10752,11824,13003,14300,10.18,Yes,10.4,3.9,36.8
ITPL,12.9863,77.7308,East,Builder Floor,3,1890,11500,7323,7986,9018,10184,11500,12.83,No,1.6,14.8,40.2
Manyata Tech Park,13.0448,77.6186,North,Apartment,3,1860,11200,7386,8000,8950,10012,11200,13.59,No,0.5,7.7,20.7
MG Road,12.9778,77.6003,Central,Villa,2,1050,15150,12349,12839,13567,14337,15150,5.68,Yes,12.3,3.3,35.5
Kanakapura Road,12.8663,77.5834,South,Builder Floor,2,1150,8000,5520,5926,6549,7238,8000,9.72,Yes,8.7,8.6,43.7
ITPL,12.9899,77.7247,East,Apartment,2,980,11300,7197,7848,8862,10007,11300,12.73,No,1.6,14.8,35.9
Indiranagar,12.9789,77.6399,East,Apartment,3,1390,19150,12857,13877,15450,17201,19150,11.16,Yes,6.7,4.1,34.3
ITPL,12.9856,77.7322,East,Apartment,3,1850,11850,7546,8229,9293,10494,11850,12.56,No,1.4,12.6,39.3
Yelahanka,13.1004,77.5934,North,Builder Floor,2,1040,9700,5549,6179,7181,8346,9700,16.96,No,22.3,5.5,12.6
Rajajinagar,12.986,77.5556,West,Apartment,3,2180,13750,10977,11458,12176,12939,13750,6.57,Yes,12.4,3.8,29.8
Banashankari,12.9319,77.5565,South,Villa,3,1630,8300,6493,6804,7270,7768,8300,6.84,Yes,11.3,4.6,37.5
Hoodi,12.9837,77.7157,East,Apartment,3,2090,9800,6350,6901,7757,8719,9800,12.56,Yes,3.9,12,37.5
Gottigere,12.8691,77.5995,South,Apartment,3,1380,7250,5343,5664,6150,6677,7250,8.67,No,9.3,8.3,43.9
Thanisandra,13.0582,77.6279,North,Apartment,3,1420,9650,6093,6655,7533,8526,9650,12.21,No,13,7,18.7
Indiranagar,12.9785,77.641,East,Villa,2,1180,19950,13394,14457,16095,17919,19950,10.51,Yes,6.9,4.4,39.4
Rajajinagar,12.9865,77.5488,West,Apartment,3,2030,14000,11177,11667,12398,13175,14000,7.2,Yes,11.8,4.3,27.6
Kengeri,12.9147,77.484,West,Apartment,2,870,6000,4693,4918,5255,5615,6000,6.75,Yes,21.5,8.3,46.8
Rajarajeshwari Nagar,12.9219,77.5031,West,Apartment,1,490,7850,5958,6280,6765,7287,7850,6.57,Yes,15.4,8.6,38.8
Kengeri,12.9141,77.4884,West,Apartment,2,1300,5750,4497,4713,5036,5381,5750,7.86,Yes,19.6,9.7,39.5
Hoodi,12.983,77.7214,East,Apartment,3,1410,10700,6934,7536,8470,9520,10700,13.36,Yes,4.2,13.2,40.3
RT Nagar,13.0154,77.5923,North,Apartment,1,590,7850,6605,6826,7152,7493,7850,5.4,No,12.7,5.2,22.8
Hennur,13.0428,77.6353,North,Apartment,3,1840,8550,5741,6196,6898,7680,8550,12.11,No,12.4,8.1,22.4
Jayanagar,12.9222,77.5953,South,Apartment,3,1600,16250,11421,12218,13436,14776,16250,10.16,Yes,9.6,3.7,38.1
JP Nagar,12.905,77.5802,South,Apartment,2,880,9450,6833,7270,7934,8659,9450,9.68,Yes,9.9,6.3,43.3
Hennur,13.0413,77.6384,North,Apartment,3,1720,8500,5707,6160,6858,7635,8500,10.97,No,11.9,7.6,20
Richmond Town,12.9678,77.6036,Central,Villa,3,1590,15250,11928,12500,13357,14272,15250,7.13,Yes,10.7,2.8,37
Devanahalli,13.2505,77.7152,North,Apartment,3,1520,9150,4920,5546,6553,7743,9150,16.83,No,29,8,8.3
Whitefield,12.9716,77.7523,East,Villa,1,690,15200,6594,7755,9705,12146,15200,25.02,Yes,1.9,14.6,46.1
Kengeri,12.9102,77.4836,West,Apartment,1,680,5650,4420,4632,4949,5288,5650,6.68,Yes,21.2,9,38.9
HSR Layout,12.9157,77.6375,South,Apartment,3,1990,13050,7584,8419,9743,11276,13050,17.82,No,5.2,7.8,40.2
MG Road,12.9755,77.5989,Central,Apartment,2,1110,14750,12023,12500,13209,13958,14750,4.84,Yes,12.3,2.8,37.4
Gottigere,12.8708,77.6006,South,Builder Floor,3,1970,6600,4865,5157,5599,6079,6600,9.18,No,9.5,8.5,42.4
Indiranagar,12.9772,77.6431,East,Apartment,3,1760,19800,13293,14348,15974,17784,19800,9.87,Yes,7.3,4.5,39.5
JP Nagar,12.9087,77.5866,South,Builder Floor,1,530,8950,6471,6885,7514,8201,8950,8.95,Yes,9.1,7,39.7
KR Puram,13.006,77.7009,East,Apartment,3,1780,9200,4837,5476,6510,7739,9200,18.67,Yes,6.3,6.7,31.7
MG Road,12.9788,77.6023,Central,Apartment,3,1810,15100,12307,12796,13522,14289,15100,6.42,Yes,12.8,3.2,32.7
Richmond Town,12.9584,77.6027,Central,Apartment,2,890,15300,11968,12542,13401,14319,15300,6.5,Yes,11.9,2.8,35.8
Bellandur,12.9209,77.6811,East,Villa,3,2090,12200,7265,8027,9229,10611,12200,15.32,No,3.8,10.4,45.7
Hennur,13.0352,77.6343,North,Builder Floor,2,1040,9100,6110,6595,7342,8174,9100,10.75,No,11.2,7.3,23.3
HSR Layout,12.9156,77.6436,South,Villa,2,1080,14000,8136,9032,10453,12097,14000,14.76,No,5.3,8.5,43.2
Kengeri,12.9107,77.4822,West,Apartment,2,980,6150,4811,5042,5387,5756,6150,7.23,Yes,18.9,9.3,41.5
Rajarajeshwari Nagar,12.9259,77.5076,West,Builder Floor,2,990,7000,5313,5600,6032,6498,7000,8.43,Yes,14.8,8.5,41.8
Manyata Tech Park,13.0412,77.6224,North,Apartment,3,1680,12000,7914,8572,9589,10727,12000,11.02,No,0.5,6.5,18.1
Jayanagar,12.9207,77.5954,South,Apartment,3,1340,15600,10964,11729,12899,14185,15600,11.3,Yes,8.7,3.6,40
KR Puram,13.0075,77.702,East,Apartment,1,540,9850,5179,5863,6970,8286,9850,19.83,Yes,6.4,7.4,37.5
Whitefield,12.9725,77.7526,East,Builder Floor,3,2080,13700,5943,6989,8747,10947,13700,24.68,Yes,2.2,15,43
Hulimavu,12.898,77.6171,South,Builder Floor,2,1100,6850,4951,5268,5750,6276,6850,7.83,No,7.6,8.1,48
Rajajinagar,12.99,77.5523,West,Villa,4,2690,14450,11535,12041,12796,13598,14450,6.88,Yes,13.5,4.2,31.1
Thanisandra,13.0597,77.6276,North,Apartment,3,1970,9500,5997,6551,7415,8393,9500,14.57,No,11.3,7.4,21.2
Rajajinagar,12.9861,77.5531,West,Apartment,4,2850,12500,9978,10416,11069,11763,12500,5.4,Yes,12.8,3.7,30.8
Rajajinagar,12.9913,77.5514,West,Builder Floor,1,520,13100,10458,10917,11601,12328,13100,6.22,Yes,12.8,4,30
HSR Layout,12.9079,77.642,South,Builder Floor,2,1020,13900,8079,8968,10379,12011,13900,15.57,No,5.9,8.1,43.1
KR Puram,13.0029,77.7026,East,Apartment,2,1090,8800,4627,5238,6227,7403,8800,20.75,Yes,5.9,6.7,34.3
Hennur,13.0405,77.6418,North,Apartment,3,2180,8850,5942,6413,7140,7949,8850,11.27,No,10.5,7.4,22.6
Bannerghatta Road,12.8836,77.6022,South,Apartment,3,1820,8900,5571,6095,6915,7845,8900,11.49,No,8.3,6.8,45.6
Banashankari,12.9286,77.5502,South,Apartment,2,860,8500,6649,6968,7445,7955,8500,7.73,Yes,11.5,5,37.8
Richmond Town,12.968,77.6034,Central,Apartment,2,1040,14450,11302,11844,12656,13523,14450,7.13,Yes,11.2,2.8,36.8
Anjanapura,12.8605,77.573,South,Builder Floor,1,470,6100,4676,4919,5285,5678,6100,8.14,No,11,9.4,49.7
Banashankari,12.9336,77.549,South,Apartment,3,1710,8250,6453,6763,7226,7721,8250,7.36,Yes,9.8,5.4,36.2
Manyata Tech Park,13.0435,77.6255,North,Apartment,3,1870,11700,7716,8357,9349,10459,11700,11.05,No,0.5,7.3,20.3
Jayanagar,12.9288,77.5931,South,Apartment,3,1580,16550,11631,12443,13684,15049,16550,10.72,Yes,8.8,4.1,38.8
Malleshwaram,13.006,77.5719,North,Builder Floor,3,1490,12950,11776,11990,12302,12622,12950,2.72,Yes,12.7,3.2,30.7
Nagarbhavi,12.9667,77.4986,West,Apartment,3,1760,5700,4646,4830,5104,5394,5700,5.29,No,17.4,6.6,40.7
Bannerghatta Road,12.8797,77.5961,South,Apartment,3,1990,10100,6323,6918,7848,8903,10100,12.57,No,7.7,6.7,46.3
Bellandur,12.9279,77.6776,East,Builder Floor,2,870,13900,8276,9144,10514,12089,13900,15.77,No,4,11.7,43.8
Devanahalli,13.2459,77.7162,North,Builder Floor,2,860,9550,5135,5788,6839,8082,9550,18.28,No,31.1,8.5,8.2
HSR Layout,12.9112,77.6396,South,Villa,4,2140,14800,8601,9548,11050,12788,14800,14.2,No,5.8,7.6,38.6
JP Nagar,12.9054,77.5881,South,Builder Floor,1,620,9850,7121,7577,8269,9025,9850,9.22,Yes,9.9,6.4,39.9
Banashankari,12.9347,77.5527,South,Villa,2,1280,8600,6726,7049,7532,8048,8600,5.91,Yes,9.9,4.7,37
Manyata Tech Park,13.0438,77.6171,North,Builder Floor,4,3220,12050,7947,8607,9629,10772,12050,11.59,No,0.5,7.5,19.4
Banashankari,12.9322,77.5532,South,Apartment,3,1310,8800,6884,7214,7708,8236,8800,6.16,Yes,10.7,4.5,40
Electronic City,12.8498,77.6621,South,Apartment,3,1510,6800,4220,4625,5259,5980,6800,15.68,No,0.9,17.5,51.5
HSR Layout,12.9135,77.6392,South,Villa,4,3410,14350,8341,9259,10715,12400,14350,17.63,No,5.9,7.4,41.8
Devanahalli,13.2419,77.7123,North,Apartment,1,690,9200,4947,5576,6589,7786,9200,19.06,No,29.2,7.5,8.2
Rajarajeshwari Nagar,12.9259,77.5101,West,Apartment,2,1340,7850,5958,6280,6765,7287,7850,7.93,Yes,15.9,9,38.3
Bannerghatta Road,12.8747,77.5977,South,Villa,2,900,9200,5760,6302,7149,8110,9200,15.3,No,8.9,6.3,44.8
Malleshwaram,13.0041,77.5736,North,Builder Floor,2,1040,13150,11958,12176,12492,12817,13150,2.75,Yes,15.3,3.4,25.8
Bellandur,12.9243,77.6756,East,Apartment,2,990,12600,7502,8289,9531,10959,12600,15.19,No,3.5,10.6,40.4
Devanahalli,13.2416,77.7164,North,Apartment,2,1070,8350,4490,5061,5980,7066,8350,16.34,No,31.6,7.9,7.8
Koramangala,12.9313,77.628,South,Villa,4,2100,21750,13616,14897,16900,19172,21750,12.33,No,5.1,4.9,38.3
RT Nagar,13.0245,77.5928,North,Apartment,3,1480,7850,6605,6826,7152,7493,7850,4.85,No,13.8,5.7,27.5
Hulimavu,12.8951,77.6152,South,Builder Floor,1,620,7550,5459,5808,6339,6918,7550,10.03,No,7.6,7.5,47.8
Jayanagar,12.923,77.5977,South,Apartment,3,1780,15150,10648,11391,12527,13776,15150,10.37,Yes,9,4,40.8
Hebbal,13.0303,77.5963,North,Apartment,4,2020,16500,11077,11956,13311,14820,16500,10.04,No,9.1,7.3,19.1
Rajarajeshwari Nagar,12.9269,77.5119,West,Apartment,3,1340,7150,5426,5719,6161,6637,7150,6.75,Yes,14.5,8.2,41.3
Malleshwaram,13.0062,77.5732,North,Apartment,2,1160,14150,12869,13103,13443,13792,14150,2.97,Yes,14.7,3.5,29.5
Marathahalli,12.9599,77.6979,East,Builder Floor,1,690,8900,5619,6138,6947,7863,8900,13.84,No,3.4,9.9,36.5
Bellandur,12.9283,77.6748,East,Builder Floor,2,1080,13200,7860,8684,9985,11480,13200,15.4,No,3.8,10.4,47.4
Hebbal,13.0366,77.601,North,Apartment,3,1830,14950,10037,10833,12061,13428,14950,11.51,No,10.2,8.5,19.6
Koramangala,12.939,77.6285,South,Apartment,3,1430,20400,12770,13972,15851,17982,20400,11.73,No,4.8,5.3,38.1
Thanisandra,13.0655,77.6279,North,Builder Floor,3,1470,9350,5904,6449,7299,8261,9350,13.74,No,11.9,6.5,19.4
ITPL,12.9856,77.7252,East,Apartment,1,500,10750,6846,7465,8430,9520,10750,11.32,No,1.6,13.3,36.5
Nagarbhavi,12.9627,77.4993,West,Builder Floor,1,540,6500,5299,5509,5821,6151,6500,5.05,No,16.7,7.4,45.8
RT Nagar,13.02,77.5946,North,Apartment,3,2050,8050,6774,7000,7334,7684,8050,5.14,No,12.8,5.4,26.9
Sarjapur Road,12.906,77.684,East,Apartment,1,580,12400,7507,8267,9463,10832,12400,15.85,No,4.8,12.7,40.5
Electronic City,12.8423,77.6578,South,Apartment,2,990,7550,4686,5136,5840,6640,7550,12.95,No,0.9,17.3,52.1
HSR Layout,12.9166,77.6433,South,Builder Floor,2,1070,13350,7759,8613,9968,11536,13350,17.66,No,5.4,7.2,39
RT Nagar,13.0202,77.5913,North,Apartment,2,930,8050,6774,7000,7334,7684,8050,4.07,No,14,5.9,25.4
Frazer Town,12.9732,77.6131,Central,Apartment,2,1280,11350,9450,9785,10281,10802,11350,5.54,No,9.5,3.4,32.1
ITPL,12.9849,77.7254,East,Villa,2,1080,10650,6782,7396,8352,9431,10650,11.27,No,1.4,14.8,35.4
Varthur,12.9491,77.7508,East,Apartment,3,2050,7200,4748,5143,5753,6436,7200,11.6,No,3.8,14.2,42.2
Koramangala,12.9389,77.6208,South,Apartment,2,1310,21400,13396,14657,16628,18864,21400,11.87,No,4.8,5.6,41.4
Jayanagar,12.9255,77.5927,South,Apartment,3,1440,14300,10050,10752,11824,13003,14300,11.15,Yes,9.8,3.5,38.5
Frazer Town,12.9734,77.6107,Central,Apartment,4,2520,11500,9574,9914,10417,10945,11500,4.31,No,9.5,3.6,33.5
Devanahalli,13.2463,77.7141,North,Apartment,2,1290,9400,5054,5697,6732,7955,9400,17.26,No,32.6,8.4,7.7
KR Puram,13.0072,77.6968,East,Apartment,3,1890,9400,4942,5595,6651,7907,9400,18.9,Yes,6.2,7.2,36.4
Kanakapura Road,12.8673,77.5808,South,Apartment,3,2090,8000,5520,5926,6549,7238,8000,9.13,Yes,8.5,8.8,46.7
Sarjapur Road,12.8978,77.6869,East,Apartment,3,2160,11600,7023,7734,8853,10134,11600,13.97,No,4.9,11.3,47.1
Sarjapur Road,12.9025,77.6848,East,Apartment,2,1330,11500,6962,7667,8776,10046,11500,14.8,No,4.2,13.1,45.2
Hebbal,13.037,77.5948,North,Apartment,4,3190,16100,10809,11667,12989,14461,16100,11.42,No,10.4,7.4,17.7
Sarjapur Road,12.903,77.6891,East,Apartment,3,1510,12350,7476,8233,9425,10789,12350,16.09,No,4.5,12.5,47
Whitefield,12.9745,77.7515,East,Villa,3,2020,15000,6508,7653,9578,11986,15000,28,Yes,1.8,13.4,39.6
ITPL,12.9901,77.7314,East,Apartment,3,1600,10900,6941,7569,8547,9652,10900,11.53,No,1.6,12.6,41.8
KR Puram,13.012,77.6957,East,Builder Floor,2,900,9450,4968,5625,6687,7949,9450,20.2,Yes,6.4,6.6,34.9
ITPL,12.9816,77.7323,East,Apartment,4,2840,10150,6463,7048,7959,8988,10150,11.71,No,1.5,12.5,39.4
Bellandur,12.9231,77.6735,East,Apartment,3,1740,13900,8276,9144,10514,12089,13900,15.06,No,4.1,11.7,41
Richmond Town,12.9617,77.6023,Central,Apartment,2,890,15250,11928,12500,13357,14272,15250,6.97,Yes,10.7,3,36.3
Electronic City,12.844,77.661,South,Apartment,2,1130,7300,4531,4966,5646,6420,7300,13.47,No,0.8,17.9,60.5
Indiranagar,12.9752,77.6444,East,Apartment,3,2050,20450,13730,14819,16498,18368,20450,12.21,Yes,6.7,3.9,37.7
Kanakapura Road,12.8635,77.5876,South,Apartment,1,600,8050,5555,5964,6591,7284,8050,10.04,Yes,8.8,8.4,48.4
Devanahalli,13.2418,77.714,North,Apartment,2,1050,8850,4759,5364,6338,7489,8850,20.44,No,27.1,8.2,7.5
Rajarajeshwari Nagar,12.9214,77.5051,West,Apartment,2,1040,7750,5881,6199,6678,7194,7750,8.23,Yes,13.7,8.3,40
MG Road,12.9713,77.5973,Central,Apartment,1,490,15250,12429,12923,13656,14431,15250,5.58,Yes,11,2.9,33
Nagarbhavi,12.9646,77.5031,West,Apartment,3,1530,6550,5338,5550,5865,6198,6550,5.48,No,16.3,6.5,39.9
Hennur,13.0429,77.643,North,Apartment,3,1820,9100,6110,6595,7342,8174,9100,11.46,No,11.3,7.2,23.4
Rajajinagar,12.9943,77.5524,West,Apartment,3,1420,13750,10977,11458,12176,12939,13750,7.01,Yes,11.4,4.4,28.7
Rajajinagar,12.9931,77.5516,West,Apartment,2,1080,13800,11016,11499,12220,12986,13800,7.01,Yes,12.8,3.6,32
Nagarbhavi,12.9615,77.5036,West,Builder Floor,1,470,5750,4687,4873,5149,5441,5750,5.62,No,18,7.7,43.8
Hebbal,13.036,77.5921,North,Apartment,3,1990,16650,11179,12066,13433,14955,16650,10.78,No,9.4,8.3,17.7
Hennur,13.0383,77.6443,North,Apartment,2,1040,9000,6043,6522,7261,8084,9000,10.52,No,11.9,7.6,21.4
Richmond Town,12.9617,77.5966,Central,Builder Floor,3,1970,14700,11497,12049,12875,13757,14700,6.53,Yes,11,3,36.8
Gottigere,12.8722,77.599,South,Apartment,1,510,7050,5196,5508,5980,6493,7050,9.26,No,10.2,8.7,42.4
Thanisandra,13.061,77.6254,North,Builder Floor,3,1690,8900,5619,6138,6947,7863,8900,13.15,No,11.1,6.7,18.3
Bannerghatta Road,12.8792,77.5941,South,Builder Floor,2,1020,10400,6510,7123,8081,9167,10400,13.98,No,7.5,5.9,41.6
Electronic City,12.8465,77.6578,South,Builder Floor,1,550,6850,4252,4660,5298,6024,6850,12.26,No,0.9,17.1,60.7
Rajarajeshwari Nagar,12.919,77.5029,West,Builder Floor,2,860,7850,5958,6280,6765,7287,7850,7.03,Yes,14.7,8.3,41.4
HSR Layout,12.9147,77.6393,South,Apartment,1,640,13100,7614,8452,9781,11320,13100,15.93,No,5.7,7.7,41
Kanakapura Road,12.8594,77.587,South,Apartment,1,670,8650,5968,6408,7082,7827,8650,10.95,Yes,8.3,7.7,49.5
Yelahanka,13.1034,77.6006,North,Villa,4,3280,10250,5863,6529,7588,8819,10250,14.04,No,23.4,4.9,12.8
Varthur,12.9461,77.7449,East,Apartment,3,2160,7050,4649,5035,5633,6302,7050,13.65,No,3.2,13.9,46.1
Jayanagar,12.9277,77.5963,South,Villa,3,1380,15950,11210,11993,13189,14504,15950,8.84,Yes,10.3,3.7,41.4
Marathahalli,12.9555,77.6964,East,Apartment,3,1910,8900,5619,6138,6947,7863,8900,12.93,No,2.9,9.7,37.6
Rajarajeshwari Nagar,12.9174,77.5046,West,Builder Floor,2,1220,7500,5692,6000,6463,6962,7500,6.67,Yes,13.8,8.3,41.3
Electronic City,12.8446,77.6594,South,Apartment,3,1700,7750,4811,5273,5995,6816,7750,13.07,No,0.8,17.9,60.6
Indiranagar,12.9745,77.6436,East,Villa,3,1840,20400,13696,14783,16458,18323,20400,9.97,Yes,6.5,3.9,36.5
Bannerghatta Road,12.8802,77.5926,South,Apartment,1,480,9550,5978,6541,7420,8418,9550,12.6,No,8.1,5.9,45.9
JP Nagar,12.9038,77.5878,South,Builder Floor,3,1740,9100,6579,7000,7640,8338,9100,7.87,Yes,9.6,6.9,43.2
Anjanapura,12.8578,77.5716,South,Builder Floor,1,650,6050,4637,4878,5241,5631,6050,7.07,No,11.4,9.1,46
JP Nagar,12.9077,77.5806,South,Apartment,1,580,8900,6434,6846,7472,8155,8900,8.13,Yes,9.8,6.3,36.2
Hebbal,13.0335,77.5973,North,Apartment,4,2110,16050,10775,11630,12948,14416,16050,12.73,No,10.7,8.5,16.3
Frazer Town,12.9821,77.6169,Central,Apartment,2,1130,11950,9949,10302,10824,11373,11950,4.59,No,9.8,4.1,38.3
Sarjapur Road,12.8973,77.6858,East,Villa,3,1310,11100,6719,7400,8471,9697,11100,14.27,No,4.4,12.6,48.1
Rajajinagar,12.9918,77.5483,West,Apartment,2,1030,14550,11616,12125,12885,13692,14550,7.06,Yes,11.3,3.8,28
Indiranagar,12.9814,77.6429,East,Apartment,2,1290,19550,13125,14166,15772,17560,19550,9.75,Yes,6.4,4.1,39
Banashankari,12.9341,77.558,South,Apartment,2,950,8800,6884,7214,7708,8236,8800,7.38,Yes,11,5.2,41.3
Kanakapura Road,12.8664,77.5888,South,Apartment,1,480,8850,6106,6556,7246,8008,8850,9.28,Yes,8.5,7.7,46.7
Sarjapur Road,12.906,77.6827,East,Apartment,3,1380,11200,6779,7466,8547,9784,11200,15.7,No,4.6,11.5,48.1
Yelahanka,13.0977,77.594,North,Apartment,3,1390,10950,6263,6974,8106,9421,10950,16.26,No,22.2,5.3,12.7
Anjanapura,12.8571,77.5702,South,Builder Floor,2,850,6500,4982,5241,5631,6050,6500,6.35,No,12.9,9.7,45.9
Varthur,12.942,77.7452,East,Apartment,2,1250,7450,4913,5321,5953,6660,7450,13.61,No,3.3,13.5,40.5
Jayanagar,12.9231,77.5943,South,Villa,3,2120,15150,10648,11391,12527,13776,15150,11.4,Yes,9.1,3.9,41.8
Koramangala,12.9341,77.6261,South,Apartment,4,2490,23300,14586,15959,18105,20539,23300,14.7,No,4.7,5.4,34.3
Anjanapura,12.8557,77.5695,South,Builder Floor,2,900,6600,5059,5322,5718,6143,6600,7.75,No,12,9.5,48.1
Frazer Town,12.9729,77.6135,Central,Apartment,3,2100,12450,10365,10733,11277,11849,12450,5,No,11.1,3.7,36.5
HSR Layout,12.9119,77.6342,South,Builder Floor,3,1900,14550,8456,9387,10863,12572,14550,14.22,No,5.9,7.6,40
Marathahalli,12.9558,77.7047,East,Builder Floor,2,1340,9400,5935,6483,7338,8305,9400,12.47,No,3.2,9.9,38.3
Nagarbhavi,12.9673,77.5012,West,Villa,2,1000,6550,5338,5550,5865,6198,6550,5.02,No,16.5,6.5,38.2
MG Road,12.98,77.6011,Central,Villa,3,1630,16450,13408,13940,14731,15567,16450,6.35,Yes,12.7,3.2,37.4
Bannerghatta Road,12.883,77.5978,South,Villa,2,1170,9350,5853,6404,7265,8242,9350,12.32,No,8.5,6.8,46
KR Puram,13.0093,77.697,East,Apartment,2,1170,9350,4915,5565,6616,7865,9350,20.87,Yes,6.1,7.3,32.2
Nagarbhavi,12.9585,77.5043,West,Apartment,2,850,5900,4808,4999,5283,5583,5900,5.13,No,19.1,7.6,43.5
Anjanapura,12.8517,77.5717,South,Villa,3,1580,5750,4408,4637,4982,5352,5750,7.01,No,12.2,9.5,52.3
Richmond Town,12.9598,77.6039,Central,Apartment,2,1100,15650,12241,12828,13707,14646,15650,6.41,Yes,10.6,3,34.4
MG Road,12.9783,77.5962,Central,Villa,3,1440,15200,12389,12881,13612,14384,15200,5.11,Yes,12.3,3.1,31.7
Gottigere,12.8713,77.5956,South,Apartment,3,1550,7050,5196,5508,5980,6493,7050,8.42,No,10.3,9.2,45.4
Rajarajeshwari Nagar,12.9258,77.5027,West,Villa,2,1010,7700,5844,6160,6636,7148,7700,7.56,Yes,15.7,9.2,44.7
Anjanapura,12.855,77.5691,South,Apartment,1,520,6550,5021,5282,5675,6097,6550,8.3,No,12.1,10.8,50.9
Whitefield,12.9686,77.7549,East,Apartment,2,970,14400,6247,7347,9195,11507,14400,25.04,Yes,1.8,13.4,38.4
Thanisandra,13.0653,77.6305,North,Apartment,2,1200,9900,6251,6828,7728,8747,9900,11.81,No,12.7,7.5,18.3
Bellandur,12.9287,77.6804,East,Apartment,3,2000,13200,7860,8684,9985,11480,13200,13.58,No,3.6,10.4,43.4
JP Nagar,12.9056,77.581,South,Apartment,2,1100,9400,6796,7231,7892,8613,9400,9.12,Yes,8.2,6.4,38.1
Hoodi,12.9875,77.717,East,Apartment,1,640,10100,6545,7113,7995,8986,10100,12.7,Yes,3.8,12.9,41.3
Devanahalli,13.2435,77.7094,North,Builder Floor,1,570,8900,4785,5394,6374,7532,8900,18.35,No,27.4,8.3,8.1
KR Puram,13.0048,77.6969,East,Apartment,1,650,9650,5074,5745,6829,8118,9650,17.69,Yes,6.3,7.1,36
Indiranagar,12.9822,77.6431,East,Apartment,2,990,19750,13259,14311,15933,17739,19750,11.1,Yes,7.5,4.3,35.8
Indiranagar,12.9789,77.6451,East,Villa,2,1330,19450,13059,14095,15692,17470,19450,11.03,Yes,7.2,4.1,32.8
Koramangala,12.9336,77.6272,South,Apartment,4,2320,20900,13084,14315,16240,18423,20900,11.58,No,5.3,4.7,39.7
Jayanagar,12.9213,77.5932,South,Apartment,2,1170,15700,11034,11804,12981,14276,15700,9.32,Yes,9.2,3.5,42.1
Whitefield,12.9701,77.7527,East,Apartment,2,1150,13450,5835,6862,8588,10747,13450,26.42,Yes,2,14.8,41.8
Kanakapura Road,12.8677,77.5878,South,Apartment,2,1330,8650,5968,6408,7082,7827,8650,11.47,Yes,8.4,8.2,48.1
Banashankari,12.9356,77.5564,South,Apartment,2,870,8300,6493,6804,7270,7768,8300,7.79,Yes,10.5,4.8,37.7
RT Nagar,13.0165,77.5911,North,Apartment,2,1290,8050,6774,7000,7334,7684,8050,4.72,No,14,5.4,26.1
Frazer Town,12.9821,77.6185,Central,Builder Floor,2,1110,11800,9823,10172,10688,11230,11800,4.52,No,9.7,3.9,36.1
Richmond Town,12.9649,77.6037,Central,Villa,3,1530,15200,11889,12459,13313,14225,15200,6.34,Yes,11,2.7,35.2
Hulimavu,12.8965,77.6085,South,Builder Floor,1,460,6900,4989,5308,5793,6322,6900,8.68,No,6.9,8.7,46.3
Banashankari,12.9331,77.5568,South,Villa,2,920,9000,7039,7377,7883,8423,9000,6.02,Yes,9.7,5.2,38.7
Varthur,12.9425,77.7468,East,Builder Floor,3,1420,7050,4649,5035,5633,6302,7050,12.89,No,3.6,12.8,41.6
Kanakapura Road,12.8618,77.5815,South,Apartment,2,1290,8250,5692,6111,6754,7465,8250,9.83,Yes,8.5,7.8,45.9
JP Nagar,12.9054,77.584,South,Builder Floor,3,2020,9600,6940,7384,8059,8796,9600,9.46,Yes,8.4,6.2,36.2
Bannerghatta Road,12.8767,77.5974,South,Apartment,3,1930,10350,6479,7089,8042,9123,10350,13.64,No,8.4,7,44.7
Devanahalli,13.2461,77.715,North,Apartment,2,1070,9100,4893,5515,6517,7701,9100,16.18,No,30.6,8,8.4
Banashankari,12.9301,77.5508,South,Apartment,2,940,8500,6649,6968,7445,7955,8500,6.48,Yes,9.5,4.8,39.8
ITPL,12.986,77.7254,East,Apartment,3,1740,11050,7036,7673,8665,9785,11050,13.76,No,1.6,13,42.5
Hennur,13.0414,77.6436,North,Apartment,3,1880,8250,5539,5978,6656,7410,8250,10.12,No,11.3,7.7,21.6
Malleshwaram,13.0079,77.5664,North,Builder Floor,2,1300,13650,12413,12639,12967,13304,13650,2.62,Yes,14.2,3.3,26
Nagarbhavi,12.9638,77.5054,West,Apartment,1,690,5750,4687,4873,5149,5441,5750,6.1,No,17.3,7.4,42.9
HSR Layout,12.9105,77.6404,South,Villa,2,1020,14600,8485,9419,10901,12616,14600,14.32,No,5.4,8.3,40
Hoodi,12.9847,77.7152,East,Apartment,2,1240,11250,7290,7923,8905,10009,11250,11.92,Yes,4,12.9,40
Marathahalli,12.9596,77.7016,East,Apartment,2,1070,8650,5461,5965,6752,7642,8650,13.43,No,3.4,9.2,39.7
Hebbal,13.0349,77.5977,North,Villa,3,1500,15250,10239,11051,12304,13698,15250,11.31,No,9.8,8.1,16.8
Whitefield,12.9724,77.7531,East,Villa,3,1390,15250,6616,7780,9737,12186,15250,28.61,Yes,2,14.4,42.1
Richmond Town,12.9674,77.603,Central,Villa,2,1160,15450,12084,12664,13532,14459,15450,6.68,Yes,11.9,2.8,37.6
Gottigere,12.8724,77.5972,South,Apartment,1,620,6900,5086,5391,5853,6355,6900,9.31,No,9,8.9,42.2
Rajajinagar,12.9866,77.5566,West,Apartment,4,3000,14550,11616,12125,12885,13692,14550,6.59,Yes,13.5,4,30.5
Anjanapura,12.8603,77.5699,South,Apartment,1,690,6050,4637,4878,5241,5631,6050,8.25,No,12.2,9.5,45.4
Indiranagar,12.9784,77.6363,East,Apartment,2,900,19850,13327,14384,16014,17829,19850,11.36,Yes,7.4,4.1,39.2
Koramangala,12.9317,77.6248,South,Apartment,4,2200,22900,14336,15685,17794,20186,22900,12.94,No,5.2,5.5,34.3
Rajajinagar,12.9899,77.5547,West,Builder Floor,3,1620,13150,10498,10958,11645,12375,13150,6.58,Yes,11.7,4.4,31.9
RT Nagar,13.0192,77.586,North,Apartment,1,450,7950,6690,6913,7243,7588,7950,4.98,No,13.4,6,23.6
Varthur,12.9435,77.7498,East,Builder Floor,2,1190,7800,5144,5571,6232,6972,7800,12.21,No,3.2,12.8,40.7
Malleshwaram,13.007,77.5685,North,Apartment,4,2440,13350,12140,12361,12682,13012,13350,2.78,Yes,12.7,3.8,25.8
Rajajinagar,12.9899,77.5486,West,Builder Floor,3,2090,13450,10738,11209,11911,12657,13450,6.75,Yes,13.1,3.8,32.9
Marathahalli,12.957,77.7041,East,Apartment,2,1110,8900,5619,6138,6947,7863,8900,11.34,No,3.1,10.4,44
Gottigere,12.8702,77.6005,South,Apartment,1,470,6750,4975,5274,5726,6217,6750,8.29,No,10.7,9.8,43.8
Anjanapura,12.8565,77.5719,South,Apartment,2,880,6450,4945,5202,5589,6004,6450,7.98,No,12.4,9.6,47.2
Varthur,12.9506,77.7521,East,Apartment,3,1720,8050,5309,5750,6433,7196,8050,13.16,No,3.5,14.1,45.4
Banashankari,12.9258,77.5549,South,Builder Floor,2,1100,8150,6374,6680,7138,7627,8150,6.36,Yes,11.1,5.3,37.1
Thanisandra,13.0644,77.6303,North,Apartment,3,1550,10100,6377,6966,7884,8923,10100,14.45,No,12.7,6.7,20.7
RT Nagar,13.0214,77.5875,North,Builder Floor,3,1900,7250,6100,6304,6605,6920,7250,4.35,No,14.3,5.9,23.7
Malleshwaram,12.9997,77.5709,North,Builder Floor,3,1900,12850,11686,11899,12208,12525,12850,2.8,Yes,12.9,3.3,30.3
Hulimavu,12.8961,77.6173,South,Builder Floor,2,1220,6650,4807,5115,5583,6093,6650,9.18,No,8,7.5,47.4
Sarjapur Road,12.9041,77.6908,East,Builder Floor,4,2650,12550,7596,8366,9577,10963,12550,14.7,No,4.8,12.5,45.1
Banashankari,12.9318,77.5505,South,Apartment,2,1220,7850,6140,6435,6876,7347,7850,7.37,Yes,10.8,4.6,40
Yelahanka,13.1042,77.5962,North,Apartment,2,860,11200,6406,7134,8291,9636,11200,14.45,No,21.9,5.2,13.3
Hennur,13.0418,77.6376,North,Apartment,2,1260,7850,5270,5688,6333,7051,7850,11.54,No,10.8,7.8,22.4
Varthur,12.9474,77.751,East,Apartment,1,520,7100,4683,5072,5674,6347,7100,10.1,No,3.6,12.7,44.2
Hennur,13.0406,77.6359,North,Apartment,3,2100,8700,5841,6304,7019,7814,8700,10.1,No,10.5,7.4,21.6
KR Puram,13.006,77.6985,East,Apartment,3,1390,9800,5153,5834,6935,8244,9800,16.69,Yes,6.2,6.6,36.3
Indiranagar,12.9774,77.6368,East,Apartment,4,2560,20150,13529,14602,16257,18099,20150,12.44,Yes,6.8,4.1,34.2
Hennur,13.043,77.6434,North,Builder Floor,3,1460,8300,5572,6014,6696,7455,8300,11.69,No,12.3,7.9,21.6
Gottigere,12.8751,77.5978,South,Villa,1,490,6800,5011,5312,5768,6263,6800,7.32,No,9.9,8.7,45.1
Sarjapur Road,12.9048,77.6868,East,Apartment,2,1010,12500,7567,8333,9539,10920,12500,15.61,No,4.4,12.1,45.7
Electronic City,12.845,77.6559,South,Apartment,2,1000,6850,4252,4660,5298,6024,6850,12.38,No,0.8,18.1,53.3
Bellandur,12.925,77.6787,East,Apartment,3,1510,13100,7800,8618,9909,11393,13100,14.44,No,3.7,12,41.1
KR Puram,13.0083,77.7007,East,Apartment,1,450,9150,4811,5447,6475,7697,9150,19.29,Yes,7.1,7.2,33.2
Rajarajeshwari Nagar,12.9228,77.5084,West,Apartment,3,1340,7800,5920,6240,6722,7241,7800,8.8,Yes,15.2,8.7,39.1
Nagarbhavi,12.9638,77.5051,West,Builder Floor,2,1170,6050,4931,5127,5418,5725,6050,5.33,No,16.4,6.6,44.3
Indiranagar,12.9762,77.6372,East,Apartment,3,1450,18800,12622,13623,15167,16886,18800,9.84,Yes,7.2,4,34.5
Banashankari,12.9299,77.5491,South,Builder Floor,2,1070,7850,6140,6435,6876,7347,7850,6.27,Yes,10.7,4.9,35.5
Anjanapura,12.8525,77.5715,South,Apartment,2,1280,6500,4982,5241,5631,6050,6500,7.96,No,12.7,10.9,50.1
Bellandur,12.9208,77.6743,East,Apartment,3,1350,12950,7711,8520,9796,11263,12950,14.86,No,3.7,10.1,45.2
HSR Layout,12.9153,77.6362,South,Apartment,2,1200,12950,7526,8355,9669,11190,12950,13.67,No,5.3,7.6,42.3
Sarjapur Road,12.9053,77.6836,East,Apartment,3,1640,12800,7748,8533,9768,11182,12800,16.24,No,4.1,11.6,46.3
Jayanagar,12.9233,77.5972,South,Apartment,1,450,14200,9979,10676,11741,12912,14200,10.84,Yes,9.2,3.7,40.8
Thanisandra,13.056,77.629,North,Apartment,3,2090,9800,6187,6758,7649,8658,9800,14.27,No,11.2,6.5,21.4
Anjanapura,12.8525,77.5643,South,Apartment,2,1330,6600,5059,5322,5718,6143,6600,7.21,No,13.1,9.5,47.6
Kengeri,12.9153,77.489,West,Apartment,1,590,5950,4654,4877,5211,5568,5950,6.22,Yes,20.5,8.4,38.7
Devanahalli,13.2424,77.7114,North,Apartment,2,910,8550,4598,5183,6124,7236,8550,16.89,No,31.1,7.2,8.6
Indiranagar,12.9754,77.644,East,Villa,4,2350,18300,12286,13261,14764,16437,18300,11.96,Yes,6.5,4,33.8
KR Puram,13.0121,77.6969,East,Villa,2,930,10200,5362,6071,7217,8580,10200,20.44,Yes,7.1,6.4,31.8
Rajarajeshwari Nagar,12.9216,77.5023,West,Builder Floor,2,860,6950,5276,5561,5990,6452,6950,7.63,Yes,15,8.8,41.7
HSR Layout,12.9095,77.6376,South,Villa,4,3470,14950,8688,9645,11162,12918,14950,13.97,No,5.5,7.2,38.6
Anjanapura,12.8547,77.565,South,Apartment,3,2200,6350,4868,5121,5502,5911,6350,8.54,No,11.1,9.2,45.8
Nagarbhavi,12.9642,77.5028,West,Apartment,2,1100,6400,5216,5423,5731,6056,6400,4.97,No,17.7,6.8,40.1
Bellandur,12.9302,77.6744,East,Apartment,3,2150,12000,7146,7895,9077,10437,12000,16.86,No,4.1,11.8,47.4
KR Puram,13.007,77.6974,East,Apartment,2,930,9650,5074,5745,6829,8118,9650,20.6,Yes,6.6,6.7,33.8
Yelahanka,13.0986,77.5926,North,Builder Floor,3,2080,10050,5748,6401,7440,8647,10050,15.66,No,20.4,5.2,12.2
Kanakapura Road,12.867,77.5893,South,Builder Floor,3,2010,8400,5795,6222,6877,7600,8400,10.83,Yes,7.3,7.6,47.2
Marathahalli,12.9575,77.6967,East,Apartment,2,1310,9750,6156,6724,7611,8614,9750,11.54,No,3.3,11,37.9
Devanahalli,13.2416,77.7146,North,Apartment,3,2090,9650,5189,5849,6911,8166,9650,20.09,No,27.8,7.8,8
Indiranagar,12.9795,77.6452,East,Villa,2,1250,19200,12889,13912,15489,17245,19200,10.39,Yes,7.3,4.2,33.4
Hoodi,12.9798,77.7168,East,Apartment,3,2150,10900,7063,7676,8628,9698,10900,13.12,Yes,3.7,11.9,41.5
Anjanapura,12.8512,77.5699,South,Apartment,2,880,6600,5059,5322,5718,6143,6600,7.77,No,12.1,10.1,51.4
Bannerghatta Road,12.8799,77.5988,South,Apartment,3,1560,10000,6260,6849,7770,8815,10000,13.49,No,7.9,6,46.3
Hoodi,12.9797,77.7197,East,Apartment,2,1150,10050,6512,7077,7955,8941,10050,11.7,Yes,4.2,12,34.3
Whitefield,12.9691,77.7501,East,Apartment,2,1290,13450,5835,6862,8588,10747,13450,23.08,Yes,2.1,15.6,44.8
Varthur,12.944,77.7528,East,Apartment,2,1140,7750,5111,5536,6193,6928,7750,11.22,No,3.4,12.5,39.4
Thanisandra,13.0599,77.6292,North,Apartment,3,1840,9900,6251,6828,7728,8747,9900,12.09,No,12.3,6.6,20.9
Indiranagar,12.9796,77.6442,East,Apartment,3,1780,18350,12320,13297,14804,16482,18350,10.97,Yes,6.5,4.5,33.4
RT Nagar,13.0154,77.5934,North,Builder Floor,1,580,7850,6605,6826,7152,7493,7850,4.48,No,12.4,5,25.1
Gottigere,12.8747,77.5999,South,Apartment,2,1110,6600,4865,5157,5599,6079,6600,9.82,No,10.8,9.8,43
Electronic City,12.8443,77.6606,South,Builder Floor,2,1100,6900,4283,4694,5337,6068,6900,13.72,No,0.9,17.5,51.2
Gottigere,12.8706,77.594,South,Apartment,2,1080,7000,5159,5469,5938,6447,7000,9.72,No,10.5,9.3,47.9
Varthur,12.942,77.7494,East,Apartment,2,1050,7300,4814,5214,5833,6525,7300,12.26,No,3.3,13.9,44.1
Bannerghatta Road,12.8773,77.5992,South,Apartment,2,1310,9900,6198,6781,7693,8727,9900,11.84,No,8,6.1,44.2
Nagarbhavi,12.9583,77.504,West,Apartment,2,1210,6350,5176,5381,5686,6009,6350,4.96,No,18.8,7.8,44.8
Thanisandra,13.0572,77.6237,North,Apartment,3,1540,9550,6030,6587,7455,8438,9550,14.79,No,12.6,6.4,18.9
Kanakapura Road,12.8595,77.5822,South,Builder Floor,1,580,8300,5726,6148,6795,7510,8300,9.62,Yes,7.7,8.4,44.3
RT Nagar,13.0191,77.5864,North,Apartment,1,700,7400,6227,6435,6742,7063,7400,5.14,No,12.8,5.8,23.7
JP Nagar,12.9099,77.5858,South,Builder Floor,3,1860,9300,6723,7153,7807,8521,9300,8.48,Yes,8.1,6.6,38.7
JP Nagar,12.9034,77.5853,South,Apartment,3,1750,9550,6904,7346,8017,8750,9550,8.02,Yes,8.7,6.6,42.7
ITPL,12.9865,77.7235,East,Apartment,3,1820,10550,6719,7327,8274,9343,10550,12.37,No,1.6,14.1,39.8
Whitefield,12.9655,77.7521,East,Apartment,3,2160,14400,6247,7347,9195,11507,14400,23.02,Yes,1.8,15.8,46
Richmond Town,12.9589,77.6035,Central,Villa,2,1030,15300,11968,12542,13401,14319,15300,5.97,Yes,10.7,3,33.4
Richmond Town,12.9643,77.6036,Central,Apartment,2,1240,14100,11029,11558,12350,13196,14100,5.94,Yes,10.4,2.9,36
Gottigere,12.8695,77.5952,South,Apartment,2,1210,7100,5232,5546,6022,6539,7100,8.94,No,10.7,8.7,45.4
KR Puram,13.0045,77.6932,East,Apartment,1,630,9050,4758,5387,6404,7613,9050,18.79,Yes,6.7,7.3,35.7
Hoodi,12.9857,77.7162,East,Apartment,3,1950,11000,7128,7747,8707,9787,11000,12.5,Yes,3.8,13,40.3
Koramangala,12.9311,77.6293,South,Apartment,3,2080,23600,14775,16165,18338,20803,23600,12.35,No,5,5.2,35.7
Rajajinagar,12.9879,77.5482,West,Apartment,1,500,13050,10419,10876,11557,12281,13050,5.92,Yes,12.3,3.7,29.1
Bannerghatta Road,12.8801,77.5941,South,Builder Floor,2,1310,9900,6198,6781,7693,8727,9900,15.3,No,7.8,6,39.2
Kanakapura Road,12.8585,77.5811,South,Apartment,2,1290,8900,6140,6592,7286,8053,8900,10.38,Yes,7.2,7.4,45.2
Indiranagar,12.9772,77.6431,East,Villa,3,1480,20950,14064,15180,16901,18817,20950,12.4,Yes,7.1,4.5,36.8
Richmond Town,12.9612,77.6006,Central,Apartment,2,1340,15100,11811,12378,13226,14132,15100,6.63,Yes,10.6,2.9,33.7
Kengeri,12.9168,77.4813,West,Apartment,2,1230,6100,4771,5000,5343,5709,6100,7.04,Yes,19.9,9.4,43.8
Rajarajeshwari Nagar,12.9253,77.5118,West,Builder Floor,2,1040,6900,5237,5520,5946,6405,6900,8.29,Yes,15.9,7.9,40.2
Electronic City,12.8469,77.656,South,Apartment,2,880,6750,4190,4592,5221,5937,6750,12.72,No,0.8,17.2,60.5
Koramangala,12.9387,77.6255,South,Apartment,4,2770,22250,13929,15240,17289,19613,22250,14.54,No,5.2,4.7,39.1
Electronic City,12.8496,77.6621,South,Builder Floor,3,1460,7350,4562,5000,5685,6464,7350,12.53,No,0.9,16.9,49.9
Thanisandra,13.0631,77.6296,North,Apartment,1,660,9600,6062,6621,7494,8482,9600,14.27,No,10.8,6.7,19.7
Bellandur,12.9221,77.6796,East,Builder Floor,2,970,12900,7682,8487,9758,11220,12900,13.36,No,3.7,11.1,44.7
Indiranagar,12.9766,77.6428,East,Apartment,3,1930,19850,13327,14384,16014,17829,19850,11.47,Yes,6.6,4,32.8
Bellandur,12.9208,77.6734,East,Villa,3,1500,12350,7354,8125,9342,10741,12350,15.53,No,3.6,11.7,44.2
Hebbal,13.0389,77.5994,North,Apartment,3,1890,15550,10440,11268,12545,13967,15550,11.48,No,9.7,7.9,19.5
Jayanagar,12.9228,77.5943,South,Apartment,2,1300,14200,9979,10676,11741,12912,14200,10.54,Yes,9.1,3.6,41.2
Hoodi,12.98,77.7142,East,Apartment,1,450,10000,6481,7043,7916,8897,10000,12.69,Yes,3.9,13.1,34.4
Electronic City,12.8477,77.6616,South,Builder Floor,2,1180,6950,4313,4727,5375,6112,6950,12.96,No,0.7,17.8,52.9
Hoodi,12.9879,77.7208,East,Apartment,2,1350,9800,6350,6901,7757,8719,9800,14.24,Yes,4.2,11.6,41.3
HSR Layout,12.9123,77.6429,South,Apartment,3,2000,14350,8341,9259,10715,12400,14350,17.44,No,5.5,7.5,38.7
Koramangala,12.9338,77.6263,South,Apartment,4,3190,22150,13866,15171,17211,19525,22150,11.59,No,4.9,4.6,36.7
ITPL,12.9821,77.7311,East,Villa,4,2860,10250,6527,7118,8038,9077,10250,13.23,No,1.5,14.6,37.1
KR Puram,13.0078,77.6957,East,Apartment,3,1460,9950,5232,5923,7041,8370,9950,16.82,Yes,6.1,7.1,32.3
Hennur,13.0383,77.6369,North,Builder Floor,2,850,8450,5673,6123,6817,7590,8450,10.37,No,11.3,7,20
Devanahalli,13.2495,77.7131,North,Builder Floor,2,1170,9500,5107,5757,6803,8039,9500,16.33,No,30.7,8.1,8.4
Koramangala,12.9381,77.6285,South,Apartment,3,1590,20350,12739,13938,15812,17938,20350,13.66,No,5.4,5.5,38.6
Hennur,13.0409,77.6367,North,Apartment,2,1200,8100,5438,5869,6534,7275,8100,12.27,No,11.8,8.1,24
JP Nagar,12.9068,77.5857,South,Builder Floor,2,1320,9150,6616,7039,7682,8384,9150,7.87,Yes,9,6.9,37.3
JP Nagar,12.9074,77.586,South,Builder Floor,2,1270,9700,7013,7462,8144,8888,9700,9.8,Yes,8.4,7.1,40.4
Koramangala,12.9324,77.6282,South,Villa,4,2100,22500,14085,15411,17483,19833,22500,12.26,No,4.7,4.7,38.2
Marathahalli,12.9548,77.7028,East,Builder Floor,3,2180,8600,5430,5931,6713,7598,8600,14.89,No,2.8,10.6,39.4
Yelahanka,13.0971,77.5971,North,Apartment,2,1260,10800,6177,6879,7995,9292,10800,16.96,No,20.5,4.8,12.5
KR Puram,13.0112,77.6952,East,Builder Floor,3,2160,10200,5362,6071,7217,8580,10200,21.4,Yes,6.6,6.3,36.9
Indiranagar,12.9772,77.6403,East,Apartment,4,3060,20750,13932,15037,16741,18638,20750,9.66,Yes,6.9,3.9,39.5
Hennur,13.0387,77.6377,North,Apartment,2,920,8150,5472,5906,6575,7320,8150,10.49,No,11.2,7.9,21.9
Devanahalli,13.2516,77.7094,North,Builder Floor,1,620,9550,5135,5788,6839,8082,9550,19.48,No,27.3,8.7,8.5
HSR Layout,12.9087,77.6386,South,Builder Floor,2,930,13800,8020,8903,10303,11924,13800,13.78,No,6.2,7.7,46.2
Malleshwaram,13.0076,77.567,North,Apartment,2,1130,13750,12505,12732,13063,13402,13750,2.95,Yes,14.6,3.3,29.9
KR Puram,13.0049,77.6965,East,Builder Floor,3,1580,10100,5310,6012,7147,8496,10100,21.7,Yes,7,6.9,32.3
Malleshwaram,13.0061,77.5678,North,Villa,3,2090,14050,12777,13009,13347,13694,14050,2.68,Yes,14.3,3.5,29.3
Koramangala,12.9322,77.625,South,Apartment,2,1300,23150,14492,15856,17988,20406,23150,14.49,No,4.9,4.8,36.7
Hoodi,12.9843,77.7155,East,Builder Floor,3,1410,11250,7290,7923,8905,10009,11250,13.18,Yes,4.1,13.1,35.6
RT Nagar,13.0195,77.5902,North,Apartment,2,1010,7300,6143,6348,6651,6968,7300,4.08,No,14.2,6,23.8
Rajajinagar,12.986,77.557,West,Builder Floor,2,1160,14450,11535,12041,12796,13598,14450,6.74,Yes,13.6,4.1,28.3
Rajajinagar,12.9903,77.5512,West,Builder Floor,2,1340,13050,10419,10876,11557,12281,13050,5.54,Yes,13.1,3.8,33.4
Indiranagar,12.9826,77.6455,East,Villa,2,850,18850,12655,13659,15207,16931,18850,11.68,Yes,7.6,4.1,39.6
Manyata Tech Park,13.0452,77.6237,North,Builder Floor,2,1330,11900,7847,8499,9508,10637,11900,12.87,No,0.5,7.6,20.6
Hennur,13.0395,77.6427,North,Apartment,3,1590,9150,6144,6631,7382,8219,9150,10.05,No,11.8,6.8,20.8
Bellandur,12.9278,77.6797,East,Apartment,3,1520,13150,7830,8651,9947,11437,13150,12.83,No,3.6,11.2,39.9
Jayanagar,12.9266,77.5981,South,Apartment,3,1840,16250,11421,12218,13436,14776,16250,11.23,Yes,9.7,3.5,36.3
Frazer Town,12.9773,77.6186,Central,Apartment,4,2190,11200,9323,9654,10144,10659,11200,4.53,No,10.6,3.6,35.7
Kanakapura Road,12.8604,77.5904,South,Apartment,2,1280,7850,5416,5815,6427,7103,7850,11.78,Yes,7.8,7.7,48.2
RT Nagar,13.0245,77.5899,North,Apartment,2,910,7900,6647,6869,7197,7540,7900,4.53,No,14,5.5,25
KR Puram,13.0033,77.7017,East,Apartment,1,600,9650,5074,5745,6829,8118,9650,19.11,Yes,6.6,6.3,36.4
Jayanagar,12.9223,77.5889,South,Apartment,2,1120,14500,10191,10902,11989,13185,14500,9.35,Yes,10.3,4.1,38.3
Hulimavu,12.8912,77.6088,South,Apartment,2,1100,7100,5133,5461,5960,6505,7100,8.01,No,7.2,8.2,42
Marathahalli,12.9561,77.6974,East,Apartment,3,1330,8850,5587,6103,6908,7819,8850,13.48,No,3.2,10,42.2
Nagarbhavi,12.9643,77.5074,West,Apartment,3,1500,6550,5338,5550,5865,6198,6550,6.25,No,17.5,7.1,45.7
Devanahalli,13.2444,77.7185,North,Apartment,3,1950,8800,4731,5333,6302,7447,8800,16.93,No,31.3,7.9,7.4
RT Nagar,13.0216,77.5858,North,Apartment,2,910,7400,6227,6435,6742,7063,7400,5.36,No,13.7,5,23.4
Electronic City,12.8488,77.6618,South,Apartment,1,550,6950,4313,4727,5375,6112,6950,14.95,No,0.7,17.8,53.9
Frazer Town,12.976,77.6116,Central,Apartment,2,1140,12050,10031,10387,10914,11468,12050,4.39,No,10.3,4,35.6
Koramangala,12.9388,77.6199,South,Apartment,3,1740,20650,12927,14144,16046,18203,20650,11.72,No,4.9,5.3,37.7
Malleshwaram,13.0007,77.5695,North,Villa,2,1260,13150,11958,12176,12492,12817,13150,2.35,Yes,14.2,3.8,30.6
Richmond Town,12.9617,77.6035,Central,Apartment,2,1100,13350,10442,10943,11693,12494,13350,6.18,Yes,10.4,2.9,35.1
Gottigere,12.8729,77.596,South,Builder Floor,1,620,7200,5306,5625,6107,6631,7200,8.66,No,9.2,9.7,41.6
Anjanapura,12.8568,77.57,South,Apartment,3,1600,5850,4484,4717,5068,5445,5850,7.85,No,12.7,10.3,43.8
Anjanapura,12.8514,77.5739,South,Apartment,2,1280,6050,4637,4878,5241,5631,6050,7.74,No,11.3,10.4,43.3
Koramangala,12.9346,77.6281,South,Apartment,2,980,23600,14775,16165,18338,20803,23600,13.25,No,5.3,5.2,39.9
Whitefield,12.9704,77.7473,East,Villa,1,640,13150,5706,6710,8397,10508,13150,22.91,Yes,2,15.8,43.8
Nagarbhavi,12.9603,77.4986,West,Apartment,2,1060,6100,4973,5170,5463,5773,6100,4.99,No,16.8,6.8,44.1
KR Puram,13.0123,77.7,East,Builder Floor,1,610,10000,5257,5952,7076,8412,10000,21.58,Yes,7,6.3,38.4
Bannerghatta Road,12.8835,77.5936,South,Builder Floor,3,1310,9850,6167,6747,7654,8683,9850,14.3,No,9,5.9,42.8
Gottigere,12.8755,77.5973,South,Apartment,3,1980,7300,5380,5703,6192,6723,7300,9.66,No,10.6,9.3,45.4
Yelahanka,13.1019,77.6001,North,Builder Floor,2,1100,11150,6378,7102,8254,9593,11150,14.91,No,20.5,5.3,11.9
Frazer Town,12.9814,77.6197,Central,Villa,3,1360,11600,9657,10000,10507,11040,11600,4.74,No,10.8,4.2,36.9
Rajajinagar,12.9907,77.552,West,Apartment,2,1030,14200,11337,11834,12575,13363,14200,7.08,Yes,13.4,4.4,27.9
Bannerghatta Road,12.8787,77.5981,South,Builder Floor,3,2090,9800,6136,6713,7615,8639,9800,14.15,No,8.7,6.1,40.4
ITPL,12.9825,77.7308,East,Apartment,4,2570,10150,6463,7048,7959,8988,10150,11.71,No,1.6,12.9,40.3
Thanisandra,13.0593,77.6288,North,Apartment,2,970,9450,5966,6517,7376,8349,9450,11.35,No,11.6,6.7,19.7
Jayanagar,12.9215,77.5916,South,Apartment,4,2490,16300,11456,12256,13478,14822,16300,10.77,Yes,8.7,4.2,41
HSR Layout,12.9098,77.6371,South,Apartment,2,1120,13700,7962,8839,10229,11838,13700,14.16,No,5.2,7.3,43.9
Frazer Town,12.9749,77.6168,Central,Apartment,3,1860,12150,10116,10475,11006,11564,12150,5.14,No,9.7,3.6,39
Frazer Town,12.9763,77.6162,Central,Apartment,3,2070,11750,9782,10129,10643,11183,11750,4.53,No,10.9,4.1,34.4
Kengeri,12.9118,77.484,West,Apartment,2,990,5550,4341,4549,4861,5194,5550,7.02,Yes,18.3,9.1,39.7
MG Road,12.9805,77.6022,Central,Apartment,4,3070,15100,12307,12796,13522,14289,15100,6.22,Yes,13,3.3,34.4
Hulimavu,12.8918,77.6164,South,Apartment,3,2020,7750,5603,5961,6506,7101,7750,9.29,No,7.6,8.6,46.9
Yelahanka,13.0978,77.5984,North,Builder Floor,1,660,9900,5663,6306,7329,8518,9900,14.39,No,23.7,5,13.5
Jayanagar,12.9259,77.5962,South,Builder Floor,2,1170,14200,9979,10676,11741,12912,14200,9.58,Yes,10.2,3.8,36.4
ITPL,12.9877,77.7302,East,Apartment,3,1600,11850,7546,8229,9293,10494,11850,12.88,No,1.6,13,40.8
Nagarbhavi,12.9638,77.5015,West,Villa,3,2130,6550,5338,5550,5865,6198,6550,5.66,No,18.1,6.8,41.3
Richmond Town,12.9632,77.5972,Central,Villa,2,1080,14300,11185,11722,12525,13383,14300,7.3,Yes,11.4,2.9,38
Rajajinagar,12.9872,77.5561,West,Builder Floor,2,1040,12900,10297,10749,11423,12139,12900,6.59,Yes,12,4.2,30.9
Kanakapura Road,12.8586,77.5819,South,Apartment,1,550,8600,5933,6370,7040,7781,8600,9.88,Yes,8.7,8.7,48.4
Hulimavu,12.898,77.6148,South,Villa,2,890,7500,5423,5770,6297,6872,7500,8.68,No,8.2,8.7,40.8
Electronic City,12.847,77.6626,South,Builder Floor,2,870,7700,4780,5238,5956,6772,7700,14.27,No,0.8,17.8,57.8
Banashankari,12.9306,77.5557,South,Villa,1,690,8250,6453,6763,7226,7721,8250,7.2,Yes,10.5,4.5,34.4
Kengeri,12.9177,77.4874,West,Apartment,1,620,6050,4732,4959,5299,5662,6050,7.73,Yes,20,8.1,42.4
Hulimavu,12.8952,77.6124,South,Builder Floor,1,650,7700,5567,5923,6464,7055,7700,9.74,No,7.6,7.4,46.5
Gottigere,12.8754,77.6037,South,Apartment,3,2010,6650,4901,5195,5641,6125,6650,9.28,No,10.4,8.7,45
Marathahalli,12.96,77.7032,East,Apartment,3,2080,9900,6251,6828,7728,8747,9900,14.95,No,3.3,9.6,42
Electronic City,12.8495,77.6606,South,Apartment,3,1390,7250,4500,4932,5608,6376,7250,11.76,No,0.8,17.7,50.3
Hebbal,13.0366,77.5928,North,Villa,1,660,15050,10104,10906,12142,13518,15050,11.11,No,10.2,8.5,18.3
Hebbal,13.0305,77.5954,North,Villa,1,520,15200,10205,11015,12263,13653,15200,11.8,No,10.9,8.3,16.9
Hebbal,13.0314,77.5996,North,Apartment,4,2040,16900,11347,12247,13635,15180,16900,10.34,No,10.8,7.4,17.7
Nagarbhavi,12.9656,77.5036,West,Villa,2,1120,5950,4850,5043,5329,5631,5950,6.48,No,18.7,7.2,41.6
Marathahalli,12.9574,77.7016,East,Apartment,2,1000,9850,6219,6793,7689,8703,9850,13.92,No,2.8,10.1,40
Frazer Town,12.9781,77.6111,Central,Apartment,3,1680,12000,9990,10345,10870,11421,12000,4.39,No,10.3,4,35.2
Frazer Town,12.9759,77.6194,Central,Apartment,3,1950,12400,10323,10689,11231,11801,12400,4.37,No,9.7,4.1,32.6
Kanakapura Road,12.8648,77.5845,South,Builder Floor,3,1940,7850,5416,5815,6427,7103,7850,9.52,Yes,8.2,8.4,49
Bannerghatta Road,12.8835,77.5971,South,Apartment,3,1400,10250,6416,7020,7964,9035,10250,12.79,No,7.6,6,44.6
Thanisandra,13.0556,77.6266,North,Apartment,2,1220,8950,5650,6172,6986,7907,8950,11.63,No,11.5,7.5,19.9
Marathahalli,12.963,77.7019,East,Apartment,2,1050,9850,6219,6793,7689,8703,9850,13.48,No,2.8,9.7,37.9
Thanisandra,13.0626,77.6257,North,Apartment,2,980,9400,5935,6483,7338,8305,9400,13.5,No,13.2,6.8,19.7
Malleshwaram,13.0027,77.5713,North,Apartment,4,2910,13100,11913,12130,12445,12768,13100,2.33,Yes,14.6,3.4,25.8
JP Nagar,12.906,77.5808,South,Villa,3,1660,9900,7157,7615,8311,9071,9900,9.34,Yes,9.8,7,43.4
Hulimavu,12.8935,77.614,South,Apartment,2,1080,7750,5603,5961,6506,7101,7750,8.04,No,7.6,8.6,40
Hoodi,12.9846,77.7187,East,Apartment,1,630,9800,6350,6901,7757,8719,9800,14.13,Yes,4.4,11.6,40.7
Varthur,12.9498,77.7466,East,Apartment,3,1780,7600,5013,5429,6073,6794,7600,12.8,No,3.2,12.9,45.6
Richmond Town,12.9632,77.6061,Central,Villa,1,640,13550,10599,11107,11868,12681,13550,6.6,Yes,11.8,3,31.7
Malleshwaram,12.9995,77.5667,North,Builder Floor,3,1430,13450,12231,12453,12777,13109,13450,2.24,Yes,14,3.6,29.5
Rajajinagar,12.9882,77.5564,West,Villa,2,1170,12600,10059,10500,11158,11857,12600,6.69,Yes,13.2,4.2,28.8
Sarjapur Road,12.897,77.6811,East,Villa,1,460,12350,7476,8233,9425,10789,12350,14.66,No,4.8,12,41.5
MG Road,12.9707,77.6027,Central,Apartment,3,1610,16000,13041,13559,14328,15141,16000,5.13,Yes,11.6,3.4,36.6
Yelahanka,13.0993,77.5971,North,Apartment,2,1090,10200,5834,6497,7551,8776,10200,16.97,No,23.1,5.5,12.5
Nagarbhavi,12.9634,77.5074,West,Apartment,1,680,6500,5299,5509,5821,6151,6500,6.02,No,19,7.7,42.1
Varthur,12.9445,77.7451,East,Apartment,3,1430,7200,4748,5143,5753,6436,7200,12.74,No,3.6,12.1,38.7
Hennur,13.0362,77.6382,North,Apartment,3,1990,8750,5874,6340,7059,7859,8750,9.64,No,10.4,7.2,21.2
Yelahanka,13.1029,77.5987,North,Apartment,4,2100,10500,6006,6688,7773,9034,10500,16.87,No,24.1,5.1,12
Marathahalli,12.9542,77.6993,East,Builder Floor,1,580,9800,6187,6758,7649,8658,9800,14.39,No,3.1,10.3,43.6
ITPL,12.9901,77.7275,East,Apartment,3,1770,11200,7133,7778,8783,9918,11200,14.35,No,1.6,14.5,36.7
MG Road,12.9719,77.601,Central,Apartment,1,550,15200,12389,12881,13612,14384,15200,6.49,Yes,11.5,2.8,36.3
KR Puram,13.003,77.6993,East,Apartment,2,1180,9900,5205,5893,7005,8328,9900,19.98,Yes,5.9,7,33.6
Marathahalli,12.9622,77.7052,East,Builder Floor,2,1230,9700,6125,6690,7572,8570,9700,15.04,No,2.9,10.1,39.8
JP Nagar,12.906,77.5805,South,Villa,2,1120,8800,6362,6769,7388,8063,8800,8.32,Yes,9.7,6.5,42.3
Electronic City,12.8477,77.6552,South,Apartment,2,940,7550,4686,5136,5840,6640,7550,13.39,No,0.8,19.1,51.1
HSR Layout,12.9081,77.6397,South,Apartment,2,1220,13650,7933,8807,10192,11795,13650,17.5,No,5.3,8.3,44.2
Sarjapur Road,12.8968,77.687,East,Builder Floor,4,3430,12800,7748,8533,9768,11182,12800,14.9,No,4.7,12.6,47
Whitefield,12.9711,77.7533,East,Apartment,3,1320,15300,6638,7806,9769,12226,15300,23.02,Yes,2,14.1,44.9
Koramangala,12.9389,77.625,South,Apartment,4,3030,22950,14367,15719,17832,20230,22950,14.01,No,5.5,5.4,40
Nagarbhavi,12.9584,77.5057,West,Apartment,2,1020,6200,5053,5254,5552,5867,6200,6.42,No,17.1,6.6,40.9
Rajarajeshwari Nagar,12.9196,77.512,West,Builder Floor,1,680,7750,5881,6199,6678,7194,7750,8.39,Yes,13.9,8.4,38.8
HSR Layout,12.9151,77.641,South,Apartment,4,2210,13650,7933,8807,10192,11795,13650,17.86,No,5.7,8.3,45.3
JP Nagar,12.9067,77.5825,South,Apartment,1,650,10000,7230,7693,8396,9163,10000,8.76,Yes,9.2,6.5,43.9
Rajajinagar,12.9874,77.5567,West,Villa,3,1620,13000,10378,10833,11512,12233,13000,5.75,Yes,12.4,3.8,32.2
Sarjapur Road,12.8978,77.6879,East,Apartment,3,2070,11150,6749,7433,8509,9740,11150,12.99,No,4.9,11.7,45
JP Nagar,12.9053,77.584,South,Builder Floor,2,1310,9900,7157,7615,8311,9071,9900,9.01,Yes,9.2,6.9,41.7
Rajarajeshwari Nagar,12.9226,77.5111,West,Builder Floor,2,1050,7850,5958,6280,6765,7287,7850,7.47,Yes,15.9,9,38.7
Anjanapura,12.8519,77.5678,South,Apartment,3,1770,5800,4446,4677,5025,5399,5800,7.67,No,11,10.2,52.5
Thanisandra,13.0595,77.6228,North,Apartment,2,1170,8800,5556,6069,6869,7775,8800,14.42,No,12.5,6.5,20.8
Bellandur,12.9276,77.6792,East,Apartment,3,1840,13100,7800,8618,9909,11393,13100,16.8,No,3.5,9.9,46.4
Kanakapura Road,12.8622,77.5866,South,Apartment,1,610,8600,5933,6370,7040,7781,8600,10.28,Yes,8.8,7.7,45
Marathahalli,12.9591,77.7038,East,Apartment,3,1560,9550,6030,6587,7455,8438,9550,13.72,No,3.1,10.6,43.9
Marathahalli,12.9556,77.7052,East,Apartment,2,1230,9300,5872,6414,7260,8217,9300,12.14,No,3.3,10.6,37
Thanisandra,13.0626,77.6264,North,Apartment,1,650,9500,5997,6551,7415,8393,9500,12.16,No,12.4,6.9,21.6
Malleshwaram,13.0079,77.5729,North,Apartment,3,2130,13050,11867,12083,12397,12719,13050,2.4,Yes,13,3.5,27.9
Whitefield,12.9714,77.754,East,Villa,2,1220,14500,6291,7398,9258,11586,14500,22.97,Yes,2,14.1,44.7
HSR Layout,12.9123,77.6387,South,Apartment,2,1070,14850,8631,9581,11088,12832,14850,16.6,No,5.9,7.8,39.5
Malleshwaram,13.0052,77.5694,North,Apartment,3,1640,13850,12595,12824,13157,13499,13850,2.73,Yes,15.1,3.3,29.7
Devanahalli,13.246,77.7152,North,Apartment,2,1110,8750,4706,5304,6267,7405,8750,18.19,No,30.3,7.9,8
Sarjapur Road,12.898,77.6853,East,Apartment,3,1560,12850,7779,8567,9807,11226,12850,13.21,No,4.7,11.6,44.5
Devanahalli,13.2458,77.7191,North,Builder Floor,2,850,8550,4598,5183,6124,7236,8550,18.83,No,31.6,7.5,8.8
Hulimavu,12.8954,77.6112,South,Apartment,3,1570,6700,4844,5154,5625,6139,6700,8.35,No,7.4,7.5,39.9
ITPL,12.9882,77.7226,East,Builder Floor,2,940,11050,7036,7673,8665,9785,11050,14.21,No,1.6,12.3,36.6
Marathahalli,12.9639,77.697,East,Apartment,1,490,9950,6282,6862,7767,8791,9950,12.82,No,3.4,9.2,42.9
Sarjapur Road,12.8968,77.6824,East,Apartment,2,1310,12600,7627,8400,9616,11007,12600,14.19,No,4.4,11.9,44.9
KR Puram,13.0089,77.6937,East,Apartment,3,1350,9650,5074,5745,6829,8118,9650,21.15,Yes,6.7,6.5,36.9
RT Nagar,13.0231,77.5885,North,Builder Floor,2,990,7200,6058,6260,6559,6872,7200,4.38,No,12.4,5.2,23.1
Rajajinagar,12.9934,77.5525,West,Builder Floor,1,580,12950,10338,10791,11467,12186,12950,5.37,Yes,13.6,4.2,31.8
Whitefield,12.9649,77.7537,East,Builder Floor,3,1630,14800,6421,7551,9450,11826,14800,28.33,Yes,1.9,14.2,40.3
Richmond Town,12.9669,77.5968,Central,Apartment,3,1540,15550,12163,12746,13620,14553,15550,7.53,Yes,10.4,2.5,37.6
Malleshwaram,13.0057,77.5748,North,Apartment,3,1980,13800,12549,12777,13109,13450,13800,2.8,Yes,14.9,3.5,28.6
Indiranagar,12.9799,77.6361,East,Apartment,3,1720,19200,12889,13912,15489,17245,19200,13.01,Yes,6.6,4.4,34.6
Sarjapur Road,12.8976,77.6812,East,Apartment,3,1470,12500,7567,8333,9539,10920,12500,12.4,No,4.5,12,44.4
Kengeri,12.9195,77.4821,West,Apartment,1,600,6050,4732,4959,5299,5662,6050,6.92,Yes,21.6,9.5,40.6
Electronic City,12.8411,77.66,South,Apartment,1,490,7300,4531,4966,5646,6420,7300,12.67,No,0.8,17.1,55.3
Hebbal,13.032,77.593,North,Villa,3,1990,15200,10205,11015,12263,13653,15200,12.38,No,10.1,7.9,18.9
Kengeri,12.9143,77.4897,West,Builder Floor,2,920,5500,4302,4508,4817,5147,5500,7.55,Yes,20.2,8.4,46.5
Kanakapura Road,12.8657,77.5868,South,Apartment,2,960,9050,6244,6704,7409,8188,9050,9.75,Yes,8.5,7.5,44.7
Bannerghatta Road,12.8742,77.5988,South,Apartment,1,620,9650,6041,6609,7498,8506,9650,12.94,No,8.4,6.9,45.8
Whitefield,12.9736,77.7537,East,Apartment,3,1680,13550,5878,6913,8651,10827,13550,23.88,Yes,1.9,15.7,41.8
Hoodi,12.9819,77.7149,East,Apartment,3,1800,10800,6999,7606,8549,9609,10800,13.89,Yes,4.4,11.9,39
Yelahanka,13.1007,77.5959,North,Apartment,3,1440,9700,5549,6179,7181,8346,9700,17.04,No,21.5,4.9,11.1
Bannerghatta Road,12.8771,77.6005,South,Apartment,2,1230,10250,6416,7020,7964,9035,10250,12.22,No,8,6.2,46.7
Koramangala,12.9322,77.6209,South,Apartment,3,1880,22000,13773,15069,17095,19393,22000,15.46,No,5.3,5.3,35.5
Yelahanka,13.0977,77.5924,North,Apartment,2,1020,9800,5605,6242,7255,8432,9800,17.82,No,21.5,5.2,13.1
Kanakapura Road,12.8646,77.5815,South,Apartment,2,1250,8100,5588,6000,6631,7329,8100,10.15,Yes,8.3,7.9,49
Manyata Tech Park,13.0407,77.6201,North,Apartment,2,930,11150,7354,7965,8910,9967,11150,12.85,No,0.5,7.6,19.2
Indiranagar,12.979,77.6457,East,Apartment,3,1400,18000,12085,13044,14522,16168,18000,12.1,Yes,7.4,4.5,32.5
Jayanagar,12.9243,77.5961,South,Apartment,2,1160,15000,10542,11278,12403,13640,15000,10.76,Yes,9.2,3.7,42.3
Rajarajeshwari Nagar,12.9209,77.5116,West,Apartment,3,1800,7950,6034,6360,6851,7380,7950,6.56,Yes,15.3,8.2,40.9
Kengeri,12.9189,77.4805,West,Apartment,1,510,5500,4302,4508,4817,5147,5500,7.19,Yes,18.1,8.6,46.3
Varthur,12.9476,77.7465,East,Apartment,2,1220,7250,4781,5178,5793,6481,7250,13.59,No,3.3,13.5,47
HSR Layout,12.9149,77.6344,South,Apartment,3,1760,13350,7759,8613,9968,11536,13350,16,No,5.2,8,40.6
Jayanagar,12.9254,77.5988,South,Apartment,3,2170,15950,11210,11993,13189,14504,15950,10.13,Yes,8.6,3.9,37.8
Varthur,12.9493,77.7494,East,Apartment,3,1870,7850,5177,5607,6273,7017,7850,13.23,No,3.8,13,43.8
Kengeri,12.9122,77.4871,West,Villa,1,680,5950,4654,4877,5211,5568,5950,6.23,Yes,20.8,9.3,41.1
ITPL,12.987,77.7277,East,Apartment,2,1310,11250,7164,7812,8822,9962,11250,13.63,No,1.6,12.2,36.6
Sarjapur Road,12.8995,77.6909,East,Apartment,2,990,12350,7476,8233,9425,10789,12350,16.16,No,4.6,12.1,43.1
Hoodi,12.9833,77.7145,East,Apartment,2,1140,10100,6545,7113,7995,8986,10100,12.29,Yes,4.2,10.9,41.1
Nagarbhavi,12.963,77.5045,West,Apartment,1,630,6600,5380,5594,5911,6246,6600,5.09,No,19,6.7,42.9
Rajarajeshwari Nagar,12.9241,77.5075,West,Apartment,1,610,7950,6034,6360,6851,7380,7950,6.78,Yes,14.7,8.2,41.4
Sarjapur Road,12.9001,77.6838,East,Apartment,2,1110,12250,7415,8166,9348,10701,12250,15.91,No,4.9,12.7,41
KR Puram,13.0066,77.6972,East,Builder Floor,2,960,10100,5310,6012,7147,8496,10100,17.18,Yes,6.8,6.6,31.6
Malleshwaram,13.0005,77.5701,North,Apartment,2,1140,12450,11322,11528,11828,12135,12450,2.82,Yes,13.4,3.7,28.4
Bellandur,12.9243,77.6786,East,Builder Floor,2,1090,12350,7354,8125,9342,10741,12350,13.58,No,4,11.8,42
RT Nagar,13.018,77.5943,North,Apartment,2,1290,7000,5890,6087,6377,6681,7000,4.5,No,12.9,5.6,25.5
Yelahanka,13.1031,77.592,North,Apartment,3,1680,10350,5920,6592,7662,8905,10350,14.95,No,22.4,5.2,12.9
Indiranagar,12.9775,77.6408,East,Villa,3,1900,18750,12588,13587,15127,16841,18750,10.68,Yes,6.3,4.3,37.4
Malleshwaram,13.008,77.5674,North,Apartment,3,1870,12950,11776,11990,12302,12622,12950,2.95,Yes,14.4,3.6,27.9
Hoodi,12.9813,77.7173,East,Builder Floor,1,700,10150,6577,7148,8034,9030,10150,13,Yes,3.9,12.2,37.6
Frazer Town,12.9825,77.619,Central,Apartment,2,980,12700,10574,10949,11504,12087,12700,5.23,No,10.5,4.2,33
Manyata Tech Park,13.0411,77.6185,North,Apartment,3,1410,12400,8178,8857,9908,11084,12400,12.49,No,0.5,7.3,20.4
Indiranagar,12.9762,77.6391,East,Villa,3,2160,19550,13125,14166,15772,17560,19550,10.78,Yes,7.1,4.3,34.4
Yelahanka,13.103,77.6001,North,Builder Floor,3,1590,10850,6206,6911,8032,9335,10850,15.86,No,23.1,5.3,11.9
Kengeri,12.9131,77.4835,West,Apartment,2,1280,6150,4811,5042,5387,5756,6150,6.58,Yes,18.2,9.5,43.7
Devanahalli,13.2467,77.7174,North,Apartment,3,1690,9600,5162,5818,6875,8124,9600,17.73,No,32.8,7.9,8.6
HSR Layout,12.915,77.6434,South,Apartment,3,1660,14050,8165,9064,10490,12140,14050,16.47,No,5.5,7.3,38.7
Bannerghatta Road,12.8765,77.5975,South,Apartment,1,510,9800,6136,6713,7615,8639,9800,14.89,No,7.9,6.4,39.5
Varthur,12.9495,77.7458,East,Apartment,2,1280,7500,4946,5357,5993,6704,7500,13.33,No,3.8,12,42.2
Hulimavu,12.8986,77.6142,South,Builder Floor,2,1040,6650,4807,5115,5583,6093,6650,8.71,No,7.5,7.6,45.2
Rajajinagar,12.9923,77.5506,West,Builder Floor,2,1320,13050,10419,10876,11557,12281,13050,6.28,Yes,12.5,4.4,31.1
Rajajinagar,12.993,77.5492,West,Builder Floor,4,3470,13400,10697,11166,11866,12610,13400,7.19,Yes,13.4,4,30.1
Hoodi,12.9817,77.7179,East,Apartment,2,1220,10900,7063,7676,8628,9698,10900,12.85,Yes,3.7,11.6,36.5
Bannerghatta Road,12.8831,77.5987,South,Builder Floor,2,890,9000,5634,6164,6993,7933,9000,14.94,No,7.9,6.4,45.4
Manyata Tech Park,13.048,77.621,North,Apartment,2,1090,11950,7881,8536,9549,10682,11950,10.92,No,0.5,7.6,17.5
Sarjapur Road,12.9024,77.6889,East,Apartment,3,1640,11500,6962,7667,8776,10046,11500,15.88,No,4.2,12,42.3
MG Road,12.9804,77.5971,Central,Apartment,3,1990,15550,12675,13178,13925,14715,15550,5.59,Yes,11.9,2.8,34.8
Yelahanka,13.1047,77.5947,North,Apartment,3,1400,11150,6378,7102,8254,9593,11150,15.15,No,23.7,5,11.1
Rajarajeshwari Nagar,12.9203,77.5074,West,Villa,3,2040,7200,5465,5760,6205,6684,7200,7.52,Yes,15.8,9.3,41.4
Richmond Town,12.9615,77.6059,Central,Villa,2,870,13400,10481,10984,11737,12541,13400,7.46,Yes,11.9,2.9,33
Koramangala,12.9392,77.6269,South,Villa,3,1620,22100,13835,15137,17172,19481,22100,13.64,No,5.4,5.2,39.4
Hennur,13.0417,77.6349,North,Apartment,2,1200,8200,5505,5942,6615,7365,8200,10.69,No,12.4,7.9,20.9
Thanisandra,13.0602,77.6267,North,Apartment,2,960,9700,6125,6690,7572,8570,9700,14.34,No,12.9,7.6,21.2
Nagarbhavi,12.9618,77.4995,West,Builder Floor,2,960,6250,5095,5297,5597,5915,6250,5.6,No,16.3,6.4,39
Sarjapur Road,12.9004,77.6816,East,Apartment,1,510,12350,7476,8233,9425,10789,12350,13.81,No,4.6,11,44
Thanisandra,13.0606,77.6233,North,Apartment,2,870,10000,6314,6897,7806,8835,10000,13.23,No,12.7,6.8,18.2
KR Puram,13.0034,77.6962,East,Builder Floor,2,1300,9900,5205,5893,7005,8328,9900,18.25,Yes,7,6.2,32.9
Rajajinagar,12.9957,77.554,West,Apartment,1,600,13900,11096,11583,12309,13080,13900,6.49,Yes,13.7,3.9,31.3
Indiranagar,12.9772,77.6426,East,Villa,4,3310,19200,12889,13912,15489,17245,19200,12.72,Yes,7.2,4.1,39.5
JP Nagar,12.906,77.5809,South,Apartment,1,690,9700,7013,7462,8144,8888,9700,7.92,Yes,9,6.4,38.5
ITPL,12.9888,77.7237,East,Builder Floor,2,1000,11250,7164,7812,8822,9962,11250,11.14,No,1.5,12.9,37.4
Hennur,13.0382,77.6443,North,Apartment,2,960,8350,5606,6051,6737,7500,8350,12.66,No,12.1,7.6,20.1
Nagarbhavi,12.9584,77.5029,West,Builder Floor,2,1240,6550,5338,5550,5865,6198,6550,4.85,No,18.7,7.1,40.8
Jayanagar,12.9236,77.5932,South,Villa,3,1740,15050,10578,11316,12444,13685,15050,8.99,Yes,8.7,4,35
Manyata Tech Park,13.0503,77.6231,North,Builder Floor,4,2140,12700,8375,9071,10148,11353,12700,13.14,No,0.5,7.4,19.7
KR Puram,13.0089,77.6969,East,Apartment,2,1330,8800,4627,5238,6227,7403,8800,18.69,Yes,6,6.3,36.3
Rajarajeshwari Nagar,12.9263,77.506,West,Builder Floor,2,1230,8050,6110,6440,6937,7473,8050,8.34,Yes,15.9,9,41.4
JP Nagar,12.9128,77.5837,South,Apartment,1,470,9300,6723,7153,7807,8521,9300,8.95,Yes,9,6.4,38.5
MG Road,12.9741,77.6042,Central,Apartment,3,1380,16600,13531,14068,14866,15709,16600,5.65,Yes,11.9,2.9,36.3
Bellandur,12.9236,77.6824,East,Builder Floor,1,480,11950,7116,7862,9039,10393,11950,15.77,No,4,10,47.4
Devanahalli,13.2433,77.7112,North,Builder Floor,1,550,9000,4839,5454,6445,7616,9000,17.53,No,32.4,7.6,8
Indiranagar,12.9816,77.6385,East,Villa,3,1740,19500,13092,14131,15732,17515,19500,11.42,Yes,7.6,3.9,33.1
Devanahalli,13.2446,77.7128,North,Apartment,3,1950,9500,5107,5757,6803,8039,9500,18.8,No,32.6,7.3,7.8
RT Nagar,13.0228,77.5921,North,Apartment,2,860,7700,6480,6696,7015,7350,7700,5.45,No,13.6,5,26
Kanakapura Road,12.8681,77.5864,South,Builder Floor,3,1530,9100,6279,6741,7450,8234,9100,9.37,Yes,8.1,8.4,43.8
Kengeri,12.9182,77.4877,West,Builder Floor,3,2090,5500,4302,4508,4817,5147,5500,7.44,Yes,20.9,9.3,43.9
Kanakapura Road,12.8606,77.584,South,Apartment,2,1190,8150,5623,6037,6672,7374,8150,10.81,Yes,8.2,8.5,46.6
Electronic City,12.8423,77.6605,South,Builder Floor,2,1080,6850,4252,4660,5298,6024,6850,13.96,No,0.9,17.7,54.1
Rajajinagar,12.9896,77.5512,West,Apartment,3,2000,13150,10498,10958,11645,12375,13150,7.05,Yes,11.8,4,29.7
Hoodi,12.9808,77.713,East,Builder Floor,2,1220,10600,6869,7465,8391,9431,10600,10.72,Yes,3.7,11.4,36.8
Gottigere,12.866,77.6002,South,Apartment,2,1140,6600,4865,5157,5599,6079,6600,8.75,No,10,9.5,47.5
Jayanagar,12.9294,77.5927,South,Villa,2,970,14450,10156,10865,11948,13140,14450,11.22,Yes,9.7,3.9,42
MG Road,12.9779,77.6049,Central,Apartment,3,1790,14800,12064,12543,13254,14006,14800,4.98,Yes,12.7,3,32.7
Yelahanka,13.0983,77.5966,North,Builder Floor,3,2200,10400,5948,6624,7699,8948,10400,16.07,No,23.8,5.3,11.7
Anjanapura,12.8558,77.5709,South,Apartment,2,960,6150,4714,4959,5328,5724,6150,6.96,No,11.7,11,50.8
Hoodi,12.9837,77.7168,East,Apartment,2,1000,10350,6706,7288,8192,9208,10350,13.16,Yes,3.8,13.1,40.3
Nagarbhavi,12.9629,77.5031,West,Apartment,1,490,6400,5216,5423,5731,6056,6400,6.27,No,16.7,6.8,39.8
JP Nagar,12.9046,77.5833,South,Builder Floor,2,1090,9850,7121,7577,8269,9025,9850,8.28,Yes,8.4,5.9,42
Nagarbhavi,12.9591,77.5005,West,Builder Floor,3,1320,5900,4808,4999,5283,5583,5900,4.9,No,19.3,7.4,40.2
RT Nagar,13.0233,77.5936,North,Apartment,2,1000,7000,5890,6087,6377,6681,7000,4.93,No,11.8,6,24.4
Kengeri,12.9101,77.4826,West,Apartment,1,660,5700,4458,4672,4992,5334,5700,7.36,Yes,19.2,9.3,45.1
Rajarajeshwari Nagar,12.9209,77.5054,West,Apartment,1,590,7150,5426,5719,6161,6637,7150,6.93,Yes,14.7,9.1,41.9
Richmond Town,12.9674,77.5978,Central,Apartment,2,1010,14750,11537,12090,12919,13804,14750,7.86,Yes,11.7,2.6,34.8
KR Puram,13.0102,77.6989,East,Apartment,3,2090,9600,5047,5714,6793,8075,9600,17.87,Yes,7.1,7.4,37.7
Sarjapur Road,12.905,77.6883,East,Apartment,1,590,12600,7627,8400,9616,11007,12600,13.7,No,4.8,11.8,43
Hennur,13.037,77.6372,North,Apartment,2,1250,9050,6076,6558,7301,8129,9050,11.85,No,11.2,7.3,20
JP Nagar,12.9079,77.5824,South,Villa,2,1170,9050,6543,6962,7598,8292,9050,9.5,Yes,8.2,6.5,36.6
Hulimavu,12.8965,77.6172,South,Builder Floor,2,1200,7400,5350,5692,6212,6780,7400,8.93,No,8.2,7.7,47.8
Anjanapura,12.8529,77.5696,South,Apartment,2,960,6600,5059,5322,5718,6143,6600,6.82,No,13.1,9.2,44.1
Anjanapura,12.857,77.5732,South,Apartment,2,940,6450,4945,5202,5589,6004,6450,7.52,No,12,9.4,51.4
KR Puram,13.0025,77.6993,East,Builder Floor,2,920,9850,5179,5863,6970,8286,9850,17.47,Yes,6.1,6.8,33.6
Hebbal,13.0381,77.5976,North,Apartment,3,1370,15650,10507,11341,12626,14057,15650,10.38,No,10.6,7.3,17.1
Sarjapur Road,12.9026,77.6834,East,Apartment,2,1240,11850,7173,7900,9043,10352,11850,15.87,No,4.1,12.3,45.3
Hebbal,13.0385,77.598,North,Apartment,1,600,15550,10440,11268,12545,13967,15550,11.14,No,9.5,7.9,17.2
Kanakapura Road,12.8637,77.5811,South,Apartment,3,1520,8800,6071,6518,7204,7962,8800,11.74,Yes,7.5,8,44.1
Kanakapura Road,12.8664,77.587,South,Builder Floor,3,2190,7850,5416,5815,6427,7103,7850,9.34,Yes,8,7.5,43
Varthur,12.9508,77.748,East,Apartment,2,1250,7700,5078,5500,6153,6883,7700,11.23,No,3.6,12.9,42.5
Bellandur,12.9214,77.6819,East,Apartment,2,1250,13450,8009,8849,10174,11698,13450,14.74,No,3.8,10,46.9
Varthur,12.9448,77.7509,East,Apartment,2,1120,7250,4781,5178,5793,6481,7250,12.27,No,3.6,14,44
Koramangala,12.934,77.6199,South,Villa,4,2680,20350,12739,13938,15812,17938,20350,14.26,No,4.9,5.3,39.5
RT Nagar,13.0217,77.5926,North,Apartment,1,460,6900,5806,6000,6286,6586,6900,5.23,No,13.1,5.3,25.6
Koramangala,12.9307,77.629,South,Villa,3,2080,21000,13146,14383,16317,18511,21000,14.45,No,4.8,5.6,37.1
RT Nagar,13.0244,77.593,North,Builder Floor,1,590,7550,6353,6565,6878,7206,7550,4.87,No,12.6,5.7,23.8
Richmond Town,12.9619,77.5972,Central,Villa,4,3350,14250,11146,11681,12481,13336,14250,6.54,Yes,10.6,2.5,34.1
Manyata Tech Park,13.0412,77.62,North,Apartment,2,920,12800,8442,9143,10228,11442,12800,11.98,No,0.5,7.6,19.9
Frazer Town,12.9822,77.6159,Central,Apartment,2,1100,12900,10739,11120,11684,12277,12900,5.63,No,10.1,3.4,38.9
Anjanapura,12.8535,77.5701,South,Apartment,2,920,6350,4868,5121,5502,5911,6350,8.23,No,11.9,11,52.1
Whitefield,12.9663,77.7503,East,Villa,2,1300,15100,6552,7705,9642,12066,15100,27.95,Yes,2.1,14.3,42.2
Hulimavu,12.8969,77.6098,South,Apartment,3,1730,7300,5278,5616,6129,6689,7300,8.35,No,7.4,7.8,39.8
RT Nagar,13.0161,77.5941,North,Apartment,2,890,7050,5933,6131,6423,6729,7050,4.36,No,12.5,5.6,25.9
Jayanagar,12.9212,77.5913,South,Apartment,3,1350,14800,10402,11128,12238,13458,14800,9.81,Yes,8.6,3.5,41.1
Electronic City,12.8501,77.6635,South,Builder Floor,1,680,6800,4220,4625,5259,5980,6800,14.35,No,0.9,17.4,55.6
Hebbal,13.0347,77.6006,North,Villa,2,1010,15250,10239,11051,12304,13698,15250,10.69,No,10.8,8.6,18.1
Varthur,12.9508,77.7512,East,Builder Floor,3,2070,6950,4584,4965,5554,6213,6950,12.18,No,3.8,13.8,42.4
Kanakapura Road,12.865,77.5848,South,Apartment,1,460,9100,6279,6741,7450,8234,9100,11.59,Yes,7.3,7.4,41.5
Whitefield,12.9731,77.7505,East,Apartment,2,900,14150,6139,7220,9035,11307,14150,26.45,Yes,1.9,13.9,42.9
Marathahalli,12.9555,77.6998,East,Builder Floor,1,540,9700,6125,6690,7572,8570,9700,11.24,No,2.8,10.4,40.6
Kengeri,12.9171,77.4876,West,Builder Floor,2,1020,5650,4420,4632,4949,5288,5650,6.22,Yes,18.2,8.4,39.9
Yelahanka,13.1044,77.5935,North,Apartment,3,2140,10850,6206,6911,8032,9335,10850,17.96,No,23.7,5.1,11.9
Yelahanka,13.0986,77.5929,North,Apartment,1,640,9650,5520,6147,7144,8303,9650,18.55,No,22.3,4.7,11.2
Devanahalli,13.2461,77.7143,North,Builder Floor,1,550,9000,4839,5454,6445,7616,9000,18.14,No,28.2,8.6,7.3
Electronic City,12.8434,77.6611,South,Apartment,2,1240,7250,4500,4932,5608,6376,7250,15.23,No,0.8,19.4,58.6
Kengeri,12.9139,77.4823,West,Apartment,1,550,5550,4341,4549,4861,5194,5550,6.24,Yes,19.3,9.9,41.1
Gottigere,12.875,77.6023,South,Builder Floor,2,940,7150,5270,5586,6065,6585,7150,9.16,No,9.6,9.1,41.6
Koramangala,12.9302,77.6288,South,Apartment,3,2100,22350,13991,15308,17366,19701,22350,14.29,No,5.1,5.1,36.8
Jayanagar,12.9296,77.5933,South,Apartment,3,1390,14200,9979,10676,11741,12912,14200,9.15,Yes,9.9,3.8,39.1
Jayanagar,12.9265,77.5984,South,Apartment,4,3130,16300,11456,12256,13478,14822,16300,11.41,Yes,8.9,3.9,36.9
RT Nagar,13.0233,77.5931,North,Apartment,2,1120,8050,6774,7000,7334,7684,8050,4.97,No,13.1,6,26.3
Yelahanka,13.0986,77.5926,North,Apartment,3,1510,11050,6320,7038,8180,9507,11050,17.32,No,23.9,5,12.7
Kanakapura Road,12.8594,77.5838,South,Apartment,1,600,7950,5484,5888,6508,7193,7950,10.85,Yes,7.6,8.5,41.5
Indiranagar,12.974,77.6433,East,Villa,3,1680,19950,13394,14457,16095,17919,19950,10.55,Yes,6.8,4.2,34.3
Devanahalli,13.2427,77.7169,North,Builder Floor,1,570,9600,5162,5818,6875,8124,9600,20.37,No,28.6,7.5,7.7
Jayanagar,12.9256,77.5969,South,Apartment,3,1360,15150,10648,11391,12527,13776,15150,9.55,Yes,9,4.1,35.4
HSR Layout,12.9072,77.6435,South,Apartment,2,1290,14350,8341,9259,10715,12400,14350,14.78,No,6,8.2,39
Sarjapur Road,12.896,77.6828,East,Apartment,3,2130,11750,7113,7833,8967,10265,11750,14.68,No,4.6,10.9,47.8
Banashankari,12.9265,77.5532,South,Villa,2,1000,8600,6726,7049,7532,8048,8600,6.95,Yes,11.1,4.6,40.6
Whitefield,12.9717,77.7498,East,Apartment,2,1320,13450,5835,6862,8588,10747,13450,28.01,Yes,1.9,13.8,38.2
HSR Layout,12.9132,77.6397,South,Apartment,3,1390,14900,8660,9613,11125,12875,14900,13.94,No,6.1,8.3,40.5
Gottigere,12.8729,77.6036,South,Builder Floor,1,540,6700,4939,5235,5684,6171,6700,8.5,No,9.3,9.7,49.3
Rajajinagar,12.9926,77.5553,West,Apartment,2,1320,13800,11016,11499,12220,12986,13800,6.44,Yes,11.7,4,32
Bannerghatta Road,12.8831,77.6012,South,Apartment,2,1020,10350,6479,7089,8042,9123,10350,14.88,No,7.9,6.9,46.3
Malleshwaram,13,77.569,North,Apartment,3,1580,13600,12368,12593,12920,13256,13600,2.84,Yes,13.2,3.6,26.4
Malleshwaram,13.0052,77.575,North,Apartment,1,480,13850,12595,12824,13157,13499,13850,2.49,Yes,14.8,3.8,28.4
Devanahalli,13.2459,77.7143,North,Apartment,2,1090,8400,4517,5091,6016,7109,8400,18.18,No,31.8,8.5,8.4
Malleshwaram,13.0021,77.572,North,Builder Floor,1,590,14550,13231,13472,13822,14181,14550,2.25,Yes,13.8,3.8,27.9
Malleshwaram,13.0009,77.5669,North,Apartment,3,1420,13100,11913,12130,12445,12768,13100,2.65,Yes,13,3.7,26.6
Hebbal,13.0368,77.5932,North,Apartment,4,2780,16100,10809,11667,12989,14461,16100,9.76,No,10.9,7.8,18.6
Hebbal,13.0396,77.5962,North,Villa,3,1550,17200,11547,12463,13876,15449,17200,12.36,No,9.7,8.2,17.4
Bellandur,12.9283,77.6807,East,Villa,2,900,12450,7413,8190,9417,10828,12450,15.96,No,3.5,10.1,41.9
Kanakapura Road,12.8605,77.584,South,Builder Floor,1,530,9150,6313,6778,7491,8279,9150,11.59,Yes,7.4,7.3,47.2
Sarjapur Road,12.9001,77.6827,East,Apartment,3,1550,12450,7537,8300,9501,10876,12450,14.53,No,4.1,12.3,46.7
Electronic City,12.8421,77.6557,South,Builder Floor,2,870,7400,4593,5034,5724,6508,7400,13.57,No,0.9,17.2,50.3
Kengeri,12.9122,77.4874,West,Builder Floor,3,1870,5450,4263,4467,4773,5100,5450,6.81,Yes,18.4,8.8,42
Electronic City,12.8431,77.6588,South,Apartment,2,1250,7500,4655,5102,5801,6596,7500,13.16,No,0.7,16.7,53
HSR Layout,12.9113,77.6356,South,Apartment,4,2600,13650,7933,8807,10192,11795,13650,13.66,No,5.2,8.5,44.9
Indiranagar,12.9773,77.6382,East,Apartment,3,1830,20000,13427,14492,16135,17964,20000,10.45,Yes,6.6,4.1,37.1
Nagarbhavi,12.9579,77.5043,West,Apartment,3,1740,6350,5176,5381,5686,6009,6350,6.45,No,17.8,7.5,38.6
RT Nagar,13.0184,77.5948,North,Apartment,1,610,8050,6774,7000,7334,7684,8050,4.74,No,12.2,5,26.6
Banashankari,12.9353,77.5583,South,Builder Floor,3,1600,8350,6531,6844,7313,7814,8350,7.31,Yes,11.1,5.4,35.9
Manyata Tech Park,13.0425,77.6256,North,Apartment,1,510,12850,8475,9179,10268,11487,12850,11.07,No,0.5,7.5,19.8
Hebbal,13.0364,77.6011,North,Apartment,1,640,15200,10205,11015,12263,13653,15200,11.27,No,10.5,8.6,17.9
Nagarbhavi,12.9609,77.5007,West,Builder Floor,2,1130,5750,4687,4873,5149,5441,5750,5.32,No,17.1,7.4,44.5
Kanakapura Road,12.8598,77.5834,South,Apartment,2,1330,8950,6175,6630,7327,8098,8950,10.82,Yes,8.1,7.8,46.5
Hulimavu,12.8974,77.6093,South,Apartment,2,880,7350,5314,5654,6171,6735,7350,8.1,No,7.4,8.2,41.5
Gottigere,12.8709,77.595,South,Apartment,3,2160,6250,4605,4882,5301,5756,6250,8.6,No,10.4,8.5,50.1
Devanahalli,13.2466,77.7128,North,Apartment,2,1260,9200,4947,5576,6589,7786,9200,16.61,No,31.7,8.6,7.5
Varthur,12.9428,77.7513,East,Apartment,3,1570,7800,5144,5571,6232,6972,7800,13.43,No,3.7,12.1,43.1
Anjanapura,12.8572,77.5652,South,Apartment,2,1110,5700,4370,4597,4939,5306,5700,7.94,No,10.9,9.5,49.5
JP Nagar,12.9129,77.59,South,Builder Floor,2,860,9850,7121,7577,8269,9025,9850,8.46,Yes,9.7,6.6,37.5
Hennur,13.0428,77.6418,North,Apartment,3,2170,9150,6144,6631,7382,8219,9150,10.87,No,12.4,8,22
Indiranagar,12.9802,77.6385,East,Apartment,4,2180,18750,12588,13587,15127,16841,18750,11.83,Yes,6.8,3.9,36.5
ITPL,12.9851,77.727,East,Apartment,3,1600,10800,6878,7500,8469,9564,10800,12.36,No,1.4,14.2,40.5
Marathahalli,12.9557,77.6978,East,Apartment,3,2100,9400,5935,6483,7338,8305,9400,11.36,No,2.9,10.2,40.3
Electronic City,12.8448,77.6566,South,Builder Floor,2,1320,7200,4469,4898,5569,6332,7200,14.54,No,0.9,17.2,51.3
Malleshwaram,13.0056,77.5673,North,Apartment,1,540,13550,12323,12547,12873,13207,13550,2.3,Yes,12.7,3.5,25.7
Bellandur,12.9222,77.6775,East,Apartment,2,1190,12150,7234,7993,9190,10567,12150,16.4,No,3.4,12.1,40.6
Jayanagar,12.9229,77.5913,South,Apartment,3,1310,16350,11491,12293,13519,14867,16350,8.96,Yes,8.6,3.5,39.8
Manyata Tech Park,13.044,77.6183,North,Apartment,1,480,12100,7979,8642,9668,10816,12100,12.95,No,0.5,7.1,18.4
Koramangala,12.9376,77.629,South,Apartment,3,2060,22100,13835,15137,17172,19481,22100,12.7,No,4.9,5.1,36.2
Rajarajeshwari Nagar,12.9229,77.5044,West,Builder Floor,2,1200,7950,6034,6360,6851,7380,7950,7.36,Yes,14.9,8.7,38.5
Rajarajeshwari Nagar,12.918,77.5042,West,Apartment,2,1130,7850,5958,6280,6765,7287,7850,8.45,Yes,15.7,8.7,38.6
Richmond Town,12.9582,77.6031,Central,Villa,3,1500,13650,10677,11189,11956,12775,13650,6.86,Yes,11.5,2.9,38.1
Yelahanka,13.1046,77.5943,North,Villa,2,1170,11150,6378,7102,8254,9593,11150,17.24,No,22.6,5.5,12.3
Hebbal,13.0385,77.5931,North,Villa,4,3230,16950,11380,12283,13675,15225,16950,12.77,No,10.1,7.7,18.7
Koramangala,12.934,77.6252,South,Apartment,3,1330,23050,14429,15787,17910,20318,23050,12.91,No,5.1,5.4,34.2
Electronic City,12.8448,77.6574,South,Apartment,2,1260,7050,4376,4796,5453,6200,7050,14.42,No,0.7,19,56.9
Bannerghatta Road,12.8744,77.5953,South,Apartment,2,1160,9750,6103,6677,7575,8594,9750,14.87,No,8.1,6.1,39.6
Marathahalli,12.9578,77.6986,East,Apartment,2,1290,9700,6125,6690,7572,8570,9700,14.3,No,3.3,9.3,43
Hebbal,13.0365,77.5922,North,Villa,3,1370,16450,11044,11920,13271,14775,16450,11.49,No,9.8,8,19.6
Frazer Town,12.9816,77.6124,Central,Villa,3,1950,11050,9199,9526,10009,10517,11050,5.72,No,11.2,3.8,32.8
Manyata Tech Park,13.0463,77.6253,North,Apartment,3,1940,12800,8442,9143,10228,11442,12800,10.63,No,0.5,7.1,18.5
Hulimavu,12.8967,77.6111,South,Villa,1,480,7600,5495,5847,6381,6964,7600,9.2,No,7,8.2,44.7
Manyata Tech Park,13.0505,77.6222,North,Apartment,3,2070,11400,7518,8143,9110,10191,11400,10.72,No,0.5,6.5,17.9
Nagarbhavi,12.9585,77.5006,West,Apartment,3,2030,6150,5013,5212,5508,5820,6150,6.39,No,16.5,6.8,41.2
Rajajinagar,12.992,77.5523,West,Apartment,1,480,13050,10419,10876,11557,12281,13050,6.69,Yes,11.3,4.2,29
JP Nagar,12.9124,77.5863,South,Apartment,1,530,10250,7411,7885,8606,9392,10250,10.32,Yes,9,5.9,43.3
Nagarbhavi,12.9631,77.5025,West,Apartment,3,2190,5750,4687,4873,5149,5441,5750,6.49,No,19.1,6.6,37.9
Kengeri,12.9198,77.4852,West,Apartment,1,590,5950,4654,4877,5211,5568,5950,7.15,Yes,21,8.1,44.5
Kengeri,12.9153,77.4876,West,Builder Floor,1,680,6100,4771,5000,5343,5709,6100,6.17,Yes,21.6,9.6,42.5
Devanahalli,13.2505,77.7117,North,Builder Floor,3,1970,8450,4544,5122,6052,7151,8450,17.29,No,28.2,8.6,8.7
Manyata Tech Park,13.0432,77.617,North,Apartment,4,2130,11300,7452,8071,9029,10101,11300,13.37,No,0.5,7.8,17.6
ITPL,12.9844,77.7238,East,Apartment,3,1300,11750,7482,8159,9214,10405,11750,11.67,No,1.5,14.4,39
Malleshwaram,13.0039,77.5729,North,Builder Floor,1,640,12900,11732,11945,12255,12573,12900,2.62,Yes,14.1,3.7,28.4
JP Nagar,12.9045,77.5867,South,Builder Floor,3,2060,9700,7013,7462,8144,8888,9700,10.45,Yes,9.7,7,38.8
Banashankari,12.926,77.55,South,Apartment,3,2180,8200,6413,6721,7182,7674,8200,5.96,Yes,11,4.7,35.9
Manyata Tech Park,13.0445,77.6215,North,Apartment,3,1920,11900,7847,8499,9508,10637,11900,10.75,No,0.5,7.6,20.4
Bannerghatta Road,12.8771,77.5969,South,Apartment,2,860,10000,6260,6849,7770,8815,10000,12.16,No,8.6,6.4,44.8
Frazer Town,12.9765,77.6151,Central,Apartment,3,1780,11950,9949,10302,10824,11373,11950,4.83,No,10.7,3.4,33.8
Varthur,12.9492,77.7474,East,Apartment,3,1410,7450,4913,5321,5953,6660,7450,11.12,No,3.5,14.3,42.8
Devanahalli,13.246,77.7155,North,Apartment,3,1670,9650,5189,5849,6911,8166,9650,19.86,No,29.7,8.2,8.7
Hebbal,13.0362,77.6004,North,Apartment,2,1310,16400,11010,11884,13231,14730,16400,12.53,No,9.1,7.3,18
Sarjapur Road,12.8997,77.6909,East,Apartment,3,2070,12350,7476,8233,9425,10789,12350,14.82,No,4.5,11.6,40.2
Koramangala,12.9359,77.6227,South,Apartment,3,1540,22350,13991,15308,17366,19701,22350,14.08,No,5.4,5.2,38.3
JP Nagar,12.9045,77.5828,South,Apartment,1,540,8800,6362,6769,7388,8063,8800,9.17,Yes,8.8,6.2,42.8
ITPL,12.9904,77.7233,East,Apartment,3,1920,10600,6751,7362,8313,9387,10600,12.79,No,1.4,14.7,41.7
Malleshwaram,13.0029,77.5664,North,Villa,2,1280,12700,11548,11758,12064,12378,12700,2.99,Yes,14.9,3.8,26.8
JP Nagar,12.906,77.5834,South,Apartment,1,490,8950,6471,6885,7514,8201,8950,8.13,Yes,9.3,7,42.1
Hennur,13.039,77.6348,North,Apartment,2,1160,8050,5405,5834,6495,7231,8050,12.43,No,12.1,8.1,21.2
Hebbal,13.0349,77.5945,North,Apartment,4,2330,16100,10809,11667,12989,14461,16100,10.07,No,9.5,8.4,19.5
Malleshwaram,13.003,77.5714,North,Builder Floor,2,1310,13000,11822,12037,12350,12671,13000,2.38,Yes,14.6,3.5,29.1
Malleshwaram,13.0046,77.5747,North,Apartment,3,1900,12950,11776,11990,12302,12622,12950,2.65,Yes,13.3,3.8,29.8
Thanisandra,13.0654,77.6319,North,Villa,3,1530,10050,6345,6931,7845,8879,10050,12.91,No,10.9,7.6,18.4
ITPL,12.9871,77.7261,East,Apartment,2,1120,11100,7069,7709,8705,9830,11100,11.26,No,1.5,13.5,42.8
Hulimavu,12.891,77.611,South,Villa,2,990,7000,5061,5385,5877,6414,7000,9.64,No,7.9,8.4,43.5
Hebbal,13.0334,77.5929,North,Villa,4,3190,16800,11279,12174,13554,15090,16800,10.86,No,10.3,8.1,17.7
MG Road,12.9789,77.5981,Central,Apartment,2,1170,14950,12186,12670,13389,14148,14950,5.24,Yes,11.9,2.9,37
Jayanagar,12.9277,77.5933,South,Apartment,2,1300,14600,10261,10977,12072,13276,14600,9.4,Yes,8.8,4.1,36
JP Nagar,12.9046,77.5841,South,Builder Floor,2,890,9900,7157,7615,8311,9071,9900,10.44,Yes,9.5,6,38.4
Bannerghatta Road,12.8769,77.601,South,Apartment,2,1180,9500,5947,6507,7382,8374,9500,11.51,No,8.6,6.5,40.1
Hulimavu,12.8962,77.6107,South,Apartment,2,1300,7650,5530,5884,6422,7009,7650,10.49,No,7,7.6,44.3
ITPL,12.9869,77.7239,East,Apartment,3,2120,10350,6591,7187,8116,9165,10350,11.45,No,1.4,13.4,37.5
Yelahanka,13.1011,77.5978,North,Builder Floor,2,1330,9650,5520,6147,7144,8303,9650,13.81,No,21.6,4.7,12.7
Gottigere,12.8756,77.5984,South,Apartment,3,1520,6550,4827,5117,5556,6033,6550,7.48,No,11,9.7,46.7
Bellandur,12.9216,77.6777,East,Builder Floor,2,910,13750,8188,9046,10401,11959,13750,15.11,No,3.6,11.3,43.1
Whitefield,12.9705,77.7495,East,Apartment,1,530,14700,6377,7500,9386,11746,14700,24.87,Yes,1.9,13.8,43.8
ITPL,12.989,77.7276,East,Apartment,4,2420,10900,6941,7569,8547,9652,10900,12.55,No,1.4,13.7,42.9
JP Nagar,12.9075,77.5872,South,Apartment,3,1780,9150,6616,7039,7682,8384,9150,9.46,Yes,9.9,6.8,36.7
Banashankari,12.9261,77.5489,South,Builder Floor,3,2080,7950,6218,6516,6963,7440,7950,7.73,Yes,9.9,5,34.5
ITPL,12.9873,77.726,East,Apartment,3,2160,10750,6846,7465,8430,9520,10750,13.85,No,1.4,12.8,37.8
Indiranagar,12.9809,77.6388,East,Villa,4,3110,19650,13192,14239,15853,17650,19650,12.46,Yes,6.4,4.4,36.3
KR Puram,13.0113,77.7014,East,Apartment,2,1170,9050,4758,5387,6404,7613,9050,19.44,Yes,5.9,6.9,34.5
Malleshwaram,13.0076,77.5686,North,Apartment,1,560,13300,12095,12315,12635,12963,13300,2.3,Yes,13.7,3.3,29.8
Hebbal,13.0385,77.5939,North,Villa,3,1400,16550,11111,11993,13352,14865,16550,10.79,No,10,7.7,16.2
Kanakapura Road,12.8636,77.585,South,Apartment,1,450,8750,6036,6481,7163,7917,8750,9.28,Yes,7.8,8.3,46
Marathahalli,12.9638,77.6959,East,Apartment,1,540,9250,5840,6379,7220,8172,9250,14.36,No,3.2,9.2,37
Thanisandra,13.0644,77.6241,North,Apartment,1,680,9750,6156,6724,7611,8614,9750,14.29,No,12.3,6.7,20.9
Banashankari,12.9322,77.549,South,Builder Floor,2,1050,8100,6336,6640,7095,7581,8100,6.66,Yes,9.7,5.3,38.6
Malleshwaram,13.0053,77.5747,North,Apartment,2,1170,13950,12686,12917,13253,13597,13950,2.43,Yes,13.9,3.3,30.7
ITPL,12.9893,77.7269,East,Builder Floor,3,1790,10250,6527,7118,8038,9077,10250,12.37,No,1.5,14.4,39
Anjanapura,12.8513,77.5706,South,Apartment,2,1170,5900,4523,4758,5112,5492,5900,8.01,No,11.7,9.6,52.5
Anjanapura,12.8567,77.5697,South,Apartment,2,890,6150,4714,4959,5328,5724,6150,7.19,No,11.7,10,48.6
Koramangala,12.9317,77.6203,South,Apartment,3,1370,23000,14398,15753,17871,20274,23000,13.86,No,5.1,5,35.8
Marathahalli,12.9542,77.7009,East,Builder Floor,2,1070,9050,5715,6242,7065,7996,9050,11.44,No,3.4,10.1,39.6
Bannerghatta Road,12.8803,77.594,South,Builder Floor,1,680,9300,5822,6370,7226,8198,9300,11.58,No,8.6,6.4,45
RT Nagar,13.0195,77.5923,North,Builder Floor,1,640,7850,6605,6826,7152,7493,7850,4.52,No,12.3,5.4,23.3
Bellandur,12.9233,77.6754,East,Apartment,2,1020,13400,7979,8816,10136,11654,13400,12.95,No,4.1,11.6,44.6
Hennur,13.0413,77.6392,North,Apartment,1,510,8550,5741,6196,6898,7680,8550,11.05,No,12.5,7.9,21.2
Marathahalli,12.9593,77.7024,East,Apartment,3,1740,9700,6125,6690,7572,8570,9700,15.05,No,2.9,9.6,36.6
ITPL,12.9852,77.725,East,Apartment,1,450,10400,6624,7223,8156,9210,10400,13.5,No,1.6,14.2,42.9
Hebbal,13.0382,77.5935,North,Apartment,3,1320,17250,11581,12500,13917,15494,17250,12.51,No,9.4,8.2,17.9
Devanahalli,13.2433,77.7118,North,Apartment,2,1100,9250,4974,5606,6625,7828,9250,17.81,No,28.5,7.5,7.7
MG Road,12.9721,77.6049,Central,Builder Floor,1,520,14750,12023,12500,13209,13958,14750,4.91,Yes,11,3.1,31.6
Varthur,12.9443,77.7449,East,Apartment,1,530,7150,4715,5107,5713,6391,7150,11.24,No,3.7,12.4,47.3
Gottigere,12.869,77.6009,South,Apartment,2,1220,6700,4939,5235,5684,6171,6700,8.14,No,9.3,9.5,48.9
JP Nagar,12.9103,77.5886,South,Apartment,2,970,9000,6506,6922,7555,8246,9000,8.25,Yes,8.3,7.1,37
Nagarbhavi,12.9628,77.5033,West,Builder Floor,2,850,6350,5176,5381,5686,6009,6350,5.44,No,17.5,6.7,41.2
JP Nagar,12.9127,77.5884,South,Apartment,2,1070,9050,6543,6962,7598,8292,9050,9.11,Yes,9.5,6.6,36.3
Kanakapura Road,12.8641,77.5808,South,Apartment,2,1070,8950,6175,6630,7327,8098,8950,10.32,Yes,8.3,8.7,44.3
Electronic City,12.8458,77.6642,South,Builder Floor,2,890,7350,4562,5000,5685,6464,7350,12.68,No,0.9,18,56.9
Devanahalli,13.2453,77.717,North,Apartment,1,560,8900,4785,5394,6374,7532,8900,20.01,No,27.2,8.2,7.5
Varthur,12.9434,77.7524,East,Apartment,1,660,7500,4946,5357,5993,6704,7500,12.41,No,3.7,13.9,39.4
Whitefield,12.9661,77.7493,East,Apartment,3,1320,14550,6312,7423,9290,11626,14550,24.87,Yes,2,14,44
Banashankari,12.9331,77.5522,South,Apartment,2,890,8700,6805,7131,7620,8142,8700,6.49,Yes,9.8,5.4,38.7
HSR Layout,12.9143,77.6423,South,Villa,3,1740,14700,8543,9484,10976,12702,14700,16.89,No,6,7.1,40.2
Electronic City,12.8428,77.6614,South,Apartment,3,1470,7250,4500,4932,5608,6376,7250,13.72,No,0.7,16.6,50.3
Varthur,12.9477,77.744,East,Apartment,3,1990,6950,4584,4965,5554,6213,6950,11.15,No,3.7,13.4,45.5
Thanisandra,13.0571,77.6293,North,Apartment,1,680,9000,5683,6208,7026,7952,9000,11.53,No,11,6.5,19.6
Marathahalli,12.9591,77.7042,East,Apartment,1,490,9250,5840,6379,7220,8172,9250,14.33,No,2.8,10.4,38.1
Nagarbhavi,12.9589,77.5028,West,Builder Floor,3,1890,6650,5420,5635,5955,6293,6650,5.2,No,16.7,7.4,37.5
Jayanagar,12.9261,77.5937,South,Villa,2,920,15700,11034,11804,12981,14276,15700,10.89,Yes,8.6,4,34.7
Varthur,12.9442,77.7455,East,Builder Floor,3,1900,7700,5078,5500,6153,6883,7700,11.77,No,3.5,13.4,45.9
Frazer Town,12.9733,77.6157,Central,Apartment,3,2000,11600,9657,10000,10507,11040,11600,4.81,No,11.2,3.7,36
Jayanagar,12.9205,77.5967,South,Apartment,4,2890,16350,11491,12293,13519,14867,16350,8.74,Yes,10.3,4,35.8
Malleshwaram,13.0024,77.5683,North,Apartment,2,1200,14400,13096,13334,13680,14035,14400,2.35,Yes,13.4,3.8,28.9
Malleshwaram,13.0049,77.5691,North,Apartment,1,470,14350,13051,13288,13633,13987,14350,2.68,Yes,13.9,3.8,30
RT Nagar,13.0242,77.5857,North,Apartment,3,1850,7100,5976,6175,6469,6777,7100,4.66,No,11.8,5.5,27.5
Jayanagar,12.9219,77.5906,South,Apartment,3,2040,14900,10472,11203,12320,13549,14900,10.97,Yes,9.3,3.9,38.6
Devanahalli,13.2447,77.7131,North,Apartment,2,1190,9050,4866,5485,6482,7659,9050,18.2,No,30,7.9,8.2
Hebbal,13.0369,77.5958,North,Apartment,4,2670,14950,10037,10833,12061,13428,14950,12.21,No,9.6,7.5,18.6
Frazer Town,12.9785,77.6105,Central,Apartment,3,1790,12850,10698,11078,11640,12230,12850,5.44,No,10.1,3.7,35.5
Anjanapura,12.8529,77.5649,South,Builder Floor,3,1930,6300,4829,5080,5458,5864,6300,7.73,No,10.9,9.8,44.7
Richmond Town,12.9661,77.6046,Central,Villa,1,510,15150,11850,12418,13269,14178,15150,7.4,Yes,11.7,2.9,34.7
Whitefield,12.9741,77.752,East,Builder Floor,2,1200,14100,6117,7194,9003,11267,14100,27.54,Yes,1.9,13.1,43.8
Yelahanka,13.1017,77.5965,North,Apartment,4,2160,10050,5748,6401,7440,8647,10050,14.56,No,21.2,5,13.2
Whitefield,12.972,77.754,East,Apartment,3,1700,14900,6464,7602,9514,11906,14900,21.84,Yes,2,15.4,39.4
Kanakapura Road,12.8656,77.5849,South,Builder Floor,1,660,8350,5761,6185,6836,7555,8350,10.99,Yes,7.9,7.7,43
Anjanapura,12.8567,77.5644,South,Apartment,2,1070,5800,4446,4677,5025,5399,5800,7.35,No,12.4,10.9,49.7
Frazer Town,12.9811,77.6132,Central,Apartment,3,2080,11900,9907,10259,10779,11326,11900,4.54,No,10.8,3.8,37.3
Richmond Town,12.9658,77.6005,Central,Apartment,2,1060,14750,11537,12090,12919,13804,14750,7.65,Yes,10.7,2.8,36.9
Thanisandra,13.0631,77.6246,North,Apartment,2,1160,8850,5587,6103,6908,7819,8850,13.31,No,13.1,7.7,19.1
Gottigere,12.8739,77.5964,South,Builder Floor,3,1400,6600,4865,5157,5599,6079,6600,7.8,No,9.3,9.2,50.4
Sarjapur Road,12.8981,77.6846,East,Villa,3,2020,11850,7173,7900,9043,10352,11850,14.22,No,4.9,11.8,42.2
Jayanagar,12.9293,77.5977,South,Villa,2,1280,15950,11210,11993,13189,14504,15950,9.8,Yes,9.9,4,41.4
Rajajinagar,12.9916,77.5487,West,Apartment,1,700,12750,10179,10625,11291,11998,12750,6.5,Yes,13,3.8,28
Bannerghatta Road,12.879,77.5987,South,Apartment,2,1010,9650,6041,6609,7498,8506,9650,14.26,No,7.9,6.6,42.6
MG Road,12.9755,77.5989,Central,Builder Floor,3,1710,14950,12186,12670,13389,14148,14950,6.02,Yes,11.2,3,33.8
Thanisandra,13.0559,77.6276,North,Apartment,3,1890,8850,5587,6103,6908,7819,8850,11.48,No,11.7,7,18.7
Hoodi,12.9855,77.7141,East,Apartment,3,1420,9700,6285,6831,7678,8630,9700,13.86,Yes,3.7,12.8,39.3
JP Nagar,12.9079,77.5836,South,Villa,3,1600,10250,7411,7885,8606,9392,10250,10.05,Yes,8.6,5.9,41.3
MG Road,12.9714,77.5971,Central,Villa,3,1410,16300,13285,13813,14597,15425,16300,5.27,Yes,12.2,3.4,33.1
Malleshwaram,13.0057,77.5673,North,Builder Floor,2,1160,13100,11913,12130,12445,12768,13100,2.25,Yes,12.7,3.3,28.4
RT Nagar,13.0236,77.5915,North,Apartment,1,470,7750,6521,6739,7060,7397,7750,5.09,No,13,5.2,24.5
Banashankari,12.9296,77.5546,South,Apartment,2,960,8050,6297,6599,7051,7534,8050,6.41,Yes,9.8,5.3,36.8
Sarjapur Road,12.8982,77.6904,East,Builder Floor,3,1490,11500,6962,7667,8776,10046,11500,14.33,No,4.4,12.3,46.5
Indiranagar,12.9827,77.6361,East,Apartment,2,960,18750,12588,13587,15127,16841,18750,9.87,Yes,6.4,4.1,32.9
Frazer Town,12.9783,77.6171,Central,Apartment,3,2100,11300,9408,9742,10236,10755,11300,5.53,No,10.5,3.5,33.2
Electronic City,12.849,77.6639,South,Villa,1,510,7350,4562,5000,5685,6464,7350,15.38,No,0.8,17.1,50.8
Banashankari,12.9356,77.5549,South,Apartment,1,660,8500,6649,6968,7445,7955,8500,6.51,Yes,11.1,4.9,35.8
Yelahanka,13.0961,77.5928,North,Apartment,2,870,11150,6378,7102,8254,9593,11150,14.66,No,20.2,5.7,11.9
Jayanagar,12.926,77.5918,South,Villa,2,890,15550,10929,11692,12858,14140,15550,11.19,Yes,10.1,3.6,41
Banashankari,12.9325,77.5565,South,Apartment,1,610,7900,6179,6475,6919,7393,7900,6.22,Yes,9.6,4.8,38.8
Devanahalli,13.2462,77.711,North,Apartment,2,1050,9550,5135,5788,6839,8082,9550,20.4,No,27.5,8.4,8.5
Koramangala,12.935,77.6235,South,Apartment,3,1930,20600,12896,14110,16007,18159,20600,11.67,No,5.3,5.5,37.9
Malleshwaram,13.0045,77.5677,North,Builder Floor,2,960,13500,12277,12500,12825,13158,13500,2.98,Yes,15,3.3,30.5
Thanisandra,13.0561,77.6311,North,Apartment,2,980,9500,5997,6551,7415,8393,9500,12.58,No,10.8,6.4,20.4
RT Nagar,13.0221,77.5888,North,Apartment,2,1120,7400,6227,6435,6742,7063,7400,5.09,No,12.3,5.9,26.6
MG Road,12.9781,77.6056,Central,Apartment,2,860,16100,13123,13644,14418,15236,16100,5.24,Yes,12.9,3.3,36.6
Manyata Tech Park,13.0412,77.6255,North,Apartment,3,2110,12000,7914,8572,9589,10727,12000,10.95,No,0.5,7.4,19.8
Varthur,12.9517,77.7495,East,Apartment,1,510,7400,4881,5286,5913,6615,7400,12.75,No,3.8,11.8,46.4
JP Nagar,12.9104,77.5835,South,Apartment,2,1260,10150,7338,7807,8521,9300,10150,10.23,Yes,9.3,6.9,41.1
Jayanagar,12.9227,77.5892,South,Apartment,3,1950,16200,11385,12180,13395,14731,16200,10.94,Yes,9.6,4.1,37.9
Banashankari,12.9353,77.5571,South,Apartment,1,690,8150,6374,6680,7138,7627,8150,7.73,Yes,9.8,4.5,38
RT Nagar,13.016,77.5857,North,Apartment,3,1930,8000,6731,6956,7288,7636,8000,4.16,No,12.9,6,26.1
Frazer Town,12.9759,77.6123,Central,Apartment,3,1520,12000,9990,10345,10870,11421,12000,5.3,No,10.8,3.5,38.1
KR Puram,13.0038,77.7005,East,Builder Floor,3,1730,10050,5284,5982,7111,8454,10050,20.94,Yes,6,6.8,35.4
Devanahalli,13.2476,77.717,North,Apartment,3,1570,8850,4759,5364,6338,7489,8850,20.7,No,30.5,8.5,8.2
Indiranagar,12.9769,77.6449,East,Apartment,2,1090,18950,12723,13732,15288,17021,18950,11.08,Yes,7.6,4.1,37.6
Devanahalli,13.245,77.7132,North,Apartment,2,1190,9650,5189,5849,6911,8166,9650,19.92,No,30.5,8.7,7.4
Bannerghatta Road,12.8828,77.5986,South,Apartment,2,990,10150,6354,6952,7887,8947,10150,13.94,No,7.8,6.5,47.3
Indiranagar,12.9761,77.6441,East,Villa,4,3300,18250,12252,13224,14723,16392,18250,10.35,Yes,6.8,3.8,36.2
KR Puram,13.0059,77.696,East,Builder Floor,4,2640,10150,5336,6041,7182,8538,10150,20.92,Yes,6.2,6.4,36.4
Koramangala,12.9323,77.6237,South,Apartment,2,930,23400,14648,16027,18182,20627,23400,13.11,No,5.2,5.3,34.4
RT Nagar,13.0155,77.5861,North,Builder Floor,3,1640,7650,6438,6653,6970,7302,7650,4.57,No,14,5.6,24.6
Marathahalli,12.957,77.7,East,Builder Floor,2,1280,9350,5904,6449,7299,8261,9350,15.07,No,3.4,10.6,36.2
Indiranagar,12.9748,77.6369,East,Apartment,3,1430,20800,13965,15073,16781,18683,20800,12.03,Yes,6.5,4.5,38.7
Gottigere,12.8702,77.599,South,Apartment,3,1540,7250,5343,5664,6150,6677,7250,9.45,No,10.7,9.2,47.2
Nagarbhavi,12.9577,77.499,West,Apartment,2,850,5850,4769,4958,5239,5536,5850,5.35,No,17.6,7.5,38.7
Koramangala,12.9348,77.6278,South,Apartment,4,3450,22500,14085,15411,17483,19833,22500,14.55,No,4.7,5.1,38.8
Sarjapur Road,12.8966,77.6869,East,Builder Floor,3,1590,11200,6779,7466,8547,9784,11200,15.34,No,4.1,12.7,42.2
Manyata Tech Park,13.0408,77.6181,North,Apartment,4,3000,12100,7979,8642,9668,10816,12100,11.81,No,0.5,7.8,19
Rajarajeshwari Nagar,12.9224,77.505,West,Apartment,2,1260,7050,5351,5640,6076,6545,7050,8.32,Yes,16.4,9.3,38.9
Gottigere,12.8696,77.6039,South,Apartment,3,1480,6300,4643,4922,5344,5802,6300,8.77,No,9.1,8.5,48.3
Gottigere,12.8758,77.5993,South,Apartment,2,930,6600,4865,5157,5599,6079,6600,9.54,No,10.7,9.1,46.4
Bellandur,12.9277,77.6764,East,Apartment,2,1190,12650,7532,8322,9569,11002,12650,13.12,No,4.1,10.8,40.2
Rajajinagar,12.9869,77.5521,West,Apartment,2,1120,14200,11337,11834,12575,13363,14200,5.97,Yes,13.5,4.1,31.5
Thanisandra,13.0569,77.6225,North,Apartment,2,1280,9400,5935,6483,7338,8305,9400,13.39,No,11,6.5,20.8
Jayanagar,12.9248,77.5939,South,Villa,3,1900,16350,11491,12293,13519,14867,16350,10.99,Yes,8.8,3.8,38.7
Hennur,13.0363,77.6365,North,Apartment,2,1230,8250,5539,5978,6656,7410,8250,11.86,No,12.4,8,24
Sarjapur Road,12.9003,77.687,East,Villa,3,1370,11600,7023,7734,8853,10134,11600,16.25,No,4.5,12.1,45.8
Manyata Tech Park,13.0473,77.621,North,Apartment,3,1800,12300,8111,8785,9828,10995,12300,10.49,No,0.5,7.1,18.6
Manyata Tech Park,13.0491,77.6191,North,Builder Floor,2,1300,12200,8046,8715,9749,10906,12200,11.57,No,0.5,7.8,20
JP Nagar,12.9035,77.5873,South,Apartment,2,860,9000,6506,6922,7555,8246,9000,10.01,Yes,9,5.9,40.6
KR Puram,13.0045,77.6934,East,Apartment,2,1250,10100,5310,6012,7147,8496,10100,18.63,Yes,6,6.4,33
Hoodi,12.9881,77.7158,East,Villa,2,1100,11100,7194,7818,8787,9876,11100,12.96,Yes,4.3,11.7,40.3
Kanakapura Road,12.8628,77.5889,South,Apartment,2,890,7950,5484,5888,6508,7193,7950,10.3,Yes,7.8,7.9,40.6
Hulimavu,12.8985,77.6179,South,Villa,2,1190,7550,5459,5808,6339,6918,7550,7.82,No,7.3,8.2,40.2
Indiranagar,12.9803,77.6443,East,Apartment,3,2110,19050,12789,13804,15369,17111,19050,12.28,Yes,6.7,3.9,36.4
Hennur,13.0422,77.6409,North,Builder Floor,2,1150,8300,5572,6014,6696,7455,8300,11.91,No,12.1,7.6,21.5
Hennur,13.0438,77.6396,North,Apartment,1,480,9100,6110,6595,7342,8174,9100,10.26,No,12.4,6.8,22.3
Bannerghatta Road,12.88,77.6006,South,Apartment,3,1340,10200,6385,6986,7925,8991,10200,12.38,No,7.9,6.7,43.7
Malleshwaram,12.9995,77.5683,North,Apartment,2,880,13100,11913,12130,12445,12768,13100,2.32,Yes,14.1,3.6,26.2
Gottigere,12.8714,77.5953,South,Apartment,2,1270,6750,4975,5274,5726,6217,6750,7.97,No,9.2,9.4,43.1
Thanisandra,13.0558,77.6304,North,Apartment,1,650,9800,6187,6758,7649,8658,9800,15.05,No,11.9,6.9,18.5
Richmond Town,12.9591,77.5971,Central,Apartment,3,1320,14150,11067,11598,12393,13242,14150,7.85,Yes,12.1,2.9,33.1
Kanakapura Road,12.8641,77.5854,South,Apartment,2,1140,9200,6348,6815,7532,8324,9200,11.89,Yes,8.5,7.8,47.8
Manyata Tech Park,13.0439,77.6202,North,Apartment,2,970,11300,7452,8071,9029,10101,11300,10.19,No,0.5,7.8,17.4
Whitefield,12.9689,77.7489,East,Apartment,3,2080,13100,5684,6684,8365,10468,13100,25.63,Yes,2,13.6,42.5
Gottigere,12.8754,77.6,South,Apartment,1,550,7000,5159,5469,5938,6447,7000,9.06,No,10.5,8.6,44.9
Gottigere,12.874,77.5945,South,Apartment,1,540,7250,5343,5664,6150,6677,7250,9.19,No,10.5,8.4,44.6
Banashankari,12.9357,77.5512,South,Builder Floor,3,1970,8350,6531,6844,7313,7814,8350,7.37,Yes,11,4.6,36.6
Banashankari,12.9278,77.5508,South,Builder Floor,3,2080,8200,6413,6721,7182,7674,8200,7.14,Yes,10.4,5.3,41.4
Bannerghatta Road,12.882,77.5936,South,Apartment,3,1840,10400,6510,7123,8081,9167,10400,14.84,No,8.3,7,43.6
ITPL,12.9834,77.7257,East,Apartment,3,2180,11400,7260,7917,8940,10095,11400,13.6,No,1.6,13.8,37.8
Hebbal,13.037,77.597,North,Apartment,2,1070,15400,10339,11159,12424,13832,15400,10.72,No,9.8,7.3,16.7
KR Puram,13.0109,77.6992,East,Builder Floor,2,1280,10000,5257,5952,7076,8412,10000,17.77,Yes,6.6,6.4,35.2
Banashankari,12.9292,77.5545,South,Villa,1,660,8350,6531,6844,7313,7814,8350,7.61,Yes,11.1,5.4,38.4
Kengeri,12.9162,77.4843,West,Builder Floor,1,620,5600,4380,4590,4905,5241,5600,5.92,Yes,21.5,8.1,45.7
Kengeri,12.912,77.4887,West,Apartment,1,520,5900,4616,4837,5168,5522,5900,5.96,Yes,18.4,9.7,46.5
MG Road,12.98,77.5977,Central,Builder Floor,1,650,14950,12186,12670,13389,14148,14950,5.36,Yes,12,3.4,37.1
Whitefield,12.9715,77.7506,East,Apartment,1,470,13450,5835,6862,8588,10747,13450,26.14,Yes,2,14.3,38.8
Gottigere,12.8747,77.5991,South,Apartment,2,1160,6800,5011,5312,5768,6263,6800,8.03,No,9.1,8.4,50.3
Rajajinagar,12.9874,77.5555,West,Apartment,2,1240,12550,10020,10459,11114,11810,12550,6.28,Yes,13.1,3.7,30.2
Kanakapura Road,12.8634,77.5876,South,Apartment,2,910,8150,5623,6037,6672,7374,8150,9.14,Yes,7.5,8.4,48
Bellandur,12.9257,77.6774,East,Apartment,2,940,12750,7592,8388,9644,11089,12750,16.12,No,3.8,10.4,43
Banashankari,12.9348,77.551,South,Apartment,2,970,8300,6493,6804,7270,7768,8300,7.52,Yes,10,5.3,36.3
JP Nagar,12.9082,77.5809,South,Apartment,2,1160,9150,6616,7039,7682,8384,9150,8.35,Yes,9.2,6.9,39.1
Anjanapura,12.8517,77.565,South,Villa,3,1890,5900,4523,4758,5112,5492,5900,8.34,No,11.8,9.9,45.6
Indiranagar,12.9763,77.6424,East,Apartment,3,1600,19600,13159,14203,15813,17605,19600,11.09,Yes,6.4,4.3,38.4
Varthur,12.9505,77.7444,East,Apartment,2,1060,7100,4683,5072,5674,6347,7100,11.03,No,3.7,12.9,46.5
Whitefield,12.9671,77.7534,East,Apartment,3,2180,15300,6638,7806,9769,12226,15300,24.36,Yes,1.9,13.5,44
HSR Layout,12.9134,77.6343,South,Apartment,2,980,14400,8369,9291,10752,12443,14400,17.91,No,6.1,7,46.5
RT Nagar,13.0194,77.588,North,Apartment,2,980,7350,6185,6391,6696,7015,7350,4.89,No,12.1,6,26.8
MG Road,12.9709,77.5977,Central,Apartment,3,1810,15100,12307,12796,13522,14289,15100,5.92,Yes,11.2,3.3,32.9
Devanahalli,13.247,77.7164,North,Apartment,3,1740,8900,4785,5394,6374,7532,8900,20.4,No,28.1,7.2,8.2
Yelahanka,13.0979,77.5955,North,Builder Floor,3,1900,10900,6235,6943,8069,9378,10900,17.69,No,22.7,4.7,11.6
Manyata Tech Park,13.0505,77.6256,North,Builder Floor,1,630,12300,8111,8785,9828,10995,12300,12.99,No,0.5,7.8,18.8
Hulimavu,12.8934,77.6137,South,Apartment,3,1440,7100,5133,5461,5960,6505,7100,8.17,No,7.7,7.7,42.8
KR Puram,13.01,77.6946,East,Apartment,2,1050,9050,4758,5387,6404,7613,9050,16.37,Yes,6.6,6.8,37.4
HSR Layout,12.9163,77.6379,South,Apartment,2,1170,13550,7875,8742,10117,11708,13550,17.48,No,5.4,7.9,44.1
Hennur,13.0385,77.6393,North,Apartment,3,1670,8500,5707,6160,6858,7635,8500,10.92,No,10.9,6.9,21.2
Koramangala,12.9383,77.6213,South,Villa,2,970,21500,13459,14726,16706,18952,21500,13.63,No,5.1,5.4,39.5
Electronic City,12.8433,77.6578,South,Builder Floor,2,1340,7200,4469,4898,5569,6332,7200,11.81,No,0.8,17.4,54.3
Malleshwaram,13.007,77.5711,North,Apartment,1,530,13550,12323,12547,12873,13207,13550,2.61,Yes,13.6,3.5,29.8
RT Nagar,13.0175,77.59,North,Apartment,3,1770,7100,5976,6175,6469,6777,7100,4.69,No,12.7,5.5,24.5
Bannerghatta Road,12.8739,77.6017,South,Apartment,1,500,9600,6009,6575,7459,8462,9600,12.28,No,8,6.3,41.9
Hebbal,13.0321,77.6018,North,Villa,3,1510,15700,10541,11377,12666,14102,15700,10.54,No,10.7,7.5,18.8
Bannerghatta Road,12.882,77.5936,South,Apartment,2,1340,9450,5916,6473,7343,8330,9450,11.97,No,7.7,6.9,44.8
Bannerghatta Road,12.8805,77.5933,South,Villa,2,940,10300,6448,7055,8003,9079,10300,13.88,No,7.7,7.1,40.6
Jayanagar,12.923,77.5945,South,Apartment,4,2320,15550,10929,11692,12858,14140,15550,9.24,Yes,9.4,3.5,36.7
HSR Layout,12.9124,77.6372,South,Villa,3,1720,13650,7933,8807,10192,11795,13650,13.46,No,5.2,7.8,43.4
Rajarajeshwari Nagar,12.9233,77.5039,West,Apartment,1,670,6950,5276,5561,5990,6452,6950,8.86,Yes,13.9,7.8,43.5
Frazer Town,12.9823,77.6117,Central,Apartment,2,940,11400,9491,9828,10326,10850,11400,5.76,No,9.9,3.5,32.3
Manyata Tech Park,13.0464,77.6233,North,Builder Floor,2,900,12750,8408,9107,10188,11397,12750,12,No,0.5,7.2,19.4
Rajajinagar,12.9949,77.5498,West,Apartment,1,520,14250,11376,11875,12619,13410,14250,5.49,Yes,11.5,4,32.6
Bannerghatta Road,12.8753,77.5942,South,Apartment,2,1280,9600,6009,6575,7459,8462,9600,14.12,No,8.2,6,39.9
Yelahanka,13.0978,77.595,North,Apartment,2,1300,9700,5549,6179,7181,8346,9700,14.76,No,19.8,5.6,11.1
Electronic City,12.8423,77.6637,South,Apartment,2,870,7400,4593,5034,5724,6508,7400,13.67,No,0.7,17.3,55.8
Hebbal,13.0338,77.5992,North,Apartment,3,1530,15350,10305,11123,12384,13787,15350,12.92,No,9.8,8.8,18.9
Jayanagar,12.9287,77.5973,South,Villa,3,1400,15450,10859,11617,12775,14049,15450,10.91,Yes,9.8,3.8,42.2
Yelahanka,13.1004,77.5972,North,Apartment,1,500,9950,5692,6338,7366,8561,9950,14.7,No,21.9,5.6,13.3
RT Nagar,13.0229,77.5879,North,Apartment,2,1190,7300,6143,6348,6651,6968,7300,5.39,No,13.2,5.4,22.8
Yelahanka,13.1053,77.5929,North,Apartment,3,1930,10000,5720,6370,7403,8604,10000,14.04,No,20.6,5.7,13.4
Manyata Tech Park,13.0502,77.6247,North,Apartment,1,700,12750,8408,9107,10188,11397,12750,10.53,No,0.5,7.4,18.6
Indiranagar,12.9805,77.6388,East,Apartment,4,2640,19450,13059,14095,15692,17470,19450,12.4,Yes,7.2,4.3,34.9
Gottigere,12.872,77.6007,South,Apartment,2,1180,7000,5159,5469,5938,6447,7000,7.7,No,10.9,9.5,48.9
Hulimavu,12.8962,77.6106,South,Villa,2,1020,6700,4844,5154,5625,6139,6700,8.1,No,7.2,7.2,45.1
Gottigere,12.8714,77.6031,South,Apartment,1,530,6650,4901,5195,5641,6125,6650,7.29,No,9.2,8.8,44.5
Nagarbhavi,12.9603,77.4992,West,Builder Floor,2,1300,6250,5095,5297,5597,5915,6250,5,No,16.9,6.8,38.1
Indiranagar,12.9789,77.6391,East,Apartment,4,2240,18900,12689,13696,15248,16976,18900,11.39,Yes,6.8,3.9,38.2
Nagarbhavi,12.9582,77.5066,West,Builder Floor,3,1920,6150,5013,5212,5508,5820,6150,6.02,No,16.5,7.6,44.9
ITPL,12.9832,77.7244,East,Villa,2,950,10700,6814,7431,8391,9475,10700,11.13,No,1.4,14.3,41.6
Koramangala,12.9367,77.6207,South,Villa,2,1300,21050,13178,14418,16356,18555,21050,14.26,No,4.8,5.2,38.8
Koramangala,12.9391,77.6268,South,Apartment,3,1430,22250,13929,15240,17289,19613,22250,13.84,No,4.8,5,36
Bannerghatta Road,12.8739,77.597,South,Apartment,2,1260,9050,5666,6199,7032,7977,9050,14.09,No,8.5,7,40.1
RT Nagar,13.021,77.5854,North,Apartment,2,900,7400,6227,6435,6742,7063,7400,4.57,No,13.2,5.9,26.8
Banashankari,12.9317,77.5488,South,Builder Floor,2,1310,9150,7157,7500,8014,8563,9150,6.46,Yes,11.2,4.9,36.6
Hoodi,12.9835,77.7173,East,Builder Floor,1,520,9850,6382,6936,7796,8763,9850,13.63,Yes,3.9,11,34.6
Yelahanka,13.0961,77.5928,North,Apartment,3,1680,10750,6149,6847,7958,9249,10750,13.79,No,23.3,5.4,12.4
JP Nagar,12.9109,77.5857,South,Apartment,1,600,9950,7194,7654,8354,9117,9950,8.34,Yes,9.2,6.7,38
Rajarajeshwari Nagar,12.9246,77.5076,West,Builder Floor,3,1740,7350,5578,5880,6334,6823,7350,6.73,Yes,13.8,8.1,39.7
Malleshwaram,13.0067,77.5668,North,Apartment,3,2000,13550,12323,12547,12873,13207,13550,2.69,Yes,14.7,3.2,25.6
Hoodi,12.9804,77.7178,East,Apartment,2,1140,10400,6739,7324,8232,9253,10400,13.96,Yes,3.9,13,39.8
Banashankari,12.9267,77.5579,South,Builder Floor,2,930,8950,7000,7336,7839,8376,8950,6.02,Yes,10.3,5.2,41.1
Jayanagar,12.9241,77.5908,South,Apartment,2,870,14750,10366,11090,12196,13412,14750,10.48,Yes,9.8,4.2,35.3
Sarjapur Road,12.8989,77.6856,East,Apartment,3,1570,11450,6931,7633,8738,10002,11450,13.96,No,4.6,13.2,40.6
Nagarbhavi,12.9617,77.4975,West,Apartment,1,700,5750,4687,4873,5149,5441,5750,6.51,No,16.9,6.7,43.7
Whitefield,12.973,77.7549,East,Apartment,3,2070,14200,6161,7245,9067,11347,14200,22.54,Yes,1.9,13.5,42.5
Electronic City,12.8417,77.6601,South,Builder Floor,1,460,7100,4406,4829,5491,6244,7100,13.31,No,0.8,17.3,59.8
Koramangala,12.9374,77.6292,South,Apartment,3,1470,20700,12958,14178,16084,18247,20700,12.9,No,5.2,5.2,40.7
Sarjapur Road,12.8967,77.6905,East,Villa,2,1060,12700,7688,8467,9692,11094,12700,13.89,No,4.4,11.1,42.7
Varthur,12.9421,77.7473,East,Apartment,2,1250,7450,4913,5321,5953,6660,7450,11.08,No,3.6,11.9,39
Rajarajeshwari Nagar,12.9237,77.5067,West,Apartment,2,1280,7800,5920,6240,6722,7241,7800,6.77,Yes,14.1,8.8,42.9
Anjanapura,12.8544,77.5651,South,Villa,2,1170,6050,4637,4878,5241,5631,6050,7.79,No,12.8,10.9,45.8
Kengeri,12.9189,77.4806,West,Builder Floor,1,490,6000,4693,4918,5255,5615,6000,7.24,Yes,20,9.5,43.4
RT Nagar,13.0221,77.5892,North,Apartment,3,1510,7400,6227,6435,6742,7063,7400,5.42,No,14,5.3,23.7
Hoodi,12.9793,77.715,East,Apartment,2,1160,9700,6285,6831,7678,8630,9700,10.76,Yes,4.1,11,41.5
Whitefield,12.9714,77.7472,East,Apartment,1,620,14950,6486,7628,9546,11946,14950,21.48,Yes,2.1,15.8,44.3
Thanisandra,13.0611,77.6296,North,Apartment,2,1110,9250,5840,6379,7220,8172,9250,15.14,No,11.1,6.3,18.9
Koramangala,12.9311,77.6218,South,Apartment,2,990,22500,14085,15411,17483,19833,22500,11.56,No,4.6,4.7,39.5
Jayanagar,12.9263,77.5945,South,Apartment,3,1380,15350,10788,11541,12692,13958,15350,9.49,Yes,9.1,3.9,35.8
Hulimavu,12.8944,77.6143,South,Villa,2,880,7400,5350,5692,6212,6780,7400,8.86,No,7.3,8.6,45.1
Nagarbhavi,12.9649,77.5025,West,Builder Floor,1,600,6300,5135,5339,5642,5962,6300,5.87,No,18.9,7.8,41.4
Koramangala,12.9374,77.6279,South,Villa,4,3240,22150,13866,15171,17211,19525,22150,14.65,No,5,4.9,37.6
Indiranagar,12.9755,77.6456,East,Villa,3,2160,18650,12521,13514,15046,16751,18650,10.68,Yes,6.3,4.1,37.9
Hulimavu,12.8958,77.6087,South,Builder Floor,2,1170,7650,5530,5884,6422,7009,7650,9.41,No,6.8,8,41.5
Malleshwaram,13.0027,77.5697,North,Builder Floor,3,1730,13050,11867,12083,12397,12719,13050,2.71,Yes,15,3.4,26.3
Gottigere,12.8682,77.5983,South,Apartment,2,1260,7100,5232,5546,6022,6539,7100,9.07,No,10.9,8.4,49.2
Richmond Town,12.9598,77.5991,Central,Apartment,1,500,13450,10519,11024,11780,12587,13450,6.23,Yes,10.8,2.7,32.6
KR Puram,13.0052,77.693,East,Apartment,1,520,10050,5284,5982,7111,8454,10050,16.71,Yes,6.2,7.2,31.6
Electronic City,12.8465,77.6568,South,Villa,2,880,7300,4531,4966,5646,6420,7300,13.98,No,0.9,19.3,60
JP Nagar,12.9075,77.581,South,Apartment,2,880,8950,6471,6885,7514,8201,8950,10.42,Yes,8.8,6.8,40.8
Marathahalli,12.9611,77.7038,East,Apartment,2,1190,9250,5840,6379,7220,8172,9250,12.7,No,3.2,9.1,41.9
Anjanapura,12.857,77.5648,South,Builder Floor,2,1080,5750,4408,4637,4982,5352,5750,6.83,No,11.9,10.5,51.4
Hebbal,13.0323,77.595,North,Apartment,3,1940,16200,10876,11739,13070,14551,16200,11.79,No,10.2,7.2,16.3
Kengeri,12.9108,77.4853,West,Builder Floor,3,1470,6150,4811,5042,5387,5756,6150,6.76,Yes,21,8.6,44.8
JP Nagar,12.9092,77.582,South,Builder Floor,2,1140,10000,7230,7693,8396,9163,10000,9.67,Yes,9.7,6.8,38.8
MG Road,12.9805,77.6042,Central,Villa,4,2000,17050,13897,14449,15269,16135,17050,6.18,Yes,13,3.3,32.6
Anjanapura,12.8581,77.5709,South,Apartment,3,1840,6200,4753,5000,5372,5771,6200,6.47,No,12.1,10.5,45.2
Bannerghatta Road,12.8818,77.5971,South,Apartment,1,520,9500,5947,6507,7382,8374,9500,15,No,7.9,6.3,39.6
Rajarajeshwari Nagar,12.9261,77.5027,West,Builder Floor,2,890,7250,5503,5800,6248,6730,7250,6.97,Yes,13.6,9.1,44.1
Bannerghatta Road,12.8768,77.5969,South,Apartment,3,1510,10400,6510,7123,8081,9167,10400,14.63,No,9,6.2,42
Marathahalli,12.9562,77.7015,East,Builder Floor,2,1290,8800,5556,6069,6869,7775,8800,12.56,No,3.3,9.5,37.3
Varthur,12.9442,77.7471,East,Apartment,2,1020,8000,5276,5714,6392,7151,8000,11.23,No,3.4,13.1,40.7
Hebbal,13.0342,77.6016,North,Apartment,4,3360,17100,11480,12391,13795,15359,17100,12.07,No,10.9,7.4,17.2
Varthur,12.9482,77.7501,East,Builder Floor,3,1730,7150,4715,5107,5713,6391,7150,12,No,3.5,11.9,40.5
Indiranagar,12.9754,77.6395,East,Apartment,4,2060,20600,13830,14927,16619,18503,20600,10.86,Yes,7.5,3.9,32.8
Hennur,13.0405,77.6436,North,Apartment,3,2000,8000,5371,5797,6454,7186,8000,10.89,No,11.5,7.6,21.2
Rajajinagar,12.9945,77.5564,West,Apartment,3,1550,13050,10419,10876,11557,12281,13050,6.32,Yes,12.2,3.9,30.3
Rajarajeshwari Nagar,12.919,77.5113,West,Apartment,1,510,8000,6073,6401,6895,7427,8000,7.76,Yes,14.7,8,40.8
Gottigere,12.8743,77.5975,South,Apartment,2,1040,6850,5049,5352,5811,6309,6850,7.34,No,9.9,8.2,45.7
Malleshwaram,13.0084,77.5661,North,Apartment,3,1840,13150,11958,12176,12492,12817,13150,2.21,Yes,15.1,3.2,28.3
JP Nagar,12.9129,77.585,South,Apartment,2,1340,9300,6723,7153,7807,8521,9300,9.58,Yes,8.5,6.9,43.5
Bannerghatta Road,12.8794,77.5956,South,Apartment,2,900,10050,6292,6884,7809,8859,10050,14.9,No,7.4,6.6,42.1
Sarjapur Road,12.8967,77.6879,East,Builder Floor,3,1980,12050,7294,8033,9196,10527,12050,12.32,No,4.1,12.3,44.5
Yelahanka,13.1051,77.5955,North,Apartment,3,1610,11200,6406,7134,8291,9636,11200,14.92,No,22.9,5.5,13.5
HSR Layout,12.9163,77.6341,South,Apartment,1,600,12950,7526,8355,9669,11190,12950,17.2,No,5.6,8.3,44
Manyata Tech Park,13.0438,77.6202,North,Apartment,2,850,11350,7486,8108,9070,10146,11350,11.37,No,0.5,6.8,17.1
Sarjapur Road,12.9005,77.6824,East,Apartment,1,680,11600,7023,7734,8853,10134,11600,13.03,No,4.1,12.4,43.4
Bellandur,12.9292,77.6806,East,Builder Floor,3,1420,12900,7682,8487,9758,11220,12900,14.04,No,3.7,11.1,45.1
Anjanapura,12.8555,77.5685,South,Apartment,3,1980,6650,5098,5363,5762,6190,6650,6.35,No,11.3,10.4,46.2
Marathahalli,12.9545,77.7013,East,Apartment,2,1180,8850,5587,6103,6908,7819,8850,14.57,No,3,9.5,42
HSR Layout,12.9097,77.636,South,Apartment,3,1650,14200,8252,9161,10602,12270,14200,16.62,No,5.5,8.2,39.5
Banashankari,12.93,77.5506,South,Apartment,3,1970,9100,7118,7459,7970,8516,9100,6.66,Yes,9.7,5.2,39.5
Devanahalli,13.2487,77.7177,North,Apartment,3,2120,9600,5162,5818,6875,8124,9600,19.98,No,31.7,7.3,8.7
Yelahanka,13.1019,77.5925,North,Apartment,3,1480,10600,6063,6752,7847,9120,10600,15.03,No,23.1,5.6,12.6
KR Puram,13.0042,77.6973,East,Apartment,2,1290,9350,4915,5565,6616,7865,9350,19.37,Yes,6,6.4,34.6
Hulimavu,12.8926,77.6106,South,Apartment,1,600,7300,5278,5616,6129,6689,7300,9.64,No,7.4,8.4,41.1
Malleshwaram,13.0063,77.5699,North,Apartment,3,1410,13500,12277,12500,12825,13158,13500,2.95,Yes,13,3.7,30.5
Marathahalli,12.9544,77.6967,East,Apartment,1,640,9100,5746,6276,7103,8040,9100,13.75,No,3.2,9.1,37.1
RT Nagar,13.0184,77.5878,North,Builder Floor,3,1560,6900,5806,6000,6286,6586,6900,5.17,No,14.2,6,22.9
Rajajinagar,12.9947,77.5551,West,Apartment,2,1130,13050,10419,10876,11557,12281,13050,5.43,Yes,12.9,4,29.1
Koramangala,12.9343,77.6217,South,Apartment,3,2020,23500,14711,16096,18260,20715,23500,11.48,No,4.5,5.2,40
Hebbal,13.0393,77.5998,North,Apartment,2,890,16000,10742,11594,12908,14371,16000,9.96,No,10.2,7.2,16.2
Rajajinagar,12.9933,77.5546,West,Apartment,3,1780,14300,11416,11917,12664,13457,14300,6.89,Yes,13.6,3.7,32.8
Hulimavu,12.8992,77.6176,South,Builder Floor,1,540,7300,5278,5616,6129,6689,7300,8.44,No,7.8,7.8,45.9
Bellandur,12.9256,77.6789,East,Villa,3,1860,12550,7473,8256,9493,10915,12550,14.28,No,3.9,11.8,45
Gottigere,12.8676,77.6005,South,Apartment,3,1680,6750,4975,5274,5726,6217,6750,8.59,No,10.1,8.5,43.1
Frazer Town,12.9752,77.6125,Central,Apartment,3,1790,11300,9408,9742,10236,10755,11300,4.86,No,11.5,3.9,33.7
Bellandur,12.9208,77.6823,East,Apartment,3,1440,13800,8217,9079,10439,12002,13800,15.44,No,3.9,11,43.5
MG Road,12.9763,77.6029,Central,Apartment,3,1990,17100,13938,14491,15313,16182,17100,5.35,Yes,11.7,3.4,32.3
Whitefield,12.9747,77.7476,East,Apartment,3,1910,13950,6052,7117,8907,11147,13950,24.59,Yes,1.9,15.8,41.3
Thanisandra,13.0557,77.6231,North,Apartment,2,1010,10000,6314,6897,7806,8835,10000,11.41,No,12,7,18.2
Hoodi,12.98,77.7122,East,Apartment,3,1630,10350,6706,7288,8192,9208,10350,11.48,Yes,3.6,11,35.5
Hennur,13.0383,77.6417,North,Apartment,3,1450,8150,5472,5906,6575,7320,8150,9.82,No,12.2,8.2,23.2
Malleshwaram,13.0059,77.5699,North,Apartment,3,1770,13200,12004,12222,12540,12866,13200,2.33,Yes,14.8,3.8,27.5
Sarjapur Road,12.9018,77.6829,East,Builder Floor,1,620,12300,7446,8200,9387,10745,12300,13.21,No,4.7,12.8,40.6
RT Nagar,13.0214,77.5906,North,Apartment,3,2200,7500,6311,6522,6833,7159,7500,4.57,No,13.6,6,27.3
Kengeri,12.9143,77.4819,West,Apartment,2,990,5600,4380,4590,4905,5241,5600,5.86,Yes,19.4,9.7,44.3
Hebbal,13.0362,77.5949,North,Apartment,3,2080,17000,11414,12319,13715,15269,17000,12.9,No,10.4,8,17.5
Anjanapura,12.8579,77.5659,South,Apartment,2,1180,6650,5098,5363,5762,6190,6650,6.71,No,12.3,9.4,47.3
Yelahanka,13.105,77.5957,North,Apartment,1,650,10600,6063,6752,7847,9120,10600,18.55,No,22.7,5,11.9
Whitefield,12.973,77.754,East,Apartment,2,1180,13600,5900,6938,8683,10867,13600,26.54,Yes,1.9,13.5,39.4
Jayanagar,12.9204,77.5976,South,Villa,2,960,16150,11350,12142,13353,14685,16150,10.42,Yes,8.8,4,39.2
Anjanapura,12.8599,77.5684,South,Builder Floor,2,1040,5700,4370,4597,4939,5306,5700,7.37,No,12.9,10,47.2
Marathahalli,12.9545,77.7053,East,Apartment,3,2110,9200,5808,6344,7181,8128,9200,12.64,No,3.1,10.8,41.5
RT Nagar,13.0153,77.5931,North,Apartment,2,1060,7550,6353,6565,6878,7206,7550,4.06,No,13,5.2,24.7
Marathahalli,12.9631,77.6985,East,Apartment,3,1670,8750,5524,6034,6830,7731,8750,13.84,No,2.9,9.6,40.7
HSR Layout,12.9103,77.6385,South,Apartment,2,960,14850,8631,9581,11088,12832,14850,14.21,No,5.8,7.1,42.3
Manyata Tech Park,13.0444,77.6217,North,Apartment,3,1460,12200,8046,8715,9749,10906,12200,11.64,No,0.5,6.5,18.3
Banashankari,12.9345,77.5586,South,Builder Floor,1,580,7950,6218,6516,6963,7440,7950,5.88,Yes,10.7,5.2,40.4
Kengeri,12.9119,77.4803,West,Villa,3,1590,5500,4302,4508,4817,5147,5500,6.95,Yes,18.7,8.2,42.9
Electronic City,12.8414,77.657,South,Apartment,2,1200,7650,4749,5204,5917,6728,7650,14.41,No,0.8,18.3,50.6
HSR Layout,12.9128,77.6384,South,Apartment,2,890,13850,8049,8935,10341,11968,13850,15.27,No,5.5,8.3,42.2
MG Road,12.9718,77.5969,Central,Apartment,3,1790,14900,12145,12627,13343,14100,14900,5.15,Yes,12.2,3.3,32.7
KR Puram,13.0065,77.6987,East,Apartment,2,1030,9950,5232,5923,7041,8370,9950,17.02,Yes,6.7,7,32.7
Banashankari,12.9338,77.5581,South,Apartment,1,690,9150,7157,7500,8014,8563,9150,5.88,Yes,11.5,5.2,35.1
Sarjapur Road,12.8999,77.6827,East,Apartment,3,1990,12250,7415,8166,9348,10701,12250,12.76,No,4.7,12.1,41.5
Manyata Tech Park,13.0496,77.6262,North,Builder Floor,2,1000,12750,8408,9107,10188,11397,12750,12.43,No,0.5,6.8,18.7
Whitefield,12.9682,77.751,East,Apartment,2,1260,13800,5987,7041,8811,11027,13800,27.84,Yes,2.1,14.6,41.3
Whitefield,12.9655,77.7455,East,Apartment,3,1910,13700,5943,6989,8747,10947,13700,25.24,Yes,1.9,13.8,39.2
Thanisandra,13.0651,77.6255,North,Apartment,2,970,9350,5904,6449,7299,8261,9350,11.83,No,12.5,7.2,19.9
Nagarbhavi,12.9668,77.5036,West,Apartment,1,550,6000,4891,5085,5373,5678,6000,5.83,No,18.2,7.5,40.1
ITPL,12.9897,77.7255,East,Apartment,3,2020,10700,6814,7431,8391,9475,10700,13.53,No,1.6,13.4,42.2
Jayanagar,12.9209,77.5903,South,Apartment,3,2100,14400,10121,10827,11907,13094,14400,8.49,Yes,9.6,3.9,40.1
KR Puram,13.0092,77.7025,East,Apartment,2,1240,9300,4890,5536,6581,7823,9300,21.38,Yes,6.5,6.2,35.2
Jayanagar,12.92,77.5924,South,Builder Floor,3,1870,14700,10332,11053,12155,13367,14700,10.45,Yes,9.7,4,37.4
Hebbal,13.0347,77.5956,North,Apartment,4,2850,17200,11547,12463,13876,15449,17200,10.31,No,10.8,7.9,19
Koramangala,12.9349,77.6273,South,Apartment,2,1020,20500,12832,14040,15928,18070,20500,13.73,No,4.7,5.3,35.5
Indiranagar,12.9742,77.6361,East,Villa,2,1050,19450,13059,14095,15692,17470,19450,11.3,Yes,7,4.2,37.3
MG Road,12.9734,77.606,Central,Apartment,3,1700,15450,12593,13093,13836,14621,15450,4.97,Yes,12.3,3.1,36.9
Richmond Town,12.9663,77.6055,Central,Apartment,3,1600,14850,11616,12173,13007,13898,14850,6.53,Yes,12.3,2.9,37.5
Rajajinagar,12.9898,77.5545,West,Apartment,3,2000,13650,10897,11375,12088,12845,13650,5.96,Yes,12.9,4.3,28.3
Thanisandra,13.0614,77.6307,North,Apartment,3,1520,9350,5904,6449,7299,8261,9350,12.04,No,11.7,7.3,20.1
KR Puram,13.0083,77.6992,East,Apartment,3,1440,9200,4837,5476,6510,7739,9200,18.79,Yes,6.7,6.5,36.2
Nagarbhavi,12.9601,77.5056,West,Villa,2,1100,6700,5461,5678,6000,6340,6700,5.7,No,18.4,7.1,41.6
RT Nagar,13.0169,77.586,North,Apartment,2,1190,7800,6564,6783,7106,7445,7800,4.69,No,13.8,5.5,23.2
Koramangala,12.9324,77.624,South,Apartment,4,2260,20600,12896,14110,16007,18159,20600,15.25,No,5.3,4.9,40.8
Sarjapur Road,12.8974,77.6852,East,Builder Floor,2,1150,12400,7507,8267,9463,10832,12400,15.17,No,4.8,12.8,39.7
Rajajinagar,12.9873,77.5538,West,Apartment,3,1650,13800,11016,11499,12220,12986,13800,6.2,Yes,13.1,4,29.3
Yelahanka,13.0992,77.5966,North,Builder Floor,2,1070,11000,6291,7006,8143,9464,11000,16.91,No,24.1,5,13.5
Banashankari,12.9271,77.5558,South,Apartment,3,2100,8400,6570,6885,7357,7861,8400,6.3,Yes,11.2,4.7,36.9
Anjanapura,12.8587,77.5729,South,Apartment,2,1090,5850,4484,4717,5068,5445,5850,6.71,No,11.5,11,48.7
Electronic City,12.8486,77.6574,South,Villa,2,1100,7450,4624,5068,5762,6552,7450,14.19,No,0.9,19.2,49.9
Hebbal,13.0377,77.5998,North,Apartment,4,3200,17100,11480,12391,13795,15359,17100,11.96,No,10.9,8,16.9
Kanakapura Road,12.8589,77.5872,South,Apartment,3,2180,8050,5555,5964,6591,7284,8050,11.54,Yes,7.4,7.9,48.7
Rajajinagar,12.994,77.5555,West,Builder Floor,1,550,14000,11177,11667,12398,13175,14000,5.82,Yes,12.5,4.1,30.1
KR Puram,13.0123,77.7008,East,Apartment,2,870,9200,4837,5476,6510,7739,9200,16.23,Yes,6.9,6.4,36.1
Rajarajeshwari Nagar,12.9261,77.5075,West,Apartment,2,990,7000,5313,5600,6032,6498,7000,7.47,Yes,15,7.8,38.2
Gottigere,12.8708,77.599,South,Apartment,3,1400,6650,4901,5195,5641,6125,6650,7.33,No,10.5,9.1,46.5
JP Nagar,12.909,77.5829,South,Villa,2,1340,9850,7121,7577,8269,9025,9850,8.87,Yes,9.4,6.1,43.9
Yelahanka,13.0995,77.5927,North,Builder Floor,3,1930,9700,5549,6179,7181,8346,9700,16.53,No,23.3,4.8,12.6
Hebbal,13.0365,77.5939,North,Apartment,3,1710,15450,10372,11195,12464,13877,15450,10.51,No,10,7.4,19.1
Bellandur,12.927,77.6781,East,Apartment,2,950,12000,7146,7895,9077,10437,12000,14.49,No,3.5,11.8,42.1
ITPL,12.9832,77.7313,East,Villa,1,530,11700,7451,8125,9175,10361,11700,13.24,No,1.5,14,37.7
Rajarajeshwari Nagar,12.9206,77.5072,West,Villa,2,1270,6900,5237,5520,5946,6405,6900,7.51,Yes,16.2,8.1,40.9
JP Nagar,12.913,77.5819,South,Villa,1,480,9650,6978,7424,8102,8842,9650,9.94,Yes,8.6,6.5,44
Hoodi,12.9805,77.7123,East,Apartment,1,620,10600,6869,7465,8391,9431,10600,13.05,Yes,4.3,12.5,38.5
Hennur,13.0381,77.6355,North,Builder Floor,1,580,8100,5438,5869,6534,7275,8100,10.82,No,11.8,7.7,23.5
Hulimavu,12.8903,77.6161,South,Apartment,3,1800,7300,5278,5616,6129,6689,7300,9.04,No,7.1,8.3,46.7
Hennur,13.0421,77.6405,North,Apartment,1,610,8550,5741,6196,6898,7680,8550,10.69,No,11.3,8.1,22.5
RT Nagar,13.0204,77.5928,North,Apartment,2,1180,7850,6605,6826,7152,7493,7850,5.39,No,14.1,5.2,24.1
MG Road,12.9776,77.6029,Central,Villa,3,1800,16600,13531,14068,14866,15709,16600,5.67,Yes,10.7,3.4,36.3
Kengeri,12.9123,77.485,West,Apartment,1,660,5700,4458,4672,4992,5334,5700,7.79,Yes,19.5,8.6,44.3
Devanahalli,13.2493,77.7176,North,Builder Floor,3,1860,8750,4706,5304,6267,7405,8750,19.83,No,29.5,8.5,8.6
Bellandur,12.9247,77.681,East,Apartment,3,1520,13050,7770,8585,9871,11350,13050,16.01,No,3.6,11.1,47
Thanisandra,13.0612,77.6246,North,Apartment,3,1600,10250,6472,7069,8001,9056,10250,15,No,12,6.9,18.4
Frazer Town,12.9808,77.6184,Central,Apartment,3,2130,12300,10239,10603,11141,11706,12300,5.73,No,11.4,3.7,36.6
Bannerghatta Road,12.8751,77.6002,South,Apartment,3,1420,9500,5947,6507,7382,8374,9500,14.57,No,8.5,6.4,46.8
Kengeri,12.9115,77.4888,West,Apartment,1,600,5650,4420,4632,4949,5288,5650,7.11,Yes,18.7,8.6,41.6
Rajarajeshwari Nagar,12.9223,77.5066,West,Apartment,3,2010,8000,6073,6401,6895,7427,8000,7.68,Yes,16.3,9,39.6
Richmond Town,12.9645,77.6016,Central,Apartment,3,1800,14500,11341,11885,12700,13570,14500,7.37,Yes,10.4,2.8,36
HSR Layout,12.9077,77.6364,South,Apartment,1,610,12950,7526,8355,9669,11190,12950,16.09,No,5.6,8,38.5
Frazer Town,12.9736,77.618,Central,Apartment,3,1850,11550,9615,9956,10461,10992,11550,4.91,No,10,3.5,32.8
RT Nagar,13.0204,77.5924,North,Apartment,2,1320,6900,5806,6000,6286,6586,6900,5.27,No,12.5,5.7,24.1
Banashankari,12.929,77.5512,South,Apartment,1,560,8900,6961,7295,7795,8329,8900,7.88,Yes,10.9,5.3,35.5
Bannerghatta Road,12.8778,77.6006,South,Villa,1,670,9000,5634,6164,6993,7933,9000,12.31,No,8.9,6.7,39.4
Manyata Tech Park,13.0423,77.6177,North,Villa,1,680,11750,7749,8393,9389,10503,11750,12.1,No,0.5,7.4,18.7
Gottigere,12.8678,77.602,South,Builder Floor,2,1340,7050,5196,5508,5980,6493,7050,9.71,No,10.9,9.8,42.5
Whitefield,12.9727,77.7544,East,Apartment,1,560,14100,6117,7194,9003,11267,14100,21.87,Yes,2.2,14.6,45.6
Gottigere,12.8672,77.6034,South,Villa,2,1290,7300,5380,5703,6192,6723,7300,7.5,No,10.3,8.7,42.5
Rajarajeshwari Nagar,12.9177,77.5083,West,Apartment,2,1140,7250,5503,5800,6248,6730,7250,7.84,Yes,14.5,8.9,45
Hennur,13.0372,77.641,North,Apartment,2,1270,8050,5405,5834,6495,7231,8050,9.76,No,10.7,7.4,22.8
Banashankari,12.9282,77.556,South,Builder Floor,3,2130,8950,7000,7336,7839,8376,8950,7.32,Yes,9.5,4.8,35.2
Gottigere,12.8695,77.5971,South,Apartment,2,1290,6950,5122,5429,5895,6401,6950,9.5,No,10.2,8.8,44.1
Whitefield,12.965,77.7466,East,Apartment,4,2900,14400,6247,7347,9195,11507,14400,21.91,Yes,1.9,15.7,38.6
Electronic City,12.8498,77.6637,South,Apartment,3,1430,7500,4655,5102,5801,6596,7500,15.35,No,0.7,16.6,54.1
Koramangala,12.933,77.6203,South,Apartment,2,910,23450,14680,16062,18221,20671,23450,13.52,No,4.8,4.8,41
Hennur,13.0398,77.6394,North,Apartment,2,1320,9100,6110,6595,7342,8174,9100,9.84,No,12.1,7.6,21.2
Sarjapur Road,12.903,77.6876,East,Builder Floor,4,2340,12850,7779,8567,9807,11226,12850,12.81,No,4.5,11.1,46.9
KR Puram,13.0121,77.7023,East,Apartment,3,2160,9950,5232,5923,7041,8370,9950,19.78,Yes,6.8,6.2,37.5
ITPL,12.9847,77.7292,East,Builder Floor,1,550,11500,7323,7986,9018,10184,11500,14.23,No,1.4,13.1,39.8
Richmond Town,12.96,77.5972,Central,Apartment,3,1360,14700,11497,12049,12875,13757,14700,7.14,Yes,12.1,2.8,31.8
Nagarbhavi,12.961,77.5014,West,Apartment,2,880,6600,5380,5594,5911,6246,6600,5.91,No,18.9,7.4,45.4
Richmond Town,12.9592,77.6018,Central,Builder Floor,2,1020,13450,10519,11024,11780,12587,13450,5.88,Yes,10.3,3,34.2
RT Nagar,13.0218,77.5905,North,Builder Floor,1,520,7600,6396,6609,6924,7254,7600,5.16,No,13.2,5.3,26.2
Anjanapura,12.8554,77.5679,South,Apartment,1,680,6450,4945,5202,5589,6004,6450,7.8,No,12.4,10.8,51
Whitefield,12.9729,77.752,East,Villa,1,470,15100,6552,7705,9642,12066,15100,22.45,Yes,2,14.5,41.1
Hennur,13.0415,77.6362,North,Apartment,1,690,9000,6043,6522,7261,8084,9000,9.99,No,10.9,8.2,22.2
Bannerghatta Road,12.8761,77.5957,South,Apartment,3,1330,9000,5634,6164,6993,7933,9000,14.52,No,8.5,5.9,46.8
Bellandur,12.9296,77.6737,East,Apartment,3,1870,12800,7623,8422,9683,11133,12800,15.64,No,3.5,11.7,41
Manyata Tech Park,13.0439,77.626,North,Apartment,3,1590,11150,7354,7965,8910,9967,11150,13.1,No,0.5,7.7,18.4
Bellandur,12.9249,77.6733,East,Apartment,3,1500,12000,7146,7895,9077,10437,12000,14.58,No,3.5,11.6,42.5
Hebbal,13.0343,77.5934,North,Apartment,3,1770,16700,11212,12101,13473,15000,16700,11.94,No,9.6,7.9,16.5
Yelahanka,13.1035,77.5982,North,Apartment,3,1710,10700,6120,6815,7921,9206,10700,15.69,No,19.8,5.2,11.6
Hoodi,12.9789,77.7212,East,Apartment,3,2160,9850,6382,6936,7796,8763,9850,11.52,Yes,3.9,12.1,39.3
Hennur,13.0413,77.6364,North,Builder Floor,2,1070,8250,5539,5978,6656,7410,8250,12.7,No,11.8,7.1,20.6
Indiranagar,12.9793,77.6419,East,Apartment,3,1410,18850,12655,13659,15207,16931,18850,9.95,Yes,6.5,4.1,37.7
Gottigere,12.8662,77.5994,South,Villa,1,540,7000,5159,5469,5938,6447,7000,9.06,No,9.7,9,47
Whitefield,12.9729,77.751,East,Apartment,3,1690,13450,5835,6862,8588,10747,13450,25.41,Yes,1.8,13.2,46.1
Hennur,13.0423,77.639,North,Apartment,2,1160,8050,5405,5834,6495,7231,8050,10.44,No,10.7,7.4,22.8
Manyata Tech Park,13.0414,77.6197,North,Apartment,2,1090,11100,7320,7928,8869,9922,11100,11.3,No,0.5,7.5,17.2
Rajajinagar,12.9944,77.5488,West,Builder Floor,2,1090,13400,10697,11166,11866,12610,13400,6.75,Yes,13.4,4.4,28.1
MG Road,12.9767,77.5978,Central,Apartment,3,1910,17250,14061,14619,15448,16324,17250,5.34,Yes,11.1,3.2,33.3
Sarjapur Road,12.8983,77.6887,East,Apartment,3,1660,12600,7627,8400,9616,11007,12600,15.61,No,4.3,11.8,43.8
Hoodi,12.9816,77.7157,East,Apartment,1,660,10900,7063,7676,8628,9698,10900,12.74,Yes,4.3,13,34.5
Bellandur,12.9253,77.676,East,Villa,3,1670,12600,7502,8289,9531,10959,12600,12.77,No,3.4,10.3,41.5
Hulimavu,12.8986,77.6127,South,Villa,3,1560,7400,5350,5692,6212,6780,7400,9.28,No,7,8.5,41.6
Whitefield,12.9682,77.748,East,Villa,3,1750,13650,5922,6964,8715,10907,13650,25.66,Yes,2,13.6,40.4
Koramangala,12.9366,77.6231,South,Villa,3,2040,21800,13648,14932,16939,19216,21800,11.73,No,4.9,5.6,36
JP Nagar,12.9124,77.5819,South,Villa,1,500,9000,6506,6922,7555,8246,9000,9.14,Yes,9.8,7,37.6
Richmond Town,12.962,77.5969,Central,Builder Floor,4,2560,14550,11381,11927,12744,13617,14550,7.07,Yes,10.8,2.9,37.6
Whitefield,12.9693,77.75,East,Apartment,2,1070,15150,6572,7729,9673,12106,15150,25.83,Yes,2,15,42.6
Hulimavu,12.8915,77.6172,South,Builder Floor,3,1670,6700,4844,5154,5625,6139,6700,9.32,No,7.1,8.1,44.2
Rajarajeshwari Nagar,12.9251,77.5071,West,Apartment,2,1320,7850,5958,6280,6765,7287,7850,6.65,Yes,16,7.7,43.2
MG Road,12.9762,77.5995,Central,Apartment,3,1340,16350,13327,13856,14642,15472,16350,4.95,Yes,12.9,3.2,32.9
Hebbal,13.0332,77.6011,North,Apartment,4,3010,17100,11480,12391,13795,15359,17100,12.66,No,11,7.8,17.9
KR Puram,13.0109,77.699,East,Builder Floor,2,1070,8850,4653,5268,6263,7445,8850,16.54,Yes,6.5,7.3,32.2
Yelahanka,13.0966,77.6001,North,Villa,3,1810,10550,6035,6720,7810,9077,10550,16.88,No,22.2,5.1,11.8
RT Nagar,13.0184,77.5937,North,Apartment,2,1300,7550,6353,6565,6878,7206,7550,4.22,No,12.5,5.8,22.6
Gottigere,12.8733,77.6032,South,Apartment,3,1440,6650,4901,5195,5641,6125,6650,9.71,No,10.1,8.8,46.5
ITPL,12.9876,77.7254,East,Apartment,2,870,11450,7291,7951,8979,10140,11450,11.01,No,1.4,13.4,41.1
Jayanagar,12.9266,77.5929,South,Apartment,2,930,15400,10823,11579,12734,14004,15400,10.92,Yes,9.5,3.6,35.8
Rajarajeshwari Nagar,12.9268,77.5042,West,Apartment,2,890,7300,5541,5840,6291,6777,7300,6.89,Yes,16.5,8.7,41.3
Yelahanka,13.0977,77.6003,North,Apartment,1,670,10650,6091,6783,7884,9163,10650,17.69,No,19.8,4.9,12.6
ITPL,12.988,77.7238,East,Apartment,1,700,11100,7069,7709,8705,9830,11100,12.56,No,1.4,13.5,42.7
KR Puram,13.01,77.7004,East,Apartment,1,580,9400,4942,5595,6651,7907,9400,18.42,Yes,6.1,6.4,35
Hebbal,13.0339,77.6,North,Villa,2,1300,16000,10742,11594,12908,14371,16000,10.75,No,10.9,8,17.1
Hebbal,13.0391,77.5976,North,Villa,2,1300,16050,10775,11630,12948,14416,16050,11.48,No,9.1,8.6,19.1
ITPL,12.9885,77.7317,East,Apartment,3,1950,11300,7197,7848,8862,10007,11300,14.37,No,1.5,14.7,40.9
Hennur,13.0441,77.6354,North,Apartment,2,1340,9150,6144,6631,7382,8219,9150,9.79,No,11.2,7.7,22.5
Rajajinagar,12.9902,77.5532,West,Apartment,3,1640,12500,9978,10416,11069,11763,12500,6.83,Yes,11.9,4.4,32.6
Hennur,13.0358,77.6404,North,Apartment,3,2070,9150,6144,6631,7382,8219,9150,11.68,No,11.8,7.2,21.4
HSR Layout,12.9083,77.6373,South,Apartment,2,990,13300,7729,8580,9930,11492,13300,15.53,No,5.3,8.1,39
Bellandur,12.9301,77.6769,East,Apartment,2,1150,12250,7294,8059,9266,10654,12250,15.18,No,3.5,11.5,45.8
Banashankari,12.9332,77.5538,South,Builder Floor,2,1270,8200,6413,6721,7182,7674,8200,6.07,Yes,9.9,5.5,37.3
RT Nagar,13.0181,77.5851,North,Apartment,1,470,7250,6100,6304,6605,6920,7250,5.04,No,13.5,5.2,23.1
Rajajinagar,12.9901,77.5493,West,Apartment,3,2120,14500,11575,12083,12840,13645,14500,6.13,Yes,12.5,4.3,29.7
Koramangala,12.94,77.6199,South,Villa,3,1710,21200,13272,14521,16473,18688,21200,13.77,No,5.3,4.9,34.1
Banashankari,12.9344,77.5576,South,Builder Floor,3,1390,8000,6258,6558,7007,7487,8000,6.66,Yes,9.9,4.6,41
Thanisandra,13.0584,77.6281,North,Apartment,1,640,10000,6314,6897,7806,8835,10000,11.74,No,12.2,6.4,19
Kanakapura Road,12.86,77.5844,South,Builder Floor,2,1080,8350,5761,6185,6836,7555,8350,9.57,Yes,8.2,8.1,48
MG Road,12.9789,77.5992,Central,Apartment,4,2220,14750,12023,12500,13209,13958,14750,6.34,Yes,12.7,3.3,32.2
Bellandur,12.9238,77.6766,East,Villa,1,490,13350,7950,8783,10098,11611,13350,17.03,No,3.6,11.6,46.4
Gottigere,12.8713,77.5999,South,Apartment,2,1290,6450,4755,5040,5472,5941,6450,8.75,No,10.5,9.4,41.6
Whitefield,12.9695,77.7451,East,Apartment,2,1180,14050,6095,7168,8971,11227,14050,24.17,Yes,1.9,14.7,41
Koramangala,12.9345,77.6284,South,Apartment,3,1920,22100,13835,15137,17172,19481,22100,14.92,No,5.3,4.7,38.9
Whitefield,12.9717,77.7507,East,Apartment,3,1980,14550,6312,7423,9290,11626,14550,26.83,Yes,1.9,15.7,44.4
Richmond Town,12.9598,77.6036,Central,Apartment,2,1000,13400,10481,10984,11737,12541,13400,6.73,Yes,12,2.6,36.1
Hulimavu,12.8936,77.6158,South,Apartment,3,1580,7500,5423,5770,6297,6872,7500,9.77,No,8.1,8.7,44.9
Hebbal,13.0329,77.5923,North,Builder Floor,2,1250,14950,10037,10833,12061,13428,14950,10.18,No,9.4,7.3,16.6
HSR Layout,12.9083,77.6431,South,Apartment,2,1250,14900,8660,9613,11125,12875,14900,15.52,No,5.7,8.5,45.1
Hennur,13.0414,77.6403,North,Apartment,3,1350,8100,5438,5869,6534,7275,8100,12.7,No,12.2,7.7,23.4
Sarjapur Road,12.8978,77.6868,East,Villa,4,3270,11900,7204,7934,9082,10396,11900,13.34,No,4.2,12.5,47.2
RT Nagar,13.0248,77.5893,North,Apartment,2,900,7400,6227,6435,6742,7063,7400,4.99,No,14.1,5.8,27.3
MG Road,12.9767,77.5969,Central,Apartment,3,2100,15950,13001,13517,14284,15094,15950,6.15,Yes,12.4,3,36.5
Richmond Town,12.9626,77.5972,Central,Apartment,3,1740,13800,10794,11312,12087,12915,13800,6.63,Yes,10.7,2.7,32.6
Devanahalli,13.2421,77.7146,North,Apartment,2,920,8700,4677,5272,6230,7362,8700,16.52,No,27.2,8.5,8.3
Indiranagar,12.9777,77.6408,East,Apartment,4,3070,20650,13864,14964,16660,18548,20650,11.76,Yes,6.7,3.8,39.2
Sarjapur Road,12.9021,77.6903,East,Apartment,2,1030,11750,7113,7833,8967,10265,11750,14.52,No,4.1,11.2,41.9
Frazer Town,12.9773,77.6112,Central,Apartment,2,1180,12150,10116,10475,11006,11564,12150,5.04,No,9.9,4.1,37.9
Koramangala,12.9363,77.6261,South,Apartment,4,3180,21550,13490,14760,16745,18996,21550,13.67,No,4.9,5.2,39.7
Sarjapur Road,12.9035,77.6848,East,Apartment,2,1030,11600,7023,7734,8853,10134,11600,13.37,No,4.3,12.9,42.9
Hennur,13.0372,77.6387,North,Apartment,3,1740,8900,5975,6449,7180,7994,8900,10.38,No,12.3,7.9,21.1
Hennur,13.0392,77.6419,North,Apartment,3,1860,8700,5841,6304,7019,7814,8700,10.8,No,11.8,8.1,23.3
Rajajinagar,12.9931,77.5515,West,Apartment,2,1000,13900,11096,11583,12309,13080,13900,5.41,Yes,13.5,4.3,31.1
Bellandur,12.9212,77.6755,East,Builder Floor,2,1150,13200,7860,8684,9985,11480,13200,14.81,No,3.6,12,44
RT Nagar,13.0172,77.5852,North,Apartment,2,1230,7150,6016,6217,6514,6825,7150,4.34,No,13.2,5.4,27.2
Nagarbhavi,12.9602,77.5062,West,Villa,1,700,5900,4808,4999,5283,5583,5900,5.21,No,17.5,7,43
Hulimavu,12.8983,77.6166,South,Apartment,2,980,7550,5459,5808,6339,6918,7550,10.29,No,7.7,8.3,46.5
Rajarajeshwari Nagar,12.9178,77.5035,West,Apartment,1,560,7050,5351,5640,6076,6545,7050,7.95,Yes,14.4,8.6,44.9
Gottigere,12.867,77.5941,South,Apartment,2,1260,6600,4865,5157,5599,6079,6600,7.84,No,9.5,9.8,50.3
Thanisandra,13.058,77.6243,North,Builder Floor,2,1110,9000,5683,6208,7026,7952,9000,12.01,No,10.9,7.6,19.2
Devanahalli,13.2423,77.719,North,Apartment,3,1430,8750,4706,5304,6267,7405,8750,18.4,No,29.5,8.4,8
Thanisandra,13.0612,77.6273,North,Apartment,2,940,10000,6314,6897,7806,8835,10000,15.06,No,12.6,6.5,19
KR Puram,13.007,77.7017,East,Apartment,3,1570,8800,4627,5238,6227,7403,8800,16.45,Yes,6.4,6.8,32
Whitefield,12.9655,77.7507,East,Apartment,2,980,14150,6139,7220,9035,11307,14150,26.81,Yes,2.1,15.8,43.3
Gottigere,12.876,77.5964,South,Builder Floor,2,1220,6900,5086,5391,5853,6355,6900,9.21,No,10.3,9.1,45.1
Kengeri,12.9172,77.4853,West,Apartment,2,970,5700,4458,4672,4992,5334,5700,7.82,Yes,21.6,8.2,46.8
Rajarajeshwari Nagar,12.9211,77.5104,West,Builder Floor,3,2090,8050,6110,6440,6937,7473,8050,8.29,Yes,14.6,8,46.2
Hebbal,13.0335,77.5966,North,Apartment,2,1260,16350,10977,11848,13191,14686,16350,12.8,No,9.6,7.7,16.7
Thanisandra,13.0594,77.6222,North,Apartment,3,1840,9800,6187,6758,7649,8658,9800,12.7,No,12.4,7,18.8
Frazer Town,12.9791,77.6102,Central,Apartment,2,1230,11350,9450,9785,10281,10802,11350,4.99,No,9.8,4,33.4
JP Nagar,12.9082,77.5812,South,Builder Floor,3,1740,9300,6723,7153,7807,8521,9300,10.17,Yes,8.6,7.1,39.8
Sarjapur Road,12.9043,77.6865,East,Apartment,3,1980,11550,6992,7700,8814,10090,11550,13.52,No,4.5,12.7,48
Yelahanka,13.0961,77.5944,North,Villa,2,1320,10700,6120,6815,7921,9206,10700,14.27,No,20.5,4.8,11.3
Manyata Tech Park,13.0459,77.6167,North,Builder Floor,4,3300,12750,8408,9107,10188,11397,12750,11.83,No,0.5,7.3,18
Hebbal,13.031,77.5931,North,Apartment,3,1950,16900,11347,12247,13635,15180,16900,12.21,No,10.7,8.1,18.2
HSR Layout,12.9125,77.6363,South,Apartment,2,900,14250,8281,9193,10639,12313,14250,15.55,No,5.9,7.2,43.3
Banashankari,12.9354,77.5509,South,Apartment,2,920,8250,6453,6763,7226,7721,8250,5.98,Yes,10,5.4,38.7
HSR Layout,12.9123,77.6433,South,Builder Floor,2,1220,13950,8107,9000,10416,12054,13950,15.64,No,6,7.9,38.5
Whitefield,12.9743,77.7542,East,Builder Floor,2,1080,14000,6074,7143,8939,11187,14000,22.53,Yes,1.9,13.7,45.9
Hoodi,12.9833,77.7153,East,Apartment,3,1300,9900,6415,6972,7836,8808,9900,12.99,Yes,4.4,11.6,36.4
Kanakapura Road,12.8606,77.5875,South,Apartment,1,640,8650,5968,6408,7082,7827,8650,10.93,Yes,8.5,7.7,44.1
Kengeri,12.9199,77.4819,West,Villa,2,910,5750,4497,4713,5036,5381,5750,7.15,Yes,18.2,8.9,40.9
Banashankari,12.9337,77.5522,South,Apartment,2,1330,9000,7039,7377,7883,8423,9000,6.28,Yes,9.9,4.7,39
Kengeri,12.9114,77.484,West,Villa,1,510,5600,4380,4590,4905,5241,5600,7.26,Yes,19.8,9.5,43.8
Jayanagar,12.9252,77.5964,South,Apartment,3,1660,15750,11069,11842,13023,14322,15750,8.51,Yes,9,3.5,37
ITPL,12.9841,77.7276,East,Apartment,1,620,11650,7419,8090,9136,10317,11650,13.9,No,1.5,12.8,36.8
Gottigere,12.8704,77.5981,South,Apartment,2,870,6950,5122,5429,5895,6401,6950,8.93,No,10.7,8.9,46.1
Hulimavu,12.8942,77.6093,South,Apartment,3,1740,6900,4989,5308,5793,6322,6900,8.65,No,7,8,46.3
Malleshwaram,13.0028,77.5754,North,Builder Floor,3,2090,13050,11867,12083,12397,12719,13050,2.94,Yes,13.8,3.3,27.1
Koramangala,12.9328,77.6278,South,Villa,2,1320,20750,12990,14212,16123,18291,20750,11.75,No,5.2,4.7,39.2
RT Nagar,13.0172,77.5934,North,Builder Floor,2,860,7250,6100,6304,6605,6920,7250,5.34,No,13.9,5.9,27.3
Bellandur,12.9218,77.6736,East,Villa,2,1170,13600,8098,8947,10287,11828,13600,17.19,No,3.4,11.1,39.4
Manyata Tech Park,13.0463,77.6264,North,Builder Floor,2,1200,11050,7288,7893,8830,9878,11050,10.41,No,0.5,7.8,19.8
Hebbal,13.0384,77.5968,North,Apartment,3,2030,16250,10909,11775,13110,14596,16250,11.36,No,9.7,8.1,17.7
HSR Layout,12.9146,77.6382,South,Apartment,1,610,14700,8543,9484,10976,12702,14700,14.41,No,5.8,8.3,39.4
Nagarbhavi,12.9623,77.5073,West,Villa,2,1030,6150,5013,5212,5508,5820,6150,5.78,No,16.6,6.7,45.7
Richmond Town,12.9628,77.6019,Central,Apartment,2,1260,14500,11341,11885,12700,13570,14500,7.79,Yes,12.2,3.1,38.3
JP Nagar,12.9044,77.5831,South,Apartment,2,910,9750,7050,7501,8186,8934,9750,8.48,Yes,8.5,6.9,40.5
Kanakapura Road,12.8679,77.5847,South,Builder Floor,1,700,8150,5623,6037,6672,7374,8150,10.89,Yes,8,8.7,47.7
Yelahanka,13.0984,77.5926,North,Apartment,3,1390,10450,5977,6656,7736,8991,10450,17.64,No,23.6,5.3,12.2
Malleshwaram,13.003,77.5722,North,Apartment,4,3230,14300,13004,13241,13585,13938,14300,2.84,Yes,13.1,3.5,29.9
Banashankari,12.9278,77.5556,South,Apartment,2,1210,8200,6413,6721,7182,7674,8200,7.34,Yes,11.1,5.2,40.6
Yelahanka,13.1025,77.5936,North,Apartment,3,2000,11050,6320,7038,8180,9507,11050,14.91,No,23.3,5.7,12
Kanakapura Road,12.8681,77.5851,South,Builder Floor,2,950,8200,5657,6074,6713,7419,8200,11.09,Yes,8.8,8.5,40.8
HSR Layout,12.909,77.6354,South,Apartment,3,1360,13800,8020,8903,10303,11924,13800,14.48,No,6.1,7.4,41
Varthur,12.9495,77.752,East,Apartment,3,1530,7650,5045,5464,6113,6838,7650,11.56,No,3.7,14.1,41.4
RT Nagar,13.017,77.589,North,Apartment,2,860,7500,6311,6522,6833,7159,7500,5.36,No,11.9,5.9,24.8
Bellandur,12.9237,77.6739,East,Apartment,3,1350,12050,7176,7928,9115,10480,12050,15.78,No,3.9,11.5,40.9
Whitefield,12.9672,77.7452,East,Apartment,1,660,13250,5748,6760,8460,10588,13250,26.6,Yes,1.9,14.4,38.5
Richmond Town,12.9607,77.603,Central,Villa,3,1990,14550,11381,11927,12744,13617,14550,6.96,Yes,12.2,2.6,31.8
Hebbal,13.0362,77.5968,North,Apartment,4,2950,16050,10775,11630,12948,14416,16050,12.62,No,10.9,7.7,17.2
Sarjapur Road,12.901,77.6897,East,Apartment,1,690,12600,7627,8400,9616,11007,12600,13.1,No,4.7,11.3,43.2
HSR Layout,12.9145,77.6407,South,Apartment,2,930,12900,7497,8323,9632,11147,12900,14.78,No,5.5,8,42.3
Whitefield,12.974,77.7512,East,Apartment,2,1120,13900,6030,7092,8875,11107,13900,26.01,Yes,2,13.6,40.3
Hennur,13.04,77.6438,North,Apartment,2,1170,8900,5975,6449,7180,7994,8900,9.81,No,11.1,7.2,22.8
ITPL,12.981,77.7241,East,Apartment,2,920,11500,7323,7986,9018,10184,11500,12.58,No,1.6,12.7,40.7
Yelahanka,13.1037,77.6009,North,Apartment,3,1720,11250,6434,7165,8328,9679,11250,15.21,No,22,4.9,11.7
Jayanagar,12.9257,77.5915,South,Villa,3,2080,15800,11104,11879,13064,14367,15800,11.11,Yes,10.4,4.1,37.5
Anjanapura,12.8513,77.5655,South,Apartment,1,560,5850,4484,4717,5068,5445,5850,6.85,No,13,10.5,44
MG Road,12.9795,77.6001,Central,Apartment,4,2350,16300,13285,13813,14597,15425,16300,5.76,Yes,12.5,2.9,37.2
Nagarbhavi,12.9645,77.5032,West,Builder Floor,1,630,6050,4931,5127,5418,5725,6050,6.32,No,18.3,7.6,39.1
Koramangala,12.9365,77.6274,South,Apartment,3,1900,21150,13240,14486,16434,18643,21150,11.87,No,4.7,5.6,37.8
Devanahalli,13.251,77.7118,North,Builder Floor,1,680,9600,5162,5818,6875,8124,9600,17.81,No,31.9,7.8,8.2
Hennur,13.043,77.6349,North,Apartment,1,550,8250,5539,5978,6656,7410,8250,10.47,No,11.9,8.1,20.3
KR Puram,13.0101,77.6971,East,Apartment,2,1330,9400,4942,5595,6651,7907,9400,16.35,Yes,7.1,6.5,37.5
Gottigere,12.8729,77.6023,South,Builder Floor,1,580,6500,4790,5078,5514,5987,6500,8.8,No,10.6,9.3,41.8
Hulimavu,12.8974,77.6172,South,Builder Floor,2,950,7750,5603,5961,6506,7101,7750,9.01,No,8,8.3,47.7
HSR Layout,12.911,77.6358,South,Apartment,3,1690,13350,7759,8613,9968,11536,13350,17.55,No,5.5,7.6,39.4
Hennur,13.0393,77.643,North,Apartment,2,1050,7900,5304,5725,6374,7096,7900,9.83,No,12.5,7.9,20
Thanisandra,13.0625,77.626,North,Apartment,3,1460,8800,5556,6069,6869,7775,8800,12.41,No,10.8,7.4,19.2
Nagarbhavi,12.9646,77.4994,West,Builder Floor,2,980,6650,5420,5635,5955,6293,6650,5.1,No,18,7.2,42
Frazer Town,12.9814,77.6142,Central,Apartment,3,2050,12150,10116,10475,11006,11564,12150,5.41,No,10.1,3.4,38.2
RT Nagar,13.0218,77.586,North,Apartment,1,560,7200,6058,6260,6559,6872,7200,4.58,No,12.2,5,25.4
Frazer Town,12.9763,77.6183,Central,Builder Floor,1,680,11150,9282,9612,10100,10612,11150,5.81,No,11.1,3.5,33.9
Bellandur,12.9268,77.6778,East,Villa,1,550,13300,7920,8750,10060,11567,13300,15.15,No,3.7,10.3,47.1
Varthur,12.9484,77.7442,East,Apartment,2,1160,7350,4847,5250,5873,6570,7350,12,No,3.7,12.2,45.9
HSR Layout,12.9076,77.6413,South,Apartment,2,1080,13050,7584,8419,9743,11276,13050,14.91,No,5.5,7.3,44.3
Jayanagar,12.9203,77.5916,South,Apartment,3,1520,15650,10999,11767,12941,14231,15650,8.48,Yes,9.6,4,37.4
Hoodi,12.9795,77.718,East,Apartment,2,1050,11050,7161,7782,8747,9831,11050,11.51,Yes,4.1,13.1,35.9
Richmond Town,12.9586,77.6017,Central,Apartment,3,1330,15250,11928,12500,13357,14272,15250,5.97,Yes,10.4,3.1,33.4
Banashankari,12.9271,77.5519,South,Builder Floor,2,1350,8250,6453,6763,7226,7721,8250,6.82,Yes,9.8,4.9,36.1
KR Puram,13.011,77.6987,East,Builder Floor,2,1350,10000,5257,5952,7076,8412,10000,19.77,Yes,6.6,7.2,34
Yelahanka,13.096,77.5956,North,Apartment,2,1340,9750,5577,6210,7218,8389,9750,18.53,No,24,4.8,11.1
Frazer Town,12.9759,77.6116,Central,Apartment,3,1490,11400,9491,9828,10326,10850,11400,5.25,No,9.6,3.6,33
Frazer Town,12.982,77.6119,Central,Apartment,3,1790,11200,9323,9654,10144,10659,11200,4.94,No,9.7,4,33.8
Nagarbhavi,12.9624,77.5036,West,Apartment,2,1050,6100,4973,5170,5463,5773,6100,5.03,No,18.7,7.4,38.6
Banashankari,12.9319,77.55,South,Builder Floor,3,1510,9100,7118,7459,7970,8516,9100,6.92,Yes,11.1,4.7,35
Devanahalli,13.2483,77.7101,North,Apartment,2,1080,9500,5107,5757,6803,8039,9500,16.93,No,29.8,8.4,7.4
Manyata Tech Park,13.0497,77.6186,North,Apartment,3,1800,12400,8178,8857,9908,11084,12400,12.16,No,0.5,7.9,19.9
HSR Layout,12.9129,77.641,South,Apartment,1,630,14100,8195,9097,10528,12184,14100,16.15,No,6.2,7.2,40.9
Malleshwaram,13.003,77.5752,North,Apartment,2,1200,13650,12413,12639,12967,13304,13650,2.98,Yes,13.9,3.7,29
Hoodi,12.9793,77.7194,East,Apartment,2,1270,10550,6837,7430,8351,9386,10550,12.45,Yes,3.9,12.3,41.4
Thanisandra,13.0579,77.6244,North,Builder Floor,2,860,9000,5683,6208,7026,7952,9000,13.35,No,12.3,7.3,21.4
ITPL,12.9867,77.7275,East,Apartment,3,1740,10950,6973,7604,8587,9697,10950,14.83,No,1.4,14.1,40
Rajarajeshwari Nagar,12.9247,77.5036,West,Villa,3,1920,7100,5389,5680,6119,6591,7100,7.92,Yes,13.5,7.9,46.1
Hebbal,13.0372,77.596,North,Apartment,3,2000,15050,10104,10906,12142,13518,15050,10.1,No,10.2,7.9,17.6
Jayanagar,12.9257,77.5969,South,Apartment,2,1170,15800,11104,11879,13064,14367,15800,8.93,Yes,8.9,3.8,37.2
ITPL,12.9848,77.7283,East,Builder Floor,4,2640,10900,6941,7569,8547,9652,10900,12.11,No,1.6,12.3,40.8
Whitefield,12.9741,77.7548,East,Apartment,2,1180,13750,5965,7015,8779,10987,13750,22.83,Yes,2.1,15.6,44.9
Devanahalli,13.2469,77.7121,North,Apartment,1,510,9450,5082,5728,6768,7997,9450,16.98,No,32,8.5,7.6
Thanisandra,13.0603,77.6286,North,Apartment,2,1030,10000,6314,6897,7806,8835,10000,12.59,No,11.7,6.9,18.6
Hoodi,12.9834,77.7188,East,Builder Floor,2,990,10550,6837,7430,8351,9386,10550,12.06,Yes,4.3,12.4,37.1
HSR Layout,12.9155,77.6413,South,Apartment,3,1680,13200,7671,8516,9856,11406,13200,14.39,No,5.1,7.6,41.2
Bellandur,12.9234,77.6775,East,Apartment,2,920,12300,7324,8092,9304,10698,12300,15.16,No,4.1,11.4,42.1
Sarjapur Road,12.897,77.6884,East,Apartment,4,2290,12050,7294,8033,9196,10527,12050,12.48,No,4.3,12.8,39.8
HSR Layout,12.9078,77.6388,South,Apartment,3,1710,14650,8514,9451,10938,12659,14650,15.52,No,5.9,8.5,47
Electronic City,12.8471,77.6645,South,Apartment,1,580,7050,4376,4796,5453,6200,7050,13.82,No,0.9,17.2,55.9
RT Nagar,13.0175,77.5851,North,Apartment,2,1070,7950,6690,6913,7243,7588,7950,5.36,No,13.1,5.9,27.1
Bellandur,12.9294,77.6802,East,Apartment,2,1250,13350,7950,8783,10098,11611,13350,15.48,No,3.8,11.3,47.1
Frazer Town,12.9754,77.6147,Central,Apartment,3,1600,11250,9366,9698,10190,10707,11250,5.07,No,9.9,4,37.8
JP Nagar,12.9105,77.5826,South,Builder Floor,1,510,9100,6579,7000,7640,8338,9100,10.09,Yes,9.1,7,42.6
Bannerghatta Road,12.8798,77.5977,South,Villa,2,1050,9750,6103,6677,7575,8594,9750,12.38,No,8.6,7.1,43.5
Frazer Town,12.9759,77.617,Central,Apartment,3,1890,12500,10407,10776,11323,11897,12500,5.42,No,10.5,3.7,38.6
Marathahalli,12.9561,77.7046,East,Apartment,1,470,9100,5746,6276,7103,8040,9100,14.8,No,2.9,9.4,36.9
Kengeri,12.9122,77.4825,West,Builder Floor,2,1130,6050,4732,4959,5299,5662,6050,7.29,Yes,21.1,9.1,39.5
ITPL,12.9809,77.7235,East,Apartment,2,1030,10350,6591,7187,8116,9165,10350,13.08,No,1.5,13,42
MG Road,12.9794,77.6016,Central,Apartment,4,2250,15300,12472,12967,13702,14479,15300,6.01,Yes,12.4,3,37.4
Hebbal,13.0383,77.6014,North,Villa,4,2850,17000,11414,12319,13715,15269,17000,11.65,No,10.5,8.4,18.5
Manyata Tech Park,13.0504,77.6186,North,Builder Floor,2,860,11900,7847,8499,9508,10637,11900,13.64,No,0.5,6.5,20.7
HSR Layout,12.9105,77.6416,South,Apartment,3,2160,14950,8688,9645,11162,12918,14950,16.46,No,6.2,8.4,41.4
Bellandur,12.9292,77.678,East,Apartment,3,1830,12300,7324,8092,9304,10698,12300,15.66,No,3.5,10.2,45.2
Kengeri,12.9132,77.4855,West,Builder Floor,1,550,6150,4811,5042,5387,5756,6150,6.26,Yes,20.3,8.8,42.5
Frazer Town,12.9804,77.6175,Central,Apartment,4,2520,11250,9366,9698,10190,10707,11250,4.85,No,11.3,4,34
Rajarajeshwari Nagar,12.9231,77.5049,West,Builder Floor,1,490,7750,5881,6199,6678,7194,7750,7.5,Yes,14.2,7.9,45.8
Nagarbhavi,12.9656,77.5001,West,Villa,2,970,6100,4973,5170,5463,5773,6100,5.95,No,18.5,6.9,39.6
Manyata Tech Park,13.0502,77.625,North,Villa,2,880,11600,7650,8286,9269,10369,11600,13.51,No,0.5,7.1,18.3
ITPL,12.9867,77.7228,East,Builder Floor,3,1680,10300,6560,7153,8077,9121,10300,12.76,No,1.4,13.6,37.8
Sarjapur Road,12.8994,77.6818,East,Apartment,3,1460,12750,7718,8500,9730,11138,12750,13.59,No,4.8,12.5,48.3
Gottigere,12.8684,77.5977,South,Apartment,2,990,6300,4643,4922,5344,5802,6300,8.68,No,9.8,9.8,44.3
Hoodi,12.9794,77.7147,East,Apartment,2,1220,9750,6318,6866,7717,8674,9750,10.66,Yes,3.9,12.4,34.3
Whitefield,12.9679,77.752,East,Apartment,3,1790,14850,6443,7577,9482,11866,14850,27.77,Yes,2.1,13.4,45.3
Marathahalli,12.9579,77.699,East,Apartment,2,1260,8800,5556,6069,6869,7775,8800,11.38,No,3,10.8,42
Nagarbhavi,12.9629,77.4992,West,Apartment,3,1500,6550,5338,5550,5865,6198,6550,5.98,No,16.7,6.8,39.2
Electronic City,12.8468,77.6555,South,Apartment,1,600,7600,4717,5170,5878,6684,7600,13.81,No,0.8,17.2,56
Bellandur,12.9228,77.6744,East,Apartment,3,1320,12300,7324,8092,9304,10698,12300,14.56,No,3.9,10.7,47.8
Marathahalli,12.9563,77.7056,East,Apartment,2,1310,9200,5808,6344,7181,8128,9200,14.97,No,2.9,10.9,41.3
Hulimavu,12.8926,77.6136,South,Builder Floor,1,500,7300,5278,5616,6129,6689,7300,8.72,No,6.8,8.3,44.8
JP Nagar,12.9085,77.5882,South,Builder Floor,2,1280,9000,6506,6922,7555,8246,9000,8.64,Yes,8.7,6.3,37.1
RT Nagar,13.0151,77.5895,North,Apartment,3,1790,7750,6521,6739,7060,7397,7750,4.86,No,14,5.8,25
Hebbal,13.0389,77.5943,North,Villa,2,1220,15100,10138,10942,12182,13563,15100,12.75,No,9.2,8.2,19.4
Hebbal,13.0381,77.5943,North,Apartment,1,570,14800,9937,10725,11940,13293,14800,12.93,No,10.5,8.3,17.3
HSR Layout,12.9124,77.6435,South,Builder Floor,3,1870,14350,8341,9259,10715,12400,14350,17.8,No,5.4,8.6,40.6
Anjanapura,12.8583,77.5684,South,Apartment,2,940,5800,4446,4677,5025,5399,5800,8.41,No,12.1,9.7,46.5
MG Road,12.9786,77.6059,Central,Apartment,2,1090,14800,12064,12543,13254,14006,14800,6.2,Yes,11.2,3.1,38.5
RT Nagar,13.0247,77.5928,North,Apartment,2,1100,7350,6185,6391,6696,7015,7350,4.57,No,11.9,5.3,25.1
Koramangala,12.9333,77.627,South,Apartment,3,1500,22450,14054,15377,17444,19789,22450,12.1,No,5,5.3,40.8
Manyata Tech Park,13.0462,77.6183,North,Apartment,4,3060,11650,7683,8321,9309,10414,11650,10.19,No,0.5,6.9,19.8
Devanahalli,13.2434,77.7129,North,Apartment,3,2050,9550,5135,5788,6839,8082,9550,18.04,No,29,8.1,7.7
Kanakapura Road,12.8674,77.5807,South,Apartment,3,1720,9000,6210,6667,7368,8143,9000,9.63,Yes,8.2,8.2,46.1
Devanahalli,13.2446,77.7159,North,Builder Floor,2,930,8550,4598,5183,6124,7236,8550,17.12,No,31.7,7.6,7.3
KR Puram,13.0123,77.6977,East,Apartment,2,900,9300,4890,5536,6581,7823,9300,17.52,Yes,6.3,7.2,37.7
Whitefield,12.9654,77.7546,East,Builder Floor,3,1650,13450,5835,6862,8588,10747,13450,21.91,Yes,1.9,14.1,42.6
Manyata Tech Park,13.0494,77.6261,North,Apartment,3,1890,12500,8243,8928,9988,11174,12500,11.35,No,0.5,7.7,18
Gottigere,12.8711,77.5948,South,Apartment,1,470,6900,5086,5391,5853,6355,6900,8.95,No,9.1,9.8,42.1
Hennur,13.0374,77.644,North,Apartment,2,860,7950,5338,5761,6414,7141,7950,9.98,No,11,8.1,22.2
Whitefield,12.9664,77.7476,East,Builder Floor,2,1220,14350,6226,7322,9163,11467,14350,25.27,Yes,1.9,13.2,41.9
Frazer Town,12.9745,77.6168,Central,Apartment,3,2140,12850,10698,11078,11640,12230,12850,5.29,No,10.7,4,36.8
Sarjapur Road,12.8965,77.6863,East,Apartment,3,1310,11150,6749,7433,8509,9740,11150,14.53,No,4.6,11.5,43.5
Rajarajeshwari Nagar,12.9203,77.5104,West,Apartment,1,630,8000,6073,6401,6895,7427,8000,6.72,Yes,13.9,8.6,42.3
Yelahanka,13.1005,77.5918,North,Apartment,2,1190,9700,5549,6179,7181,8346,9700,18.3,No,22.5,5.6,11.5
Bellandur,12.9277,77.6751,East,Apartment,3,1710,13300,7920,8750,10060,11567,13300,12.78,No,3.5,10.8,42.9
Thanisandra,13.0574,77.6279,North,Apartment,2,1300,9600,6062,6621,7494,8482,9600,13.62,No,11.8,6.4,22
Devanahalli,13.2499,77.7143,North,Apartment,2,1210,8950,4813,5425,6410,7574,8950,20.18,No,30.4,7.3,7.5
Kanakapura Road,12.8666,77.5813,South,Builder Floor,2,1320,7950,5484,5888,6508,7193,7950,10.8,Yes,8.1,8.3,49.4
Sarjapur Road,12.9033,77.688,East,Apartment,4,2470,11400,6901,7600,8700,9959,11400,13.5,No,4.3,12.6,48
Frazer Town,12.9826,77.6119,Central,Apartment,2,1240,12400,10323,10689,11231,11801,12400,5.48,No,10.2,3.7,36.3
Hulimavu,12.8963,77.6086,South,Builder Floor,3,1380,7700,5567,5923,6464,7055,7700,8.13,No,8.2,8.5,40.7
HSR Layout,12.9107,77.6354,South,Apartment,3,1690,13500,7846,8710,10080,11665,13500,15.34,No,6.1,8,47
ITPL,12.9854,77.7302,East,Apartment,2,850,10600,6751,7362,8313,9387,10600,11.96,No,1.5,14.7,42.6
HSR Layout,12.9097,77.638,South,Builder Floor,1,690,14350,8341,9259,10715,12400,14350,15.47,No,6.1,7.2,43.6
ITPL,12.9877,77.7267,East,Builder Floor,3,2070,11000,7005,7639,8626,9741,11000,11.58,No,1.5,14.6,39.1
Rajajinagar,12.9899,77.5513,West,Apartment,2,1140,13450,10738,11209,11911,12657,13450,5.34,Yes,12.7,3.6,31.7
Richmond Town,12.9586,77.6054,Central,Apartment,2,1110,15050,11772,12337,13182,14085,15050,5.99,Yes,12.1,2.7,32.1
Devanahalli,13.2446,77.7166,North,Builder Floor,3,1910,8750,4706,5304,6267,7405,8750,16.98,No,32,7.3,7.6
Banashankari,12.9317,77.5561,South,Apartment,3,1860,7950,6218,6516,6963,7440,7950,7.77,Yes,9.7,5.2,34.4
MG Road,12.9746,77.601,Central,Apartment,4,2250,15000,12227,12712,13433,14195,15000,6.25,Yes,11.4,3.3,32.2
Kanakapura Road,12.8674,77.5883,South,Builder Floor,2,1310,9000,6210,6667,7368,8143,9000,9.82,Yes,8,8.1,48.7
Electronic City,12.8488,77.6579,South,Villa,3,1710,6900,4283,4694,5337,6068,6900,12,No,0.8,17.1,57.9
Richmond Town,12.9624,77.6016,Central,Apartment,4,3150,15150,11850,12418,13269,14178,15150,6.43,Yes,10.5,2.9,37.5
Devanahalli,13.2446,77.7119,North,Apartment,1,600,9000,4839,5454,6445,7616,9000,17.99,No,30.1,8,8.1
Marathahalli,12.9559,77.7009,East,Apartment,1,550,9750,6156,6724,7611,8614,9750,14.53,No,3.1,9.9,38.5
Gottigere,12.8696,77.5997,South,Apartment,1,480,6350,4680,4961,5386,5848,6350,9.39,No,9,9.6,42.7
Marathahalli,12.9563,77.7046,East,Apartment,2,1260,8750,5524,6034,6830,7731,8750,14.1,No,3.3,10.5,37.4
ITPL,12.9813,77.7303,East,Apartment,2,1100,10600,6751,7362,8313,9387,10600,14.8,No,1.4,14.1,36.7
Manyata Tech Park,13.0431,77.6254,North,Apartment,2,1160,11050,7288,7893,8830,9878,11050,10.11,No,0.5,6.9,17.3
Banashankari,12.9344,77.5521,South,Builder Floor,3,2040,8600,6726,7049,7532,8048,8600,5.89,Yes,10.3,4.5,36
Manyata Tech Park,13.0467,77.6177,North,Apartment,3,1580,12400,8178,8857,9908,11084,12400,13.32,No,0.5,6.5,19.7
Manyata Tech Park,13.0457,77.6249,North,Builder Floor,2,1060,12600,8310,9000,10068,11263,12600,11.68,No,0.5,7.6,19.2
Yelahanka,13.1011,77.5956,North,Apartment,3,1350,10450,5977,6656,7736,8991,10450,14.28,No,22.6,5.2,12.8
Rajajinagar,12.9948,77.5533,West,Apartment,1,700,13400,10697,11166,11866,12610,13400,6.23,Yes,12.4,3.8,28
Manyata Tech Park,13.0407,77.6168,North,Apartment,2,980,12500,8243,8928,9988,11174,12500,12.91,No,0.5,6.8,20.7
ITPL,12.9867,77.7319,East,Apartment,3,1880,11750,7482,8159,9214,10405,11750,14.58,No,1.5,13.2,41.1
Malleshwaram,13.0047,77.5663,North,Villa,2,1300,14150,12869,13103,13443,13792,14150,2.86,Yes,14.8,3.2,26.3
ITPL,12.9853,77.7315,East,Villa,3,1680,10400,6624,7223,8156,9210,10400,14.62,No,1.6,13.2,38.7
Thanisandra,13.0604,77.6322,North,Apartment,3,1360,9250,5840,6379,7220,8172,9250,12.6,No,11.1,7.6,19.6
Rajajinagar,12.9865,77.55,West,Builder Floor,3,2180,13000,10378,10833,11512,12233,13000,5.54,Yes,12.6,3.6,28.9
Hulimavu,12.8982,77.6172,South,Villa,1,630,6800,4916,5231,5709,6231,6800,8.97,No,7.2,7.3,44
Bellandur,12.9231,77.6831,East,Apartment,4,2020,13350,7950,8783,10098,11611,13350,14.56,No,3.8,11.3,45.1
Gottigere,12.8728,77.6011,South,Villa,3,1990,6450,4755,5040,5472,5941,6450,9.13,No,10.8,8.9,47.9
Anjanapura,12.8583,77.5736,South,Builder Floor,1,470,6500,4982,5241,5631,6050,6500,8.43,No,12.7,9.9,51.4
Indiranagar,12.9785,77.6395,East,Villa,2,1270,20550,13796,14891,16579,18458,20550,9.66,Yes,7.4,4.1,38.5
Hennur,13.0344,77.6349,North,Apartment,2,1250,8000,5371,5797,6454,7186,8000,10.52,No,10.6,8.2,21.5
Bannerghatta Road,12.8821,77.5955,South,Apartment,4,2220,10200,6385,6986,7925,8991,10200,12.99,No,8,6.3,46.9
Rajarajeshwari Nagar,12.9233,77.5086,West,Apartment,3,1980,7400,5617,5921,6378,6870,7400,6.78,Yes,15.9,8,40.6
Rajajinagar,12.9931,77.5539,West,Builder Floor,2,1020,14450,11535,12041,12796,13598,14450,6.24,Yes,13.3,4.2,30
HSR Layout,12.9132,77.6417,South,Builder Floor,3,1740,12900,7497,8323,9632,11147,12900,14.2,No,5.3,7.7,45.8
JP Nagar,12.9047,77.5883,South,Apartment,3,1590,10250,7411,7885,8606,9392,10250,9.54,Yes,9.7,6.4,41.3
Frazer Town,12.9771,77.6165,Central,Apartment,2,970,12800,10656,11034,11594,12182,12800,4.71,No,10.2,3.7,37.8
Kanakapura Road,12.8592,77.5884,South,Apartment,2,1090,7850,5416,5815,6427,7103,7850,10.88,Yes,8,8,41.1
RT Nagar,13.0208,77.5915,North,Apartment,2,860,7550,6353,6565,6878,7206,7550,5.3,No,12.8,5.5,26.5
Malleshwaram,13.0054,77.5681,North,Apartment,2,1210,12650,11505,11714,12018,12330,12650,2.55,Yes,15.2,3.8,26.2
Gottigere,12.8709,77.5977,South,Apartment,1,640,7100,5232,5546,6022,6539,7100,7.6,No,11,9.4,43.9
Hennur,13.0391,77.6347,North,Apartment,2,1030,8550,5741,6196,6898,7680,8550,10.46,No,11.8,7.3,19.9
Rajarajeshwari Nagar,12.926,77.5083,West,Apartment,1,580,7050,5351,5640,6076,6545,7050,7.15,Yes,14.4,7.8,46
Kengeri,12.9122,77.4819,West,Apartment,2,1220,5550,4341,4549,4861,5194,5550,7.6,Yes,21.5,9,42.9
ITPL,12.9841,77.7279,East,Apartment,2,1320,10350,6591,7187,8116,9165,10350,14.2,No,1.6,13.2,40.1
Richmond Town,12.963,77.5992,Central,Apartment,2,1030,13550,10599,11107,11868,12681,13550,6.58,Yes,10.4,2.8,33.8
JP Nagar,12.9117,77.5808,South,Builder Floor,3,1480,10150,7338,7807,8521,9300,10150,8.67,Yes,8.3,6,38.7
Varthur,12.9462,77.7493,East,Apartment,2,1120,7850,5177,5607,6273,7017,7850,11.96,No,3.8,12.4,42.8
Bellandur,12.9284,77.676,East,Apartment,1,550,13350,7950,8783,10098,11611,13350,12.84,No,3.5,11.4,42.4
Bannerghatta Road,12.8816,77.5928,South,Villa,1,460,10200,6385,6986,7925,8991,10200,14.47,No,8,6.4,41.4
Rajajinagar,12.995,77.5545,West,Villa,2,1170,14550,11616,12125,12885,13692,14550,6.04,Yes,13.7,4.1,31
Kanakapura Road,12.8659,77.589,South,Apartment,2,900,8900,6140,6592,7286,8053,8900,10.06,Yes,7.8,8.2,48.1
Jayanagar,12.9221,77.5971,South,Apartment,4,3100,14400,10121,10827,11907,13094,14400,10.98,Yes,9.7,3.6,39.5
Varthur,12.9443,77.7477,East,Apartment,1,500,7250,4781,5178,5793,6481,7250,11.27,No,3.5,12,39.1
Frazer Town,12.9744,77.6183,Central,Apartment,2,1110,11550,9615,9956,10461,10992,11550,4.48,No,11.3,3.6,33.1
Marathahalli,12.9631,77.6996,East,Apartment,3,2000,9450,5966,6517,7376,8349,9450,13.68,No,3.2,10.9,37.7
Gottigere,12.8701,77.597,South,Apartment,2,980,6950,5122,5429,5895,6401,6950,9.4,No,9,8.7,44.9
JP Nagar,12.9079,77.5826,South,Apartment,3,1820,9400,6796,7231,7892,8613,9400,8.87,Yes,9.3,6.6,38.1
Rajarajeshwari Nagar,12.9217,77.5112,West,Villa,1,620,7650,5806,6120,6593,7102,7650,8.72,Yes,14.1,8.1,39
Sarjapur Road,12.9057,77.6845,East,Apartment,3,1740,11150,6749,7433,8509,9740,11150,15.78,No,4.7,11.4,40.9
Frazer Town,12.9733,77.6168,Central,Apartment,1,690,12750,10615,10992,11549,12135,12750,5.47,No,9.7,4,37.6
Frazer Town,12.9795,77.6144,Central,Apartment,3,1790,12700,10574,10949,11504,12087,12700,5.18,No,11.4,4.1,38.2
Sarjapur Road,12.8992,77.6844,East,Apartment,2,1260,11700,7083,7800,8929,10221,11700,13.25,No,4.3,11,41.1
Hebbal,13.0352,77.6016,North,Villa,4,3140,16750,11245,12137,13513,15045,16750,13.02,No,10.6,7.6,19.6
Rajarajeshwari Nagar,12.9258,77.5032,West,Apartment,3,1900,7250,5503,5800,6248,6730,7250,6.65,Yes,14.2,8,42.6
MG Road,12.9745,77.6051,Central,Apartment,3,1440,15500,12634,13136,13881,14668,15500,5.26,Yes,11.2,3,32.5
Indiranagar,12.9755,77.6366,East,Apartment,4,2340,19100,12824,13841,15410,17156,19100,9.96,Yes,7.2,4.4,37.8
Frazer Town,12.9813,77.6106,Central,Villa,3,2140,12950,10781,11164,11730,12325,12950,4.75,No,11.1,4.1,37.8
Koramangala,12.9317,77.6276,South,Apartment,3,1350,21900,13710,15000,17017,19305,21900,14.2,No,5.4,4.7,34.4
Marathahalli,12.9547,77.7037,East,Apartment,3,2090,9300,5872,6414,7260,8217,9300,14.69,No,3.1,9.4,37.5
Nagarbhavi,12.9654,77.5066,West,Apartment,1,480,5900,4808,4999,5283,5583,5900,6.22,No,16.3,7.3,39.2
Thanisandra,13.0563,77.632,North,Builder Floor,2,940,9100,5746,6276,7103,8040,9100,13.4,No,12,6.9,18.3
Gottigere,12.8703,77.597,South,Villa,3,1580,6650,4901,5195,5641,6125,6650,9.2,No,10.3,9.8,47
Rajarajeshwari Nagar,12.9269,77.5104,West,Builder Floor,1,660,8050,6110,6440,6937,7473,8050,7.23,Yes,15.3,9.1,41.7
Nagarbhavi,12.9586,77.503,West,Apartment,3,2120,5750,4687,4873,5149,5441,5750,6.33,No,17.9,7.2,40.9
KR Puram,13.0045,77.6972,East,Builder Floor,2,1000,9200,4837,5476,6510,7739,9200,16.73,Yes,6.7,7.2,33.8
Nagarbhavi,12.9626,77.4977,West,Apartment,2,1090,6150,5013,5212,5508,5820,6150,5.12,No,18.4,7.6,44.9
Whitefield,12.9734,77.7514,East,Apartment,2,970,13700,5943,6989,8747,10947,13700,27.04,Yes,1.8,14.5,38.2
Rajarajeshwari Nagar,12.927,77.5036,West,Builder Floor,3,1370,7350,5578,5880,6334,6823,7350,8.81,Yes,16.3,7.7,41.8
HSR Layout,12.9136,77.6349,South,Apartment,1,700,14150,8224,9129,10565,12227,14150,17.19,No,6.3,8.2,42.8
Anjanapura,12.8589,77.5715,South,Apartment,3,1390,6050,4637,4878,5241,5631,6050,7.13,No,12.3,10.7,45.2
Electronic City,12.8415,77.6595,South,Villa,3,1800,7500,4655,5102,5801,6596,7500,12.69,No,0.8,19.7,50.5
Varthur,12.9427,77.7441,East,Builder Floor,3,1350,7200,4748,5143,5753,6436,7200,10.78,No,3.7,12,39.2
Hennur,13.0441,77.6424,North,Apartment,1,680,8250,5539,5978,6656,7410,8250,11.11,No,10.8,8.1,20.7
JP Nagar,12.9053,77.5808,South,Builder Floor,2,880,9500,6868,7307,7975,8704,9500,10.33,Yes,9.1,7.1,42.9
Anjanapura,12.8567,77.5688,South,Apartment,1,470,6200,4753,5000,5372,5771,6200,8.11,No,12.8,9.3,43.8
Hennur,13.0417,77.6409,North,Apartment,2,1080,9000,6043,6522,7261,8084,9000,12.22,No,12.4,7.5,21.2
Thanisandra,13.0656,77.6261,North,Builder Floor,3,2030,9150,5777,6310,7142,8084,9150,14.92,No,13,7.3,18.6
Manyata Tech Park,13.0447,77.6236,North,Villa,3,1540,12500,8243,8928,9988,11174,12500,12.4,No,0.5,6.9,17.3
Bellandur,12.9247,77.6808,East,Apartment,3,1930,12450,7413,8190,9417,10828,12450,14.15,No,3.6,12,44.7
Richmond Town,12.9637,77.6051,Central,Villa,3,1970,15500,12123,12705,13576,14506,15500,6.89,Yes,12.3,2.9,33.5
KR Puram,13.0027,77.7003,East,Builder Floor,1,520,9250,4863,5506,6545,7781,9250,18.84,Yes,6.3,7.3,33.5
Electronic City,12.8477,77.6646,South,Apartment,2,1130,7500,4655,5102,5801,6596,7500,14.82,No,0.8,18.4,53.6
Richmond Town,12.9581,77.5979,Central,Apartment,3,1980,14050,10990,11517,12306,13149,14050,6.39,Yes,11.6,3,35.5
Anjanapura,12.859,77.5714,South,Apartment,1,520,6700,5136,5403,5805,6236,6700,7.18,No,11.2,10,52
Hoodi,12.9823,77.7121,East,Villa,3,1400,10900,7063,7676,8628,9698,10900,10.8,Yes,4.3,11.2,40.8
Kengeri,12.9125,77.4848,West,Builder Floor,1,550,5450,4263,4467,4773,5100,5450,6.84,Yes,18.1,9.3,42
ITPL,12.9814,77.7295,East,Builder Floor,3,1370,11700,7451,8125,9175,10361,11700,13.29,No,1.6,14.7,42.6
Electronic City,12.8451,77.6622,South,Apartment,3,2080,6950,4313,4727,5375,6112,6950,12.92,No,0.7,19.3,57
MG Road,12.9799,77.6055,Central,Apartment,2,900,15450,12593,13093,13836,14621,15450,5.57,Yes,12.4,3.1,38.5
Thanisandra,13.0631,77.6254,North,Apartment,3,1360,9250,5840,6379,7220,8172,9250,11.58,No,11.8,7.1,19.7
Manyata Tech Park,13.0423,77.6261,North,Builder Floor,3,1870,12400,8178,8857,9908,11084,12400,12.8,No,0.5,6.9,17.6
Manyata Tech Park,13.046,77.618,North,Apartment,3,1470,11200,7386,8000,8950,10012,11200,13.15,No,0.5,6.7,19.1
ITPL,12.9843,77.7309,East,Apartment,3,1570,11250,7164,7812,8822,9962,11250,14.17,No,1.4,14.1,39.4
Whitefield,12.9744,77.7451,East,Builder Floor,2,850,13250,5748,6760,8460,10588,13250,24.07,Yes,2.1,13.6,45.4
Devanahalli,13.2514,77.7178,North,Apartment,2,1050,9550,5135,5788,6839,8082,9550,18.42,No,29.1,8.7,7.7
RT Nagar,13.0249,77.5852,North,Builder Floor,2,1300,8050,6774,7000,7334,7684,8050,4.53,No,11.8,5.7,22.8
Kengeri,12.9105,77.4833,West,Apartment,2,1080,5450,4263,4467,4773,5100,5450,6.78,Yes,18.6,9.9,45.7
Frazer Town,12.9764,77.6126,Central,Apartment,3,1700,11900,9907,10259,10779,11326,11900,4.98,No,10.2,3.4,35
Jayanagar,12.9218,77.5954,South,Villa,3,1920,16500,11596,12406,13643,15004,16500,10.93,Yes,10.2,3.5,41
MG Road,12.9708,77.6016,Central,Villa,2,990,15550,12675,13178,13925,14715,15550,4.99,Yes,10.9,2.9,38.2
Jayanagar,12.9277,77.5932,South,Builder Floor,3,1350,14300,10050,10752,11824,13003,14300,8.74,Yes,8.7,4.1,35.5
Yelahanka,13.0995,77.5998,North,Apartment,1,600,10750,6149,6847,7958,9249,10750,16.51,No,23.1,5.7,11.7
HSR Layout,12.9145,77.6387,South,Apartment,1,570,14600,8485,9419,10901,12616,14600,16.64,No,5.1,8.5,44.6
Koramangala,12.9389,77.6289,South,Apartment,2,1230,20550,12865,14076,15968,18115,20550,13.08,No,4.6,4.7,41.1
Bellandur,12.9233,77.6781,East,Apartment,2,1190,12500,7444,8224,9456,10872,12500,15.14,No,4.1,10.7,41
Frazer Town,12.9803,77.6131,Central,Apartment,2,1250,12650,10531,10905,11458,12039,12650,5.14,No,10.8,3.8,36.4
Bannerghatta Road,12.8814,77.5946,South,Villa,2,1260,10000,6260,6849,7770,8815,10000,14.75,No,8.6,6.6,41.7
Sarjapur Road,12.9042,77.6897,East,Apartment,3,2150,11050,6689,7367,8433,9653,11050,15.93,No,4.5,13,48.4
Hoodi,12.9858,77.718,East,Apartment,1,530,10900,7063,7676,8628,9698,10900,14.14,Yes,3.9,12.8,37.7
Anjanapura,12.8539,77.5672,South,Apartment,1,700,6600,5059,5322,5718,6143,6600,6.6,No,11.2,10.6,49.2
MG Road,12.9786,77.5996,Central,Apartment,4,2630,15800,12879,13390,14149,14952,15800,5.79,Yes,12.1,3.2,37.4
Malleshwaram,12.9993,77.5724,North,Apartment,4,2200,13350,12140,12361,12682,13012,13350,2.99,Yes,15.2,3.7,27.6
Marathahalli,12.9589,77.7037,East,Apartment,2,1010,8750,5524,6034,6830,7731,8750,14.09,No,3.1,9.7,38.8
Bellandur,12.9216,77.6771,East,Apartment,3,1540,12200,7265,8027,9229,10611,12200,14.16,No,3.6,10.5,46.3
Rajarajeshwari Nagar,12.9239,77.5086,West,Builder Floor,2,1280,7850,5958,6280,6765,7287,7850,6.64,Yes,15.6,9.3,41.7
MG Road,12.9784,77.5973,Central,Apartment,2,880,15050,12268,12755,13478,14242,15050,5.74,Yes,11.6,3,32.4
Thanisandra,13.0577,77.6274,North,Builder Floor,3,2170,9450,5966,6517,7376,8349,9450,11.81,No,13,6.9,18.2
Marathahalli,12.9633,77.697,East,Apartment,2,1250,8800,5556,6069,6869,7775,8800,14.98,No,3.1,9.2,41.2
Thanisandra,13.0587,77.6267,North,Apartment,1,540,9750,6156,6724,7611,8614,9750,14.47,No,12.9,6.3,19.2
ITPL,12.9847,77.7246,East,Villa,3,1350,11000,7005,7639,8626,9741,11000,12.27,No,1.5,13,42
Thanisandra,13.0583,77.6321,North,Apartment,3,1480,9350,5904,6449,7299,8261,9350,12.02,No,12,7.6,21
Rajajinagar,12.9899,77.5552,West,Builder Floor,3,1360,14000,11177,11667,12398,13175,14000,6.33,Yes,12.6,4.4,33.1
Kanakapura Road,12.8652,77.5833,South,Builder Floor,3,1540,8300,5726,6148,6795,7510,8300,11.25,Yes,8.1,7.8,48.8
Hulimavu,12.899,77.6142,South,Apartment,1,660,7150,5168,5499,6002,6551,7150,10,No,7.7,8.4,40
Jayanagar,12.9222,77.5893,South,Villa,4,3300,16250,11421,12218,13436,14776,16250,9.98,Yes,9.3,3.7,35
Kengeri,12.9195,77.4811,West,Apartment,2,1320,5650,4420,4632,4949,5288,5650,6.84,Yes,18.6,8.8,42.7
KR Puram,13.0025,77.694,East,Builder Floor,3,2180,9950,5232,5923,7041,8370,9950,20.47,Yes,6.6,6.8,35
Marathahalli,12.963,77.7017,East,Apartment,2,1030,9250,5840,6379,7220,8172,9250,14.65,No,2.9,9.2,38.3
KR Puram,13.0058,77.6961,East,Builder Floor,1,540,8900,4680,5298,6298,7487,8900,17.33,Yes,6.9,6.6,38.3
Marathahalli,12.9636,77.6996,East,Apartment,2,1180,9800,6187,6758,7649,8658,9800,12.8,No,2.9,9.7,38.8
Malleshwaram,13.0042,77.5673,North,Apartment,4,2260,13450,12231,12453,12777,13109,13450,2.86,Yes,14.1,3.8,28.9
Hennur,13.038,77.6372,North,Apartment,2,960,8350,5606,6051,6737,7500,8350,10.42,No,11.2,7.2,23.1
Kanakapura Road,12.8602,77.5814,South,Builder Floor,2,1020,7900,5451,5852,6468,7148,7900,9.85,Yes,8.2,8.7,44.9
Marathahalli,12.9551,77.7014,East,Apartment,3,2030,9450,5966,6517,7376,8349,9450,14.74,No,2.9,10,39.5
Hulimavu,12.8979,77.6169,South,Apartment,2,1290,7200,5206,5539,6045,6597,7200,9.3,No,8.2,8.2,42.6
Rajarajeshwari Nagar,12.9244,77.5036,West,Apartment,2,1240,7150,5426,5719,6161,6637,7150,8.51,Yes,14.1,8.5,41.9
Yelahanka,13.101,77.597,North,Apartment,2,1070,11150,6378,7102,8254,9593,11150,17.33,No,23.6,5.3,12.2
Yelahanka,13.1024,77.5948,North,Builder Floor,2,880,10400,5948,6624,7699,8948,10400,14.7,No,23.9,4.8,11.9
Banashankari,12.9281,77.556,South,Builder Floor,2,1150,7900,6179,6475,6919,7393,7900,7.11,Yes,11.2,4.5,38.3
Malleshwaram,13.0004,77.5744,North,Villa,3,1870,13150,11958,12176,12492,12817,13150,2.99,Yes,12.8,3.8,28
Hoodi,12.9858,77.7176,East,Builder Floor,3,1770,10750,6965,7570,8509,9564,10750,12.42,Yes,3.8,12.4,39.5
HSR Layout,12.9148,77.6428,South,Apartment,3,1730,14450,8398,9323,10789,12486,14450,15.08,No,5.2,8.3,46.4
Hulimavu,12.8934,77.6162,South,Builder Floor,3,1700,7300,5278,5616,6129,6689,7300,8.72,No,7.2,8.4,47
Sarjapur Road,12.9048,77.681,East,Villa,2,1180,12950,7840,8634,9883,11313,12950,15.81,No,4.4,11.2,40
Indiranagar,12.9829,77.6437,East,Apartment,3,1370,19600,13159,14203,15813,17605,19600,10.17,Yes,7.6,4.1,33.1
ITPL,12.9824,77.7313,East,Apartment,3,1470,11300,7197,7848,8862,10007,11300,14.82,No,1.6,12.8,40.4
Rajarajeshwari Nagar,12.9181,77.5115,West,Apartment,1,650,7300,5541,5840,6291,6777,7300,7.68,Yes,13.6,8.5,41.3
Devanahalli,13.2417,77.7145,North,Builder Floor,3,1920,9500,5107,5757,6803,8039,9500,16.13,No,31.1,8.8,7.7
Indiranagar,12.9816,77.6382,East,Apartment,4,2120,19600,13159,14203,15813,17605,19600,12.26,Yes,7.7,4,39
MG Road,12.9749,77.6002,Central,Apartment,4,2200,16700,13613,14153,14956,15804,16700,5.55,Yes,11.8,3,38.2
Manyata Tech Park,13.049,77.6215,North,Apartment,3,1860,11700,7716,8357,9349,10459,11700,12.08,No,0.5,7.8,20.1
Sarjapur Road,12.9046,77.6829,East,Apartment,3,2010,11300,6840,7533,8623,9871,11300,13.95,No,4.9,11.3,43.4
Anjanapura,12.8544,77.5661,South,Villa,2,1130,6050,4637,4878,5241,5631,6050,8.03,No,13.1,9.6,43.6
Bannerghatta Road,12.8743,77.5969,South,Apartment,2,1280,10100,6323,6918,7848,8903,10100,12.33,No,8.2,7,45.4
JP Nagar,12.9117,77.589,South,Apartment,1,580,8800,6362,6769,7388,8063,8800,10.34,Yes,9.7,6.8,36.8
Koramangala,12.939,77.627,South,Apartment,2,1040,21750,13616,14897,16900,19172,21750,11.89,No,5,4.8,38.1
ITPL,12.9863,77.7305,East,Apartment,3,1410,10450,6655,7257,8195,9254,10450,12.51,No,1.6,12.2,36.3
Bellandur,12.9282,77.6829,East,Apartment,3,1720,13400,7979,8816,10136,11654,13400,16.41,No,3.6,11.8,46.4
Varthur,12.9449,77.7467,East,Apartment,2,1110,7000,4616,5000,5593,6257,7000,11.1,No,3.2,12.6,47.2
Hennur,13.0355,77.6364,North,Apartment,2,1210,8700,5841,6304,7019,7814,8700,10.59,No,11.8,7.3,20.8
Bannerghatta Road,12.8836,77.6016,South,Apartment,2,1260,9900,6198,6781,7693,8727,9900,13.76,No,8.5,6.6,43
Kengeri,12.9139,77.4816,West,Apartment,2,1100,6100,4771,5000,5343,5709,6100,7.73,Yes,18.1,9,42.5
Rajarajeshwari Nagar,12.9202,77.5065,West,Builder Floor,2,1060,7150,5426,5719,6161,6637,7150,7.43,Yes,16.2,8,42.9
Kengeri,12.9104,77.4822,West,Apartment,2,920,5650,4420,4632,4949,5288,5650,7.36,Yes,21,8.3,43
Richmond Town,12.9678,77.6033,Central,Apartment,2,1100,14950,11693,12254,13094,13991,14950,6.44,Yes,11.7,2.6,34.7
Jayanagar,12.925,77.5927,South,Apartment,3,1820,14600,10261,10977,12072,13276,14600,10.09,Yes,9,3.9,35.1
Whitefield,12.9699,77.7523,East,Apartment,3,2020,14500,6291,7398,9258,11586,14500,21.61,Yes,1.9,14.8,43.1
Manyata Tech Park,13.0442,77.6217,North,Apartment,3,1850,11100,7320,7928,8869,9922,11100,13.48,No,0.5,6.5,17.4
RT Nagar,13.0207,77.5905,North,Apartment,2,1330,7200,6058,6260,6559,6872,7200,5.05,No,12.1,5.5,22.7
JP Nagar,12.9054,77.5803,South,Villa,3,2040,9150,6616,7039,7682,8384,9150,8.09,Yes,9.5,7,36.4
JP Nagar,12.9092,77.5898,South,Builder Floor,1,570,10100,7302,7769,8479,9254,10100,9.4,Yes,8.1,6.4,42.7
Banashankari,12.9288,77.5518,South,Apartment,2,880,9100,7118,7459,7970,8516,9100,7.33,Yes,9.8,5.4,36.7
Thanisandra,13.0566,77.6305,North,Builder Floor,2,1000,9450,5966,6517,7376,8349,9450,12.63,No,10.8,7.7,20.3
Hoodi,12.9839,77.7172,East,Villa,3,2170,10400,6739,7324,8232,9253,10400,10.98,Yes,4.1,10.9,35.2
KR Puram,13.012,77.6952,East,Builder Floor,2,1140,8850,4653,5268,6263,7445,8850,17.03,Yes,6.6,6.4,32.6
Bellandur,12.9209,77.6804,East,Apartment,3,1560,12400,7384,8158,9380,10785,12400,12.87,No,4.1,11.5,47.8
Rajajinagar,12.9903,77.5551,West,Apartment,2,1060,12650,10098,10541,11202,11904,12650,6.63,Yes,11.6,3.8,30.4
Thanisandra,13.065,77.6242,North,Apartment,3,1460,9550,6030,6587,7455,8438,9550,12.96,No,13,7.2,19.6
Bellandur,12.9218,77.6799,East,Villa,3,1980,13400,7979,8816,10136,11654,13400,15.8,No,3.8,10.2,44.7
Malleshwaram,13.0048,77.568,North,Apartment,2,930,14400,13096,13334,13680,14035,14400,2.88,Yes,13.3,3.6,30.1
Rajarajeshwari Nagar,12.9186,77.5046,West,Builder Floor,3,2040,7900,5996,6320,6808,7334,7900,8.55,Yes,14.4,8.1,40.8
Banashankari,12.9331,77.5521,South,Apartment,3,1560,8600,6726,7049,7532,8048,8600,6.94,Yes,9.7,4.8,34.4
Bannerghatta Road,12.8808,77.602,South,Apartment,2,870,9650,6041,6609,7498,8506,9650,11.55,No,8.2,6.9,44.5
Richmond Town,12.9654,77.6038,Central,Apartment,2,1120,15350,12007,12583,13445,14366,15350,7.18,Yes,11.2,2.5,36
Varthur,12.9435,77.7526,East,Builder Floor,2,1210,8000,5276,5714,6392,7151,8000,12.06,No,3.8,14.2,42.1
Whitefield,12.9716,77.75,East,Apartment,3,1720,15000,6508,7653,9578,11986,15000,26.58,Yes,2.2,13.8,45.1
Marathahalli,12.9559,77.7049,East,Apartment,2,1120,9250,5840,6379,7220,8172,9250,14.35,No,3,9.7,37.3
Whitefield,12.9662,77.7488,East,Villa,3,1610,14800,6421,7551,9450,11826,14800,24.76,Yes,1.9,14.7,38.9
Yelahanka,13.0958,77.5945,North,Builder Floor,3,1450,10850,6206,6911,8032,9335,10850,16.44,No,21,5.6,12.7
KR Puram,13.0063,77.6935,East,Apartment,1,590,10250,5389,6101,7253,8622,10250,16.41,Yes,6.7,6.3,36
Koramangala,12.9373,77.6201,South,Apartment,3,1830,22550,14116,15445,17522,19878,22550,11.46,No,4.7,4.7,34.1
Anjanapura,12.8515,77.5666,South,Apartment,3,1690,6250,4791,5040,5415,5818,6250,8.26,No,13.1,9.9,48.9
Koramangala,12.9308,77.6279,South,Apartment,4,3080,22150,13866,15171,17211,19525,22150,13.94,No,5.3,4.8,34.8
Bellandur,12.925,77.6825,East,Apartment,3,1390,12100,7206,7961,9153,10524,12100,16.6,No,3.7,11.1,41
HSR Layout,12.9166,77.6406,South,Apartment,2,960,13800,8020,8903,10303,11924,13800,14.1,No,5.7,7.3,41.8
Whitefield,12.973,77.7544,East,Apartment,3,1540,14100,6117,7194,9003,11267,14100,24.33,Yes,1.8,15.9,46.1
KR Puram,13.0107,77.6966,East,Apartment,2,1010,9600,5047,5714,6793,8075,9600,19.7,Yes,6.7,6.9,32.4
Hulimavu,12.8987,77.6135,South,Builder Floor,2,920,6900,4989,5308,5793,6322,6900,8.47,No,7.3,7.9,43.2
Indiranagar,12.9741,77.6443,East,Apartment,4,2720,19250,12924,13949,15530,17290,19250,10.19,Yes,6.4,4.2,38.6
Malleshwaram,13.0073,77.5685,North,Apartment,2,1200,14000,12730,12962,13299,13645,14000,2.65,Yes,15.1,3.7,27.2
ITPL,12.9833,77.7238,East,Builder Floor,3,1710,11600,7387,8055,9096,10272,11600,11.83,No,1.6,13.8,36.7
JP Nagar,12.9061,77.5847,South,Apartment,3,1300,10000,7230,7693,8396,9163,10000,8.56,Yes,9.9,7.1,39.2
KR Puram,13.0049,77.7008,East,Apartment,2,910,9200,4837,5476,6510,7739,9200,20.06,Yes,6.8,7.3,32.6
Rajarajeshwari Nagar,12.919,77.5061,West,Apartment,3,1590,8050,6110,6440,6937,7473,8050,7.18,Yes,15.8,8.5,42.1
Malleshwaram,13.0029,77.5663,North,Apartment,3,1740,12700,11548,11758,12064,12378,12700,2.22,Yes,14,3.2,28.2
Devanahalli,13.245,77.7145,North,Builder Floor,3,1480,9150,4920,5546,6553,7743,9150,17.78,No,29.3,8.2,8.3
Banashankari,12.9327,77.555,South,Builder Floor,2,970,9050,7079,7419,7927,8470,9050,5.83,Yes,9.8,5,38.2
KR Puram,13.0025,77.6947,East,Apartment,1,500,9700,5100,5774,6864,8160,9700,17.5,Yes,6.8,7.4,33.8
Sarjapur Road,12.8966,77.6833,East,Builder Floor,1,480,11750,7113,7833,8967,10265,11750,12.7,No,4.5,13.1,40.4
Thanisandra,13.0615,77.624,North,Builder Floor,3,1830,9750,6156,6724,7611,8614,9750,11.75,No,11.8,6.5,21.4
Whitefield,12.9732,77.752,East,Apartment,3,1580,14650,6355,7474,9354,11706,14650,27.1,Yes,1.9,14.7,40.1
Marathahalli,12.9611,77.6966,East,Apartment,2,1090,9550,6030,6587,7455,8438,9550,13.55,No,3,9.7,36.3
Rajajinagar,12.9867,77.551,West,Apartment,1,600,12750,10179,10625,11291,11998,12750,7.1,Yes,12.9,3.9,30.1
ITPL,12.9814,77.7283,East,Apartment,2,890,10300,6560,7153,8077,9121,10300,14.3,No,1.4,12.8,40.5
Banashankari,12.9281,77.5569,South,Apartment,2,960,8750,6844,7172,7664,8189,8750,7.88,Yes,10.4,4.6,39.3
Kengeri,12.9164,77.4805,West,Builder Floor,2,1110,5650,4420,4632,4949,5288,5650,7.01,Yes,20.5,8.5,45.2
HSR Layout,12.9123,77.6383,South,Apartment,2,1350,14450,8398,9323,10789,12486,14450,18.06,No,5.9,8.4,45.3
RT Nagar,13.0217,77.5887,North,Apartment,1,580,7850,6605,6826,7152,7493,7850,5.17,No,12,5.3,26.8
Marathahalli,12.9587,77.6996,East,Apartment,3,2120,9250,5840,6379,7220,8172,9250,12.05,No,3.1,9.3,38.5
Nagarbhavi,12.9638,77.5027,West,Apartment,2,1260,5850,4769,4958,5239,5536,5850,5.94,No,18,7.7,45.5
Thanisandra,13.0594,77.6316,North,Apartment,3,1690,10100,6377,6966,7884,8923,10100,14.8,No,12.1,7.2,21.1
JP Nagar,12.9117,77.5837,South,Builder Floor,2,1020,8800,6362,6769,7388,8063,8800,9.54,Yes,9.6,6.5,40.7
Bellandur,12.9247,77.6755,East,Builder Floor,2,1140,12000,7146,7895,9077,10437,12000,15.61,No,3.6,10,43.9
Hoodi,12.9882,77.7152,East,Apartment,2,1140,10150,6577,7148,8034,9030,10150,11.22,Yes,3.6,11.6,35.8
Anjanapura,12.8546,77.5677,South,Apartment,2,1140,6450,4945,5202,5589,6004,6450,7.86,No,12.5,9.5,47.3
Yelahanka,13.1032,77.5925,North,Apartment,3,1750,11050,6320,7038,8180,9507,11050,14.45,No,23.9,5.5,12
Koramangala,12.9344,77.622,South,Villa,4,2950,22600,14148,15480,17561,19922,22600,14.01,No,5.2,4.8,37.3
Malleshwaram,13,77.5689,North,Apartment,1,490,12500,11366,11573,11874,12183,12500,2.51,Yes,15.3,3.8,27.2
Rajajinagar,12.9909,77.5544,West,Apartment,3,1980,12950,10338,10791,11467,12186,12950,5.56,Yes,12.7,3.7,28.8
RT Nagar,13.025,77.591,North,Builder Floor,2,1260,7100,5976,6175,6469,6777,7100,4.95,No,12.7,6,26.1
Hoodi,12.9829,77.7198,East,Apartment,2,970,9900,6415,6972,7836,8808,9900,11.27,Yes,4.3,12.4,39.4
Richmond Town,12.9584,77.6037,Central,Apartment,1,690,15550,12163,12746,13620,14553,15550,6.89,Yes,12.2,2.7,32.3
Koramangala,12.9321,77.6217,South,Villa,3,2100,23700,14837,16233,18415,20891,23700,13.39,No,4.8,5.3,39.4
Hennur,13.0418,77.6423,North,Apartment,2,1270,8100,5438,5869,6534,7275,8100,12.3,No,12.1,7.5,23.5
Anjanapura,12.8531,77.5669,South,Apartment,1,600,6050,4637,4878,5241,5631,6050,6.76,No,11.7,10,52.1
Bellandur,12.9224,77.6826,East,Villa,3,1890,13700,8158,9013,10363,11915,13700,15.7,No,4,10.2,47.5
Varthur,12.9449,77.7526,East,Builder Floor,3,1760,7200,4748,5143,5753,6436,7200,11.08,No,3.4,12.9,44.4
Sarjapur Road,12.8999,77.6838,East,Apartment,2,1070,12800,7748,8533,9768,11182,12800,15.41,No,4.6,11,44.4
Hulimavu,12.8949,77.6155,South,Apartment,3,2050,7650,5530,5884,6422,7009,7650,8.05,No,7.6,8.3,40.9
Richmond Town,12.9639,77.6042,Central,Villa,2,1270,14200,11106,11639,12437,13289,14200,6.22,Yes,11.1,2.6,31.6
Whitefield,12.9716,77.7457,East,Builder Floor,4,3480,13250,5748,6760,8460,10588,13250,24.42,Yes,1.8,14,39.1
Gottigere,12.8702,77.5979,South,Apartment,3,1610,6950,5122,5429,5895,6401,6950,7.7,No,10.6,9.8,47.8
Kengeri,12.9159,77.4819,West,Apartment,2,1110,5450,4263,4467,4773,5100,5450,6.79,Yes,19.6,8.5,46.4
Anjanapura,12.8567,77.5725,South,Apartment,2,1160,5750,4408,4637,4982,5352,5750,7.4,No,12.2,9.8,50.4
Malleshwaram,13.0031,77.5704,North,Apartment,3,2040,14150,12869,13103,13443,13792,14150,2.86,Yes,14.6,3.8,29.8
Hennur,13.0401,77.6388,North,Builder Floor,3,1870,7800,5237,5652,6293,7006,7800,11.11,No,12.2,7.5,22
Thanisandra,13.0599,77.6266,North,Builder Floor,3,2190,9150,5777,6310,7142,8084,9150,14.43,No,11.3,7.5,18.6
Thanisandra,13.0615,77.6309,North,Builder Floor,3,1800,10100,6377,6966,7884,8923,10100,13.35,No,12.2,6.3,18.1
Bellandur,12.9287,77.6821,East,Apartment,2,1310,12550,7473,8256,9493,10915,12550,13.74,No,4.1,10.3,41.8
Marathahalli,12.9552,77.7035,East,Apartment,2,1040,8850,5587,6103,6908,7819,8850,14.1,No,3,9.4,39.7
ITPL,12.9834,77.7271,East,Apartment,2,1090,10700,6814,7431,8391,9475,10700,14.85,No,1.6,12.4,39.8
Whitefield,12.973,77.7542,East,Villa,3,1410,14550,6312,7423,9290,11626,14550,28.47,Yes,2.1,13.1,42.3
Richmond Town,12.9619,77.6055,Central,Villa,3,1770,15100,11811,12378,13226,14132,15100,7.11,Yes,11.8,2.6,36.5
Marathahalli,12.9598,77.703,East,Apartment,2,900,9150,5777,6310,7142,8084,9150,14.42,No,3.3,10.4,37.6
Gottigere,12.8701,77.5949,South,Apartment,2,1280,7000,5159,5469,5938,6447,7000,7.96,No,10.1,8.6,43
Frazer Town,12.9825,77.6192,Central,Apartment,3,2060,12300,10239,10603,11141,11706,12300,4.68,No,9.6,4.1,32.7
Rajajinagar,12.9863,77.5574,West,Apartment,3,1750,14200,11337,11834,12575,13363,14200,5.74,Yes,12.3,4,33.3
Marathahalli,12.9631,77.6973,East,Builder Floor,3,2150,8500,5367,5862,6635,7510,8500,13.27,No,3.2,9.4,41.8
MG Road,12.9772,77.6032,Central,Villa,1,520,15750,12838,13348,14105,14905,15750,5.9,Yes,12.9,2.9,33
KR Puram,13.0086,77.6982,East,Apartment,3,1920,8850,4653,5268,6263,7445,8850,19.44,Yes,7.1,6.2,32.7
JP Nagar,12.9087,77.5845,South,Apartment,1,590,9700,7013,7462,8144,8888,9700,9.13,Yes,9.1,5.9,37.6
Hulimavu,12.8966,77.6085,South,Builder Floor,2,1320,7650,5530,5884,6422,7009,7650,9.61,No,7.9,7.7,43.9
Hebbal,13.0315,77.6003,North,Apartment,3,1830,16550,11111,11993,13352,14865,16550,12.83,No,10.5,8,17.8
Devanahalli,13.2424,77.7108,North,Builder Floor,3,1800,8750,4706,5304,6267,7405,8750,16.28,No,28.5,8.5,8.5
Marathahalli,12.958,77.7052,East,Apartment,2,870,8650,5461,5965,6752,7642,8650,15.06,No,3.1,10.6,40.4
Jayanagar,12.9216,77.5951,South,Apartment,2,1200,15000,10542,11278,12403,13640,15000,10.19,Yes,9,3.5,41.1
Devanahalli,13.2484,77.7156,North,Apartment,2,1200,8500,4570,5151,6087,7193,8500,17.99,No,29.2,7.3,8.6
Bellandur,12.9207,77.6827,East,Villa,2,1040,13550,8069,8915,10250,11785,13550,16,No,3.6,11.6,46.9
KR Puram,13.0121,77.694,East,Apartment,1,620,9550,5021,5684,6757,8033,9550,17.1,Yes,7,6.4,36.9
Thanisandra,13.0599,77.6255,North,Apartment,3,1660,9650,6093,6655,7533,8526,9650,12.86,No,12.8,7.5,20.2
Malleshwaram,13.0045,77.5753,North,Apartment,2,1300,14400,13096,13334,13680,14035,14400,2.41,Yes,13.5,3.3,27.2
Rajarajeshwari Nagar,12.9222,77.5101,West,Villa,3,2080,7300,5541,5840,6291,6777,7300,7.2,Yes,13.9,8.4,41.5
Rajarajeshwari Nagar,12.9175,77.5086,West,Builder Floor,2,1260,8000,6073,6401,6895,7427,8000,7.36,Yes,13.8,8.1,44.1
Banashankari,12.9265,77.5488,South,Apartment,2,1310,9000,7039,7377,7883,8423,9000,7.43,Yes,10.2,4.6,39.3
Sarjapur Road,12.9046,77.6816,East,Apartment,1,490,11900,7204,7934,9082,10396,11900,13.37,No,4.3,11.8,42
Kanakapura Road,12.8626,77.586,South,Apartment,1,540,8050,5555,5964,6591,7284,8050,11.16,Yes,8.4,7.5,46.3
Kengeri,12.9131,77.4874,West,Villa,2,1040,5600,4380,4590,4905,5241,5600,6.34,Yes,19.9,9.5,40.1
Rajajinagar,12.9903,77.5546,West,Builder Floor,2,1020,14050,11216,11708,12442,13222,14050,6.07,Yes,11.4,3.7,32.3
Thanisandra,13.0607,77.632,North,Apartment,2,1060,9200,5808,6344,7181,8128,9200,15.12,No,12,6.8,18.2
Whitefield,12.9652,77.7496,East,Apartment,1,680,13500,5856,6887,8619,10787,13500,22.4,Yes,1.9,15.8,45
Kanakapura Road,12.8622,77.5904,South,Apartment,1,480,8450,5830,6259,6918,7646,8450,9.04,Yes,8.8,7.5,47
Manyata Tech Park,13.0412,77.6202,North,Villa,3,1400,12800,8442,9143,10228,11442,12800,12.76,No,0.5,6.5,17.8
Hoodi,12.9869,77.7162,East,Builder Floor,3,2030,10200,6609,7183,8074,9075,10200,11.89,Yes,4.2,11.9,38.8
MG Road,12.9747,77.6051,Central,Apartment,3,1320,16250,13246,13772,14553,15378,16250,6.25,Yes,12.2,3.3,38.5
HSR Layout,12.9108,77.643,South,Apartment,1,520,14500,8427,9355,10826,12529,14500,14.66,No,5.2,7.5,46
Rajajinagar,12.9898,77.5507,West,Apartment,2,1300,14300,11416,11917,12664,13457,14300,5.8,Yes,12.9,4.1,31.3
ITPL,12.9846,77.7225,East,Builder Floor,3,2120,10900,6941,7569,8547,9652,10900,13.2,No,1.5,14.2,40.5
Gottigere,12.8716,77.5995,South,Apartment,2,1230,7350,5417,5742,6234,6769,7350,8.04,No,9.2,9.6,41.8
Yelahanka,13.1022,77.5972,North,Apartment,4,2700,10400,5948,6624,7699,8948,10400,16.38,No,21.6,5,11.2
RT Nagar,13.0225,77.5856,North,Apartment,2,950,6950,5849,6044,6332,6634,6950,4.21,No,12.8,5.4,26.6
Richmond Town,12.9646,77.6022,Central,Apartment,2,1070,14050,10990,11517,12306,13149,14050,6.02,Yes,10.4,2.6,31.7
Bannerghatta Road,12.8808,77.6019,South,Apartment,1,620,9250,5791,6336,7188,8154,9250,14.88,No,7.7,6.4,41.5
Rajarajeshwari Nagar,12.9193,77.5108,West,Apartment,2,920,7850,5958,6280,6765,7287,7850,7.36,Yes,16.4,8.5,39
Rajajinagar,12.9909,77.5527,West,Apartment,3,1460,13750,10977,11458,12176,12939,13750,5.94,Yes,11.7,3.9,28.5
Nagarbhavi,12.9623,77.5038,West,Villa,2,900,6550,5338,5550,5865,6198,6550,6.36,No,16.5,7.7,44.9
Gottigere,12.8661,77.594,South,Apartment,2,1170,6600,4865,5157,5599,6079,6600,7.45,No,10,8.9,41.9
Richmond Town,12.9655,77.6025,Central,Apartment,3,2080,14050,10990,11517,12306,13149,14050,6.21,Yes,11.7,2.7,38.2
Nagarbhavi,12.9637,77.5055,West,Apartment,2,1060,6650,5420,5635,5955,6293,6650,4.93,No,17.2,7.7,43
Marathahalli,12.9616,77.7031,East,Apartment,3,1730,8700,5494,6001,6792,7687,8700,13.2,No,2.9,10.7,36.9
Marathahalli,12.9573,77.6977,East,Builder Floor,3,1820,9100,5746,6276,7103,8040,9100,12.12,No,3,9.6,38.4
Devanahalli,13.2441,77.7116,North,Apartment,3,2030,9050,4866,5485,6482,7659,9050,19.15,No,32.8,8.4,7.6
Frazer Town,12.9815,77.6114,Central,Apartment,3,2100,11300,9408,9742,10236,10755,11300,5.32,No,10.2,4.2,34.6
Bellandur,12.9245,77.6803,East,Apartment,3,1320,12350,7354,8125,9342,10741,12350,17.16,No,4,10.2,47.3
Nagarbhavi,12.959,77.4977,West,Apartment,1,670,5800,4727,4915,5194,5489,5800,5.62,No,19.2,6.7,42.7
Malleshwaram,13.0035,77.5739,North,Apartment,4,2870,12850,11686,11899,12208,12525,12850,2.51,Yes,13.7,3.5,28
Marathahalli,12.9582,77.6956,East,Apartment,2,910,9050,5715,6242,7065,7996,9050,12.2,No,2.8,10.1,42.4
Koramangala,12.9314,77.6287,South,Apartment,4,2690,20800,13022,14247,16162,18335,20800,13.28,No,4.9,5,36.5
Banashankari,12.9301,77.5515,South,Builder Floor,3,1590,7850,6140,6435,6876,7347,7850,7.56,Yes,9.8,4.8,36.1
Rajajinagar,12.9938,77.5553,West,Apartment,3,1840,13150,10498,10958,11645,12375,13150,5.6,Yes,13.4,3.9,29.4
Richmond Town,12.9598,77.6014,Central,Builder Floor,3,1460,13500,10559,11066,11824,12634,13500,7.6,Yes,10.7,2.9,37.1
Rajajinagar,12.9912,77.5515,West,Apartment,1,500,14250,11376,11875,12619,13410,14250,7.17,Yes,11.5,3.8,32.7
Jayanagar,12.9229,77.5952,South,Villa,3,2010,16150,11350,12142,13353,14685,16150,9.02,Yes,9.1,4,40.9
Thanisandra,13.0647,77.6263,North,Apartment,3,1770,9200,5808,6344,7181,8128,9200,11.61,No,12.5,7.6,20.8
Kengeri,12.9136,77.4803,West,Villa,2,1210,5650,4420,4632,4949,5288,5650,6.39,Yes,21.5,8.5,44.3
Anjanapura,12.8511,77.5732,South,Apartment,2,1240,6050,4637,4878,5241,5631,6050,6.83,No,11.9,10,43.5
Yelahanka,13.0965,77.5968,North,Builder Floor,3,2070,10400,5948,6624,7699,8948,10400,16.5,No,23,5.4,12.5
Hennur,13.0376,77.6384,North,Apartment,2,1290,9050,6076,6558,7301,8129,9050,10.98,No,12.5,7.5,20.3
Electronic City,12.8424,77.6577,South,Apartment,1,650,6700,4159,4558,5183,5893,6700,14.64,No,0.8,16.9,52.3
Rajajinagar,12.993,77.5482,West,Apartment,3,1970,12700,10138,10583,11246,11951,12700,6.65,Yes,13.3,4.3,32.7
Nagarbhavi,12.9653,77.4991,West,Apartment,1,540,5950,4850,5043,5329,5631,5950,6.22,No,16.5,7.6,40.1
Hulimavu,12.8937,77.6082,South,Apartment,2,1070,7300,5278,5616,6129,6689,7300,9.48,No,7.5,7.3,43.5
Varthur,12.9488,77.7523,East,Apartment,2,920,7900,5210,5643,6313,7062,7900,11.33,No,3.5,13.1,46.7
Gottigere,12.8745,77.6035,South,Apartment,1,490,6800,5011,5312,5768,6263,6800,7.71,No,9.4,9.4,43
Thanisandra,13.0564,77.631,North,Apartment,1,670,9900,6251,6828,7728,8747,9900,14.62,No,11.4,7.5,19.8
Gottigere,12.8757,77.5974,South,Apartment,2,980,6550,4827,5117,5556,6033,6550,8.66,No,9.3,8.9,49
Yelahanka,13.0962,77.5967,North,Apartment,3,2020,11100,6349,7070,8217,9550,11100,15.24,No,22.4,5.2,13.4
Devanahalli,13.2446,77.7115,North,Apartment,2,1180,9700,5216,5879,6947,8209,9700,18.85,No,31.6,7.3,8.1
MG Road,12.9803,77.5998,Central,Villa,4,2860,15300,12472,12967,13702,14479,15300,5.98,Yes,12.6,3.2,33.1
Frazer Town,12.9754,77.6114,Central,Apartment,2,1070,11050,9199,9526,10009,10517,11050,5.77,No,10.3,4,34.6
MG Road,12.9715,77.6038,Central,Apartment,2,1180,17050,13897,14449,15269,16135,17050,5.41,Yes,11.8,3.3,34.5
Marathahalli,12.9633,77.6971,East,Apartment,2,1280,9050,5715,6242,7065,7996,9050,13.33,No,3.3,11,36.6
Nagarbhavi,12.9617,77.5052,West,Builder Floor,2,940,5800,4727,4915,5194,5489,5800,6.15,No,16.9,6.5,37.9
Hebbal,13.032,77.6017,North,Apartment,1,470,15650,10507,11341,12626,14057,15650,10.26,No,9.4,7.4,17.3
Yelahanka,13.1042,77.5914,North,Apartment,3,2060,11050,6320,7038,8180,9507,11050,18.61,No,20.6,5.6,12.2
Jayanagar,12.9225,77.5897,South,Apartment,3,1520,14350,10086,10790,11866,13049,14350,10.97,Yes,9,3.7,42
Frazer Town,12.9764,77.6133,Central,Apartment,1,470,12550,10447,10818,11367,11944,12550,5.46,No,10.2,3.8,36.8
Whitefield,12.966,77.7469,East,Builder Floor,4,3060,14350,6226,7322,9163,11467,14350,21.71,Yes,2.2,15.1,42.5
ITPL,12.9867,77.7255,East,Apartment,4,3240,10950,6973,7604,8587,9697,10950,11.88,No,1.5,14,40.2
Malleshwaram,13.0016,77.567,North,Villa,3,1900,13300,12095,12315,12635,12963,13300,2.3,Yes,13,3.5,29
Jayanagar,12.9267,77.59,South,Apartment,4,2800,14650,10296,11015,12114,13322,14650,10.37,Yes,10.1,3.6,37.3
Varthur,12.9473,77.7508,East,Builder Floor,2,1040,7550,4979,5393,6033,6749,7550,13.63,No,3.5,12.1,46
RT Nagar,13.023,77.5873,North,Builder Floor,2,1180,6900,5806,6000,6286,6586,6900,4.12,No,12.6,5.6,24.6
Rajarajeshwari Nagar,12.9206,77.5022,West,Apartment,3,1690,6950,5276,5561,5990,6452,6950,7.32,Yes,14.2,8.5,43.7
Rajajinagar,12.9901,77.5509,West,Apartment,3,1810,12650,10098,10541,11202,11904,12650,5.88,Yes,13.3,4,32
Rajarajeshwari Nagar,12.9171,77.5042,West,Builder Floor,2,930,7900,5996,6320,6808,7334,7900,7.07,Yes,14.3,9.1,45.9
Varthur,12.9422,77.747,East,Apartment,3,1400,7150,4715,5107,5713,6391,7150,11.65,No,3.5,13.3,39
Hebbal,13.0322,77.6006,North,Apartment,3,1960,17100,11480,12391,13795,15359,17100,9.76,No,10.4,8.8,19.6
KR Puram,13.0027,77.6946,East,Apartment,1,520,9450,4968,5625,6687,7949,9450,19.18,Yes,7,6.6,33.5
HSR Layout,12.9151,77.64,South,Apartment,2,1240,13000,7555,8387,9706,11233,13000,13.84,No,5.9,7.9,42.3
Yelahanka,13.1048,77.5916,North,Apartment,3,2190,10100,5777,6433,7477,8690,10100,14.93,No,22.2,5.2,11.8
Jayanagar,12.9215,77.5897,South,Villa,4,3410,15500,10894,11654,12816,14094,15500,10.48,Yes,9.2,3.4,39.8
Devanahalli,13.2436,77.7129,North,Apartment,2,970,9500,5107,5757,6803,8039,9500,17.77,No,29.2,7.3,7.5
Kanakapura Road,12.8604,77.5865,South,Apartment,1,470,8650,5968,6408,7082,7827,8650,9.15,Yes,8.1,8.6,48.8
Jayanagar,12.928,77.5919,South,Villa,4,2230,16050,11281,12068,13272,14595,16050,9.5,Yes,9,3.9,35.8
Koramangala,12.9308,77.6239,South,Apartment,4,3120,20350,12739,13938,15812,17938,20350,11.72,No,5.5,5.1,40
MG Road,12.9767,77.6031,Central,Villa,2,1170,15600,12716,13221,13971,14763,15600,4.86,Yes,12.9,2.8,34.5
Gottigere,12.8718,77.6032,South,Villa,3,1960,6900,5086,5391,5853,6355,6900,9.78,No,9.3,9.4,46.8
KR Puram,13.0051,77.6993,East,Apartment,2,1240,9900,5205,5893,7005,8328,9900,20.2,Yes,6.6,6.2,36.3
JP Nagar,12.9126,77.5888,South,Apartment,3,1930,9150,6616,7039,7682,8384,9150,9.5,Yes,8.3,6.4,41.2
Hebbal,13.0375,77.6012,North,Apartment,2,1270,15600,10474,11305,12586,14012,15600,11.33,No,10.3,7.8,19.6
Jayanagar,12.9268,77.5906,South,Villa,2,920,16350,11491,12293,13519,14867,16350,10.88,Yes,8.7,4.1,35.9
Rajarajeshwari Nagar,12.9188,77.5095,West,Apartment,2,1100,7050,5351,5640,6076,6545,7050,7.9,Yes,14.3,8.1,38.8
JP Nagar,12.9104,77.5823,South,Apartment,2,1280,9400,6796,7231,7892,8613,9400,8.51,Yes,9.5,6.8,43.8
Marathahalli,12.957,77.7027,East,Apartment,2,1020,9750,6156,6724,7611,8614,9750,12.19,No,2.9,9.5,36.7
Devanahalli,13.2428,77.7108,North,Builder Floor,2,1220,9700,5216,5879,6947,8209,9700,18.45,No,30.9,8,7.9
Manyata Tech Park,13.0444,77.6214,North,Villa,3,1710,12900,8507,9214,10308,11531,12900,13.58,No,0.5,7,20.9
Banashankari,12.9283,77.5524,South,Builder Floor,3,1850,8250,6453,6763,7226,7721,8250,6.78,Yes,10.9,5.1,35
Sarjapur Road,12.8973,77.6849,East,Apartment,2,1160,12150,7355,8100,9272,10614,12150,15.3,No,4.7,11.6,42.4
Richmond Town,12.9603,77.5991,Central,Villa,3,1690,14750,11537,12090,12919,13804,14750,6.72,Yes,12,2.9,36
Rajarajeshwari Nagar,12.9253,77.5093,West,Builder Floor,1,560,6900,5237,5520,5946,6405,6900,8.61,Yes,16.4,8.7,44.2
Gottigere,12.8746,77.5958,South,Apartment,2,860,6300,4643,4922,5344,5802,6300,8.03,No,9.8,9.6,42.5
Manyata Tech Park,13.0486,77.6197,North,Builder Floor,3,1810,11100,7320,7928,8869,9922,11100,12.59,No,0.5,7.8,20.3
Hoodi,12.9815,77.7167,East,Apartment,4,2600,10850,7031,7641,8588,9653,10850,12.05,Yes,3.9,12.9,34.5
Richmond Town,12.9605,77.606,Central,Apartment,2,1060,15150,11850,12418,13269,14178,15150,6.17,Yes,12.2,2.8,36.9
Thanisandra,13.0598,77.6297,North,Apartment,3,1990,9250,5840,6379,7220,8172,9250,13.44,No,12.9,6.9,21.9
Nagarbhavi,12.967,77.5001,West,Apartment,1,650,6200,5053,5254,5552,5867,6200,6.39,No,16,6.9,45.8
Kengeri,12.9176,77.4804,West,Villa,3,1380,5800,4536,4754,5080,5428,5800,7.15,Yes,18.3,8.5,43.6
MG Road,12.9794,77.6027,Central,Apartment,3,1590,15950,13001,13517,14284,15094,15950,5.77,Yes,12.4,2.9,33.4
Kanakapura Road,12.8613,77.583,South,Apartment,2,1230,9000,6210,6667,7368,8143,9000,10.4,Yes,8.7,7.5,42.4
Yelahanka,13.1001,77.5956,North,Apartment,2,1040,10600,6063,6752,7847,9120,10600,15.94,No,20.7,5.7,13
Hulimavu,12.8937,77.6086,South,Apartment,2,1150,7750,5603,5961,6506,7101,7750,8.13,No,6.8,8.7,42.7
Jayanagar,12.9229,77.5984,South,Apartment,3,1360,16450,11562,12369,13602,14958,16450,10.44,Yes,9.3,3.9,40.2
Hebbal,13.0383,77.5968,North,Apartment,2,1340,15450,10372,11195,12464,13877,15450,12.84,No,10.1,8.7,19
Marathahalli,12.9615,77.6961,East,Apartment,3,1420,8600,5430,5931,6713,7598,8600,14.4,No,3.4,9.2,41.8
Anjanapura,12.8587,77.5707,South,Villa,1,540,6350,4868,5121,5502,5911,6350,7.27,No,12,9.9,46.2
Kengeri,12.9163,77.4869,West,Apartment,1,580,6250,4888,5123,5474,5849,6250,7.78,Yes,19,9,41.6
Koramangala,12.9305,77.625,South,Apartment,4,3430,23250,14555,15925,18066,20495,23250,14.62,No,5.3,5.1,34.8
Koramangala,12.94,77.6203,South,Apartment,4,3330,21800,13648,14932,16939,19216,21800,14.81,No,5.1,5.1,41.2
Nagarbhavi,12.9622,77.5074,West,Builder Floor,2,890,5950,4850,5043,5329,5631,5950,6.15,No,18.4,7.1,41.3
Manyata Tech Park,13.0484,77.6237,North,Apartment,2,860,12650,8343,9036,10108,11308,12650,13.14,No,0.5,7.6,19.6
ITPL,12.9907,77.7234,East,Villa,3,1630,10450,6655,7257,8195,9254,10450,12.37,No,1.6,12.5,38
Rajajinagar,12.9935,77.5559,West,Builder Floor,3,1800,14300,11416,11917,12664,13457,14300,5.85,Yes,11.3,4.4,29.5
Malleshwaram,12.9987,77.5749,North,Villa,4,2400,14450,13140,13379,13727,14084,14450,2.83,Yes,13.5,3.6,30.5
Hoodi,12.9863,77.7117,East,Apartment,2,880,10100,6545,7113,7995,8986,10100,13.86,Yes,4.3,11.4,40.3
Hoodi,12.9865,77.7138,East,Apartment,2,1240,9750,6318,6866,7717,8674,9750,13.5,Yes,3.7,11.8,36.9
Nagarbhavi,12.9661,77.5039,West,Apartment,3,1300,5850,4769,4958,5239,5536,5850,4.95,No,18.2,6.7,42.1
Kengeri,12.915,77.49,West,Apartment,1,450,5800,4536,4754,5080,5428,5800,7.71,Yes,18.9,9.4,39.9
Devanahalli,13.2462,77.7106,North,Apartment,2,1260,9350,5028,5667,6696,7913,9350,18.88,No,27.6,7.4,8.3
Bellandur,12.9245,77.6813,East,Apartment,1,670,13700,8158,9013,10363,11915,13700,16.22,No,3.6,10.6,39.2
RT Nagar,13.021,77.5872,North,Apartment,2,1180,6950,5849,6044,6332,6634,6950,4.23,No,12.6,5,23.1
Rajajinagar,12.9884,77.5553,West,Builder Floor,2,1140,14250,11376,11875,12619,13410,14250,7.04,Yes,11.9,3.9,29.8
Bannerghatta Road,12.876,77.5977,South,Apartment,2,1130,9300,5822,6370,7226,8198,9300,15.15,No,9,6.8,39
Frazer Town,12.9795,77.6156,Central,Apartment,4,2960,12200,10157,10518,11051,11611,12200,5.23,No,10.3,4.1,36.8
ITPL,12.9904,77.7319,East,Builder Floor,2,860,10950,6973,7604,8587,9697,10950,12.03,No,1.4,13.5,42.2
Bannerghatta Road,12.8829,77.6017,South,Builder Floor,3,1520,9400,5884,6438,7304,8286,9400,12.1,No,8.3,7.1,39.5
KR Puram,13.0069,77.6993,East,Apartment,2,1030,8950,4705,5327,6333,7529,8950,20.12,Yes,6.2,7.2,37.2
Koramangala,12.9345,77.6223,South,Apartment,2,890,22900,14336,15685,17794,20186,22900,11.89,No,5.2,5.1,37.3
Kengeri,12.9168,77.4854,West,Apartment,1,610,5550,4341,4549,4861,5194,5550,7.64,Yes,18.4,8.8,40.7
Hennur,13.0364,77.6345,North,Builder Floor,2,860,8100,5438,5869,6534,7275,8100,11.54,No,11.5,6.9,21.6
MG Road,12.9712,77.5982,Central,Apartment,3,2140,15000,12227,12712,13433,14195,15000,6.08,Yes,11.9,3,32
Anjanapura,12.8515,77.5734,South,Builder Floor,1,650,6650,5098,5363,5762,6190,6650,7.17,No,12.1,9.1,44.6
ITPL,12.9823,77.7291,East,Apartment,2,1130,11800,7514,8194,9253,10449,11800,12.63,No,1.5,13.4,40.5
KR Puram,13.0057,77.698,East,Builder Floor,2,1310,10200,5362,6071,7217,8580,10200,19.68,Yes,6.2,6.4,37.1
MG Road,12.9797,77.601,Central,Apartment,2,1070,17050,13897,14449,15269,16135,17050,6.04,Yes,11.6,3,38.1
Bellandur,12.9239,77.6754,East,Apartment,3,1800,13500,8039,8882,10212,11741,13500,13.07,No,3.9,10.2,44.3
Electronic City,12.85,77.6586,South,Builder Floor,3,1820,7300,4531,4966,5646,6420,7300,15.05,No,0.8,18,56.3
Hennur,13.0421,77.6379,North,Builder Floor,2,1340,8750,5874,6340,7059,7859,8750,11.46,No,11,7.9,21.4
Thanisandra,13.0653,77.6253,North,Apartment,3,2050,9350,5904,6449,7299,8261,9350,13.88,No,13,7,21
Kanakapura Road,12.868,77.5819,South,Apartment,2,1020,8950,6175,6630,7327,8098,8950,10.58,Yes,7.5,7.6,47.1
RT Nagar,13.0218,77.5947,North,Apartment,2,1180,7950,6690,6913,7243,7588,7950,4.51,No,13.8,5.8,25.5
Thanisandra,13.0562,77.6314,North,Apartment,1,530,9500,5997,6551,7415,8393,9500,11.29,No,11.8,7.4,18.4
Hoodi,12.9809,77.7132,East,Apartment,2,1060,10250,6642,7218,8113,9119,10250,11.01,Yes,4.3,11.8,39.5
RT Nagar,13.0186,77.5945,North,Builder Floor,2,1230,7550,6353,6565,6878,7206,7550,4.97,No,13.9,5.8,23
Devanahalli,13.2485,77.7159,North,Apartment,2,970,8300,4463,5030,5944,7024,8300,18.91,No,29.2,7.5,8.7
JP Nagar,12.9036,77.5872,South,Builder Floor,2,1020,9700,7013,7462,8144,8888,9700,8.28,Yes,8.2,6.6,40.4
Manyata Tech Park,13.0459,77.6186,North,Builder Floor,1,460,11050,7288,7893,8830,9878,11050,11.73,No,0.5,6.9,18.7
Hebbal,13.0311,77.5989,North,Apartment,4,2960,16450,11044,11920,13271,14775,16450,10.96,No,10,7.8,16.8
JP Nagar,12.905,77.5815,South,Apartment,2,1300,9200,6651,7077,7724,8430,9200,9,Yes,9.3,7.1,37.6
Varthur,12.949,77.7512,East,Apartment,2,1340,8050,5309,5750,6433,7196,8050,11.71,No,3.6,13.9,46.4
Banashankari,12.9278,77.5529,South,Apartment,2,1040,9100,7118,7459,7970,8516,9100,5.85,Yes,10,4.5,35.6
Devanahalli,13.2487,77.7155,North,Apartment,1,510,8650,4651,5243,6195,7320,8650,16.98,No,31.4,8,8.6
Hulimavu,12.893,77.609,South,Apartment,2,900,6950,5025,5346,5835,6368,6950,10.4,No,7,7.3,45
Gottigere,12.8669,77.6037,South,Builder Floor,2,1200,6300,4643,4922,5344,5802,6300,8.99,No,9.4,9.8,46
Sarjapur Road,12.9015,77.6855,East,Apartment,3,1840,11950,7233,7966,9119,10439,11950,15.45,No,4.9,12.2,42.2
Marathahalli,12.9602,77.7033,East,Apartment,1,700,9300,5872,6414,7260,8217,9300,13.86,No,3.2,10.7,41.3
Hennur,13.0411,77.6361,North,Apartment,1,530,8100,5438,5869,6534,7275,8100,11.77,No,11.7,7.6,20.9
Jayanagar,12.9256,77.5945,South,Apartment,1,560,15350,10788,11541,12692,13958,15350,9.37,Yes,10.4,4.1,38.6
Frazer Town,12.9759,77.612,Central,Villa,3,2110,12500,10407,10776,11323,11897,12500,5.46,No,11.1,3.8,38.5
MG Road,12.9718,77.5972,Central,Apartment,3,1430,16000,13041,13559,14328,15141,16000,5.48,Yes,12.5,3.3,35.1
Jayanagar,12.9213,77.5948,South,Apartment,3,1480,16200,11385,12180,13395,14731,16200,9.92,Yes,9.7,3.4,40.7
Kanakapura Road,12.8668,77.5815,South,Apartment,3,1380,8100,5588,6000,6631,7329,8100,10.16,Yes,7.8,8.2,45.4
Richmond Town,12.964,77.5979,Central,Apartment,1,500,13500,10559,11066,11824,12634,13500,6.22,Yes,11.8,2.7,36.6
Banashankari,12.928,77.557,South,Builder Floor,2,1110,8250,6453,6763,7226,7721,8250,6.82,Yes,9.8,4.6,35.8
KR Puram,13.0086,77.6995,East,Builder Floor,3,1990,9050,4758,5387,6404,7613,9050,18.93,Yes,5.9,6.4,37.2
Hennur,13.0357,77.6384,North,Apartment,2,960,8700,5841,6304,7019,7814,8700,10.47,No,12.5,7.8,20.9
Manyata Tech Park,13.0497,77.6191,North,Apartment,3,1610,12350,8145,8822,9869,11040,12350,13.63,No,0.5,6.8,20.9
ITPL,12.9853,77.7225,East,Apartment,3,1320,11650,7419,8090,9136,10317,11650,12.82,No,1.6,13.8,39.5
RT Nagar,13.0157,77.591,North,Builder Floor,2,1130,7100,5976,6175,6469,6777,7100,5.34,No,12,5.6,23.6
Devanahalli,13.2461,77.7176,North,Apartment,1,600,9250,4974,5606,6625,7828,9250,19.71,No,29.5,8.4,8.4
Hoodi,12.9852,77.7196,East,Apartment,2,1120,10150,6577,7148,8034,9030,10150,12.08,Yes,4.3,13.1,39.1
KR Puram,13.009,77.696,East,Villa,2,1260,10100,5310,6012,7147,8496,10100,17.15,Yes,6.5,6.3,32.6
Varthur,12.9514,77.7439,East,Apartment,2,1010,7900,5210,5643,6313,7062,7900,13.62,No,3.8,11.9,46.4
Rajajinagar,12.9942,77.5504,West,Builder Floor,3,1380,12950,10338,10791,11467,12186,12950,6.29,Yes,12.3,3.7,28.6
Varthur,12.9473,77.7521,East,Apartment,2,1300,7400,4881,5286,5913,6615,7400,13.3,No,3.3,12.7,43.3
Hulimavu,12.8919,77.6145,South,Apartment,2,1150,7650,5530,5884,6422,7009,7650,8,No,7.6,8.7,40
Devanahalli,13.2482,77.712,North,Apartment,2,930,8450,4544,5122,6052,7151,8450,20.36,No,27.7,8.7,7.6
Kanakapura Road,12.8663,77.5892,South,Apartment,3,2060,8850,6106,6556,7246,8008,8850,11.3,Yes,8.7,7.4,48.5
Hoodi,12.9843,77.7159,East,Apartment,3,1430,10750,6965,7570,8509,9564,10750,11.61,Yes,4.1,11.8,34.6
Indiranagar,12.976,77.6456,East,Villa,2,1250,18450,12387,13370,14885,16572,18450,11.41,Yes,7.3,3.9,38.9
Jayanagar,12.927,77.589,South,Apartment,2,1230,15350,10788,11541,12692,13958,15350,8.9,Yes,8.9,3.8,36.6
Hoodi,12.9835,77.7125,East,Apartment,2,1090,10750,6965,7570,8509,9564,10750,13.2,Yes,4.3,12.9,40.3
RT Nagar,13.0157,77.5917,North,Apartment,1,610,7500,6311,6522,6833,7159,7500,5.16,No,12.3,6,22.9
MG Road,12.9793,77.6056,Central,Builder Floor,2,1150,15000,12227,12712,13433,14195,15000,5.02,Yes,12.3,3.3,33.1
Nagarbhavi,12.9584,77.5058,West,Apartment,1,520,6500,5299,5509,5821,6151,6500,5.91,No,19.3,7.4,42.4
Hebbal,13.0385,77.5962,North,Apartment,3,1950,14900,10003,10797,12021,13383,14900,10.9,No,10.6,7.7,17.3
Malleshwaram,13.0039,77.5668,North,Builder Floor,3,2020,14550,13231,13472,13822,14181,14550,2.39,Yes,13.6,3.7,27.6
Malleshwaram,13.002,77.5755,North,Apartment,1,490,13700,12458,12685,13015,13353,13700,2.26,Yes,13.9,3.6,30.2
Malleshwaram,12.9993,77.5727,North,Villa,3,1440,13350,12140,12361,12682,13012,13350,2.93,Yes,14.6,3.5,27.9
ITPL,12.9861,77.7224,East,Apartment,1,540,10350,6591,7187,8116,9165,10350,13.77,No,1.5,13.9,42.4
RT Nagar,13.0156,77.5871,North,Apartment,1,520,7600,6396,6609,6924,7254,7600,4.11,No,13.3,5.8,27.5
Rajarajeshwari Nagar,12.9185,77.5106,West,Apartment,1,520,8000,6073,6401,6895,7427,8000,8,Yes,14.9,8.8,45.2
Kanakapura Road,12.8588,77.589,South,Builder Floor,2,1190,8800,6071,6518,7204,7962,8800,11.23,Yes,7.8,8.5,41.7
ITPL,12.9858,77.7295,East,Apartment,1,610,11150,7101,7743,8744,9874,11150,10.99,No,1.4,12.2,38.5
Frazer Town,12.9775,77.6116,Central,Builder Floor,2,1140,11050,9199,9526,10009,10517,11050,4.65,No,11.5,3.6,35.4
Varthur,12.9418,77.745,East,Apartment,2,1160,7350,4847,5250,5873,6570,7350,12.55,No,3.2,13.4,39.3
KR Puram,13.0113,77.6959,East,Apartment,2,1040,9850,5179,5863,6970,8286,9850,20.83,Yes,6.4,6.3,36.8
Rajajinagar,12.9898,77.5564,West,Builder Floor,4,2390,13800,11016,11499,12220,12986,13800,6.39,Yes,13.1,3.8,29.8
JP Nagar,12.9127,77.5854,South,Apartment,3,1940,10100,7302,7769,8479,9254,10100,10.17,Yes,8.5,6.1,40.7
Hulimavu,12.8947,77.6126,South,Apartment,2,1280,7650,5530,5884,6422,7009,7650,7.98,No,8.1,7.8,43.5
Hoodi,12.9865,77.7182,East,Apartment,2,1330,10350,6706,7288,8192,9208,10350,10.56,Yes,4.2,12,38.7
Rajarajeshwari Nagar,12.9179,77.5069,West,Villa,2,1340,7600,5768,6080,6549,7055,7600,8.29,Yes,15.3,9.3,40
Anjanapura,12.8537,77.5652,South,Villa,3,1880,6350,4868,5121,5502,5911,6350,7.84,No,11.1,10.8,48.7
Marathahalli,12.9556,77.6966,East,Apartment,3,1380,9800,6187,6758,7649,8658,9800,12.1,No,2.8,10.8,38.5
HSR Layout,12.9077,77.6357,South,Apartment,3,1420,14300,8311,9226,10677,12356,14300,14.24,No,5.8,7.6,45.1
Kanakapura Road,12.8625,77.5884,South,Apartment,2,940,7900,5451,5852,6468,7148,7900,9.93,Yes,8.3,7.8,42.5
Koramangala,12.9342,77.628,South,Villa,4,2690,21950,13742,15035,17056,19349,21950,14.15,No,5,4.7,39.6
Malleshwaram,13.0027,77.5702,North,Builder Floor,1,560,13050,11867,12083,12397,12719,13050,2.94,Yes,14.1,3.3,27.5
Hebbal,13.031,77.5955,North,Villa,4,2180,16200,10876,11739,13070,14551,16200,10.21,No,9,8,16.9
Thanisandra,13.0643,77.6242,North,Apartment,2,880,9000,5683,6208,7026,7952,9000,12.64,No,12,7.4,20.3
Electronic City,12.8457,77.6553,South,Builder Floor,2,1270,7600,4717,5170,5878,6684,7600,15.31,No,0.7,17,52.5
Sarjapur Road,12.8973,77.6882,East,Apartment,3,2140,12750,7718,8500,9730,11138,12750,12.96,No,4.3,12.3,44.8
Richmond Town,12.9581,77.6036,Central,Apartment,3,1930,15200,11889,12459,13313,14225,15200,6.05,Yes,11.7,2.9,31.6
JP Nagar,12.9055,77.5901,South,Apartment,2,1110,9800,7085,7538,8227,8979,9800,10.27,Yes,8.1,6.3,40.1
Indiranagar,12.9804,77.639,East,Apartment,4,3500,18200,12219,13188,14683,16347,18200,11.12,Yes,6.7,4.2,33.9
Hoodi,12.983,77.7119,East,Apartment,3,1890,9850,6382,6936,7796,8763,9850,12.42,Yes,3.8,11.8,36
MG Road,12.9714,77.605,Central,Apartment,1,520,15300,12472,12967,13702,14479,15300,6.28,Yes,12,2.9,33.5
MG Road,12.9786,77.6007,Central,Apartment,3,1700,16000,13041,13559,14328,15141,16000,6.32,Yes,11.4,2.9,32.7
Frazer Town,12.9781,77.614,Central,Villa,3,1780,12450,10365,10733,11277,11849,12450,5.45,No,11.4,3.7,36.2
Bellandur,12.9218,77.6778,East,Apartment,2,1240,12700,7563,8356,9607,11046,12700,15.17,No,3.9,11.4,47.2
Rajarajeshwari Nagar,12.9215,77.5081,West,Apartment,1,670,8100,6148,6480,6980,7519,8100,6.61,Yes,16.4,8.6,39.9
Rajarajeshwari Nagar,12.9233,77.5099,West,Villa,1,470,7650,5806,6120,6593,7102,7650,7.96,Yes,16.2,8.8,40.1
Hoodi,12.9831,77.7145,East,Apartment,3,1530,10500,6803,7394,8311,9342,10500,10.61,Yes,3.8,12.8,40.5
Marathahalli,12.9545,77.6962,East,Builder Floor,3,1430,8850,5587,6103,6908,7819,8850,14.07,No,3.4,9.7,41.4
Banashankari,12.9294,77.554,South,Apartment,2,1320,8900,6961,7295,7795,8329,8900,7.7,Yes,10.5,4.9,37.9
Electronic City,12.844,77.658,South,Apartment,3,2010,7400,4593,5034,5724,6508,7400,15.29,No,0.8,18.1,55.9
Richmond Town,12.9626,77.6059,Central,Builder Floor,2,1350,14350,11225,11763,12569,13430,14350,5.84,Yes,12.1,2.7,32.6
Richmond Town,12.9631,77.5996,Central,Apartment,2,870,13800,10794,11312,12087,12915,13800,6.26,Yes,11.1,2.9,37.6
Banashankari,12.9345,77.5533,South,Apartment,3,1470,8350,6531,6844,7313,7814,8350,6.79,Yes,10.3,4.6,40.1
Devanahalli,13.2452,77.7173,North,Builder Floor,3,1370,8750,4706,5304,6267,7405,8750,19.12,No,30.1,7.4,8.4
Hoodi,12.9829,77.713,East,Villa,3,1750,10450,6771,7359,8271,9297,10450,13.61,Yes,3.9,11.7,38.5
Hoodi,12.9876,77.7119,East,Apartment,3,2000,10100,6545,7113,7995,8986,10100,13.36,Yes,3.7,11.4,36.6
Electronic City,12.8481,77.6607,South,Apartment,1,490,6650,4128,4524,5144,5849,6650,13,No,0.9,19.1,55.3
KR Puram,13.0072,77.6997,East,Builder Floor,2,1090,9350,4915,5565,6616,7865,9350,21.26,Yes,7,7.1,38.1
Koramangala,12.9318,77.6228,South,Apartment,2,1080,21100,13209,14452,16395,18599,21100,14.92,No,4.6,4.9,36.8
Frazer Town,12.9775,77.6151,Central,Builder Floor,3,1440,12500,10407,10776,11323,11897,12500,4.62,No,10.9,3.6,36.8
Hennur,13.0397,77.6399,North,Apartment,2,990,7950,5338,5761,6414,7141,7950,9.91,No,11.4,7.3,23.4
Varthur,12.9467,77.7508,East,Apartment,1,450,8000,5276,5714,6392,7151,8000,12.34,No,3.5,12.1,45.6
ITPL,12.9842,77.7238,East,Villa,2,1210,10650,6782,7396,8352,9431,10650,12.2,No,1.4,13.8,42.1
Jayanagar,12.921,77.5945,South,Apartment,2,900,15200,10683,11429,12569,13822,15200,9.93,Yes,8.7,4.1,35.6
Kengeri,12.9116,77.4844,West,Apartment,1,530,6150,4811,5042,5387,5756,6150,5.87,Yes,20.5,9.8,45.5
Jayanagar,12.9236,77.5893,South,Apartment,3,2110,15500,10894,11654,12816,14094,15500,11.32,Yes,9.7,3.7,38.6
Kanakapura Road,12.8681,77.5899,South,Apartment,2,1320,9150,6313,6778,7491,8279,9150,11.42,Yes,8.7,7.9,43.7
Gottigere,12.8714,77.6031,South,Villa,1,630,6350,4680,4961,5386,5848,6350,9.34,No,9.8,9.4,46.5
HSR Layout,12.9068,77.6395,South,Apartment,3,1500,14750,8572,9516,11013,12745,14750,13.47,No,5.5,7.6,41.7
KR Puram,13.0108,77.6932,East,Builder Floor,3,2200,10150,5336,6041,7182,8538,10150,18.79,Yes,6.7,6.6,34.9
Kanakapura Road,12.8586,77.5844,South,Builder Floor,1,620,8400,5795,6222,6877,7600,8400,12.05,Yes,7.6,7.8,43.6
Malleshwaram,13.0006,77.5736,North,Apartment,3,1970,12500,11366,11573,11874,12183,12500,2.94,Yes,14.8,3.3,25.8
JP Nagar,12.9032,77.584,South,Apartment,2,1230,8800,6362,6769,7388,8063,8800,9.2,Yes,8.2,5.9,37.1
Varthur,12.9436,77.7507,East,Builder Floor,2,870,7450,4913,5321,5953,6660,7450,11.76,No,3.3,13.2,45.8
Nagarbhavi,12.9664,77.5047,West,Apartment,2,1300,5850,4769,4958,5239,5536,5850,5.55,No,18.1,6.6,39.7
Kanakapura Road,12.8609,77.5855,South,Apartment,1,480,7950,5484,5888,6508,7193,7950,9.48,Yes,7.6,8.3,46.4
Malleshwaram,12.9987,77.5698,North,Apartment,3,1620,13750,12505,12732,13063,13402,13750,2.95,Yes,13.2,3.2,28
Hennur,13.0344,77.6362,North,Apartment,3,2160,8600,5775,6233,6939,7725,8600,11.09,No,12,7.4,20
Frazer Town,12.9772,77.6194,Central,Builder Floor,3,2180,11300,9408,9742,10236,10755,11300,5.24,No,10.5,3.8,38.3
Hoodi,12.982,77.714,East,Apartment,3,1560,10100,6545,7113,7995,8986,10100,10.82,Yes,4.3,11.3,34.7
Hennur,13.0386,77.6363,North,Apartment,2,1050,8500,5707,6160,6858,7635,8500,9.86,No,11.1,7.2,20.1
Gottigere,12.8688,77.5996,South,Villa,1,480,6600,4865,5157,5599,6079,6600,8.86,No,9.4,8.2,42.7
Electronic City,12.85,77.6638,South,Builder Floor,3,1580,7200,4469,4898,5569,6332,7200,12.08,No,0.7,16.7,59.5
Kengeri,12.9157,77.4867,West,Villa,2,1330,5700,4458,4672,4992,5334,5700,6.29,Yes,18.3,9.4,42.7
Koramangala,12.9398,77.6269,South,Villa,3,1740,20250,12677,13870,15735,17850,20250,14.63,No,5.1,4.9,37.3
ITPL,12.9852,77.7315,East,Apartment,2,1100,11200,7133,7778,8783,9918,11200,12.92,No,1.6,12.3,38.5
Devanahalli,13.2449,77.7142,North,Apartment,2,1320,8450,4544,5122,6052,7151,8450,17.18,No,32,8.1,8.4
Whitefield,12.9711,77.7548,East,Apartment,4,2740,13200,5727,6735,8429,10548,13200,22.34,Yes,2.1,15.1,43.5
KR Puram,13.0073,77.6966,East,Apartment,3,2110,9300,4890,5536,6581,7823,9300,16.28,Yes,6.1,7.4,31.6
Bellandur,12.9269,77.6766,East,Apartment,3,2070,12200,7265,8027,9229,10611,12200,14.85,No,3.6,11.3,42.3
Hoodi,12.9811,77.7181,East,Apartment,2,1080,10750,6965,7570,8509,9564,10750,13.2,Yes,3.8,12.6,36.7
Malleshwaram,13.0024,77.5749,North,Builder Floor,2,1200,14450,13140,13379,13727,14084,14450,2.8,Yes,14.5,3.3,26.8
Jayanagar,12.9218,77.5896,South,Villa,3,1440,14300,10050,10752,11824,13003,14300,11.06,Yes,9.2,4.2,41.5
HSR Layout,12.914,77.6432,South,Builder Floor,3,2200,14950,8688,9645,11162,12918,14950,15.69,No,5.9,8.3,40.9
ITPL,12.9898,77.727,East,Villa,2,1220,10750,6846,7465,8430,9520,10750,12.76,No,1.5,13.7,40.1
Richmond Town,12.9627,77.5981,Central,Apartment,3,1450,15050,11772,12337,13182,14085,15050,6.2,Yes,12.4,2.9,34.5
Marathahalli,12.9622,77.6981,East,Apartment,2,1170,9400,5935,6483,7338,8305,9400,14.59,No,3.3,9.4,41.3
Thanisandra,13.0597,77.6279,North,Apartment,2,1180,9350,5904,6449,7299,8261,9350,13.94,No,11.4,7.2,19.1
Jayanagar,12.9287,77.5948,South,Apartment,3,1750,16400,11526,12331,13561,14913,16400,9.88,Yes,9.6,3.8,39
Bannerghatta Road,12.8828,77.6011,South,Builder Floor,2,1090,9250,5791,6336,7188,8154,9250,15.09,No,8.2,6.8,45.8
Indiranagar,12.9806,77.6387,East,Villa,4,2610,18850,12655,13659,15207,16931,18850,12.81,Yes,7.3,4.4,35.9
Whitefield,12.9738,77.7492,East,Builder Floor,3,1520,14350,6226,7322,9163,11467,14350,21.68,Yes,1.9,15.5,38.4
Banashankari,12.9279,77.5494,South,Apartment,1,550,8850,6922,7254,7751,8282,8850,7.07,Yes,10.7,4.9,40.6
Varthur,12.9513,77.7501,East,Builder Floor,3,1480,7950,5243,5679,6353,7107,7950,11.82,No,3.7,13.9,41
Thanisandra,13.0644,77.6251,North,Apartment,2,1280,8950,5650,6172,6986,7907,8950,14.52,No,12.1,7.1,19.4
MG Road,12.9721,77.6036,Central,Apartment,2,1160,15150,12349,12839,13567,14337,15150,6.05,Yes,11.1,3.1,34.8
Whitefield,12.9694,77.7452,East,Builder Floor,3,1480,14000,6074,7143,8939,11187,14000,24.86,Yes,2.2,13.5,40.9
Manyata Tech Park,13.0413,77.6181,North,Apartment,1,640,12450,8211,8893,9948,11129,12450,10.82,No,0.5,7.6,19.7
Bannerghatta Road,12.8822,77.6003,South,Builder Floor,3,1540,10200,6385,6986,7925,8991,10200,12.03,No,8.1,6.3,38.8
Manyata Tech Park,13.0435,77.6208,North,Apartment,3,1400,11650,7683,8321,9309,10414,11650,12.37,No,0.5,7.2,20.9
Indiranagar,12.9744,77.6381,East,Apartment,4,2680,19150,12857,13877,15450,17201,19150,10.81,Yes,7.3,4.4,37.4
Hulimavu,12.8973,77.6119,South,Apartment,3,2010,6750,4880,5192,5667,6185,6750,9.48,No,7.5,8.5,45
Whitefield,12.9662,77.7455,East,Apartment,2,940,13500,5856,6887,8619,10787,13500,24.44,Yes,1.9,15.7,44.5
Hennur,13.0344,77.6348,North,Apartment,2,1110,8300,5572,6014,6696,7455,8300,11.06,No,10.8,7.1,23.3
JP Nagar,12.9103,77.5846,South,Apartment,2,910,9700,7013,7462,8144,8888,9700,8.41,Yes,8.5,6.3,42.6
HSR Layout,12.913,77.634,South,Apartment,3,2120,13150,7643,8484,9819,11363,13150,16.01,No,6.1,8.3,47.1
Manyata Tech Park,13.0446,77.6245,North,Apartment,2,1200,12600,8310,9000,10068,11263,12600,11.13,No,0.5,7.8,18.7
MG Road,12.9739,77.5968,Central,Apartment,3,1300,16550,13489,14025,14821,15662,16550,5.23,Yes,11.9,3.2,34.9
Rajajinagar,12.9939,77.5509,West,Apartment,1,470,13250,10578,11042,11734,12469,13250,5.37,Yes,12.5,3.7,30.5
Rajajinagar,12.994,77.5549,West,Apartment,2,1000,13000,10378,10833,11512,12233,13000,6.31,Yes,12.3,3.7,29.6
Varthur,12.9506,77.7468,East,Apartment,2,1080,7900,5210,5643,6313,7062,7900,10.39,No,3.8,12.1,43
Bannerghatta Road,12.881,77.5975,South,Apartment,3,2150,9500,5947,6507,7382,8374,9500,15.33,No,7.4,6.9,40.7
MG Road,12.9743,77.6059,Central,Villa,3,1620,16650,13571,14110,14910,15756,16650,5.19,Yes,11.5,3.1,32.7
Jayanagar,12.923,77.5958,South,Villa,2,1050,15850,11140,11918,13106,14413,15850,10.72,Yes,10.4,3.8,35.7
RT Nagar,13.0188,77.5924,North,Apartment,3,1620,7850,6605,6826,7152,7493,7850,4.29,No,12.7,5.5,25.5
Richmond Town,12.9645,77.5977,Central,Builder Floor,2,1240,13950,10911,11434,12218,13055,13950,7.37,Yes,10.5,3,32.5
Kengeri,12.9134,77.4885,West,Villa,2,1280,6150,4811,5042,5387,5756,6150,6.54,Yes,19.4,9.5,43
Indiranagar,12.9821,77.6453,East,Villa,3,1960,19450,13059,14095,15692,17470,19450,11.74,Yes,6.5,3.9,34.5
Yelahanka,13.1023,77.5999,North,Builder Floor,2,1080,10800,6177,6879,7995,9292,10800,18.05,No,23.5,4.9,12.9
Varthur,12.9475,77.7484,East,Apartment,2,1240,7050,4649,5035,5633,6302,7050,12.06,No,3.7,12.5,44.4
Frazer Town,12.9734,77.613,Central,Villa,2,900,12700,10574,10949,11504,12087,12700,4.43,No,11.1,3.7,32.8
Richmond Town,12.9676,77.6046,Central,Apartment,3,1550,15550,12163,12746,13620,14553,15550,7.85,Yes,11.7,2.9,34.7
Electronic City,12.847,77.658,South,Builder Floor,3,2150,7100,4406,4829,5491,6244,7100,11.77,No,0.8,17,50.3
Manyata Tech Park,13.0505,77.6249,North,Apartment,3,1450,12250,8079,8750,9788,10950,12250,12.07,No,0.5,7.4,20.4
HSR Layout,12.9096,77.6392,South,Builder Floor,3,2020,14800,8601,9548,11050,12788,14800,17.28,No,5.9,7.4,39.3
ITPL,12.9874,77.724,East,Apartment,4,2630,11650,7419,8090,9136,10317,11650,13.86,No,1.6,13.1,38.1
Hulimavu,12.8912,77.6138,South,Apartment,2,1240,6900,4989,5308,5793,6322,6900,9.57,No,8.1,8.5,42.4
Hulimavu,12.8954,77.6179,South,Apartment,3,1480,6750,4880,5192,5667,6185,6750,9.75,No,6.8,7.7,45.2
Devanahalli,13.2452,77.7146,North,Apartment,2,1280,8300,4463,5030,5944,7024,8300,16.17,No,27.3,7.6,8.8
Rajarajeshwari Nagar,12.9248,77.5029,West,Builder Floor,1,610,7950,6034,6360,6851,7380,7950,7.63,Yes,14.9,9,45.3
Nagarbhavi,12.9671,77.5026,West,Apartment,1,480,6400,5216,5423,5731,6056,6400,5.33,No,18,7.8,45.1
Hoodi,12.9872,77.7154,East,Apartment,3,2160,10950,7095,7711,8667,9742,10950,12.81,Yes,3.7,12.9,40.6
Kanakapura Road,12.8602,77.5901,South,Apartment,2,1320,8850,6106,6556,7246,8008,8850,12.03,Yes,7.9,8.6,47.3
MG Road,12.9763,77.6057,Central,Villa,3,2100,16550,13489,14025,14821,15662,16550,4.85,Yes,12.5,3.2,33.2
JP Nagar,12.9091,77.5862,South,Builder Floor,2,920,8900,6434,6846,7472,8155,8900,8.88,Yes,8.1,6,37.9
Hoodi,12.987,77.7144,East,Villa,2,1040,11150,7225,7852,8826,9920,11150,10.79,Yes,3.7,11.5,38
Manyata Tech Park,13.0411,77.6261,North,Apartment,3,1570,11900,7847,8499,9508,10637,11900,12.55,No,0.5,7.6,20.8
ITPL,12.9866,77.7244,East,Apartment,2,1280,10600,6751,7362,8313,9387,10600,13.45,No,1.6,14.7,38.4
Koramangala,12.9353,77.6277,South,Apartment,3,1910,22200,13898,15206,17250,19569,22200,15.2,No,5.4,5.5,36
Yelahanka,13.1019,77.5934,North,Builder Floor,3,1790,10750,6149,6847,7958,9249,10750,14.82,No,22.2,5.2,11.6
Rajarajeshwari Nagar,12.9172,77.5098,West,Apartment,3,1380,7100,5389,5680,6119,6591,7100,8.5,Yes,14,7.9,37.9
Bellandur,12.9242,77.6766,East,Apartment,4,3370,13350,7950,8783,10098,11611,13350,15.77,No,3.9,11.1,43.5
Hennur,13.0351,77.6432,North,Builder Floor,2,890,9150,6144,6631,7382,8219,9150,12.06,No,12.5,7.4,23.9
Nagarbhavi,12.9611,77.5044,West,Apartment,1,690,6600,5380,5594,5911,6246,6600,4.86,No,17.7,6.8,38.4
Bannerghatta Road,12.8796,77.593,South,Apartment,2,1160,9700,6072,6644,7537,8550,9700,13.55,No,8.1,7.1,42.1
Whitefield,12.9727,77.7549,East,Apartment,3,1720,14550,6312,7423,9290,11626,14550,21.62,Yes,2.1,15.4,41.1
Bannerghatta Road,12.8775,77.5939,South,Apartment,2,1160,9250,5791,6336,7188,8154,9250,12.79,No,7.8,6.5,40
Bannerghatta Road,12.8808,77.5975,South,Apartment,3,1820,10300,6448,7055,8003,9079,10300,14.57,No,9,7.1,39.5
Kengeri,12.9131,77.4881,West,Builder Floor,2,1260,6050,4732,4959,5299,5662,6050,6.12,Yes,18.6,9,41.3
Bellandur,12.9269,77.6738,East,Builder Floor,3,2050,13350,7950,8783,10098,11611,13350,15.49,No,4,11.3,46.4
Nagarbhavi,12.9624,77.4989,West,Apartment,1,480,5700,4646,4830,5104,5394,5700,5.65,No,19.3,6.5,44.9
RT Nagar,13.0164,77.5856,North,Apartment,3,1550,7250,6100,6304,6605,6920,7250,5.11,No,12.8,5.8,25.2
Kengeri,12.9159,77.4851,West,Apartment,2,1330,5500,4302,4508,4817,5147,5500,7.32,Yes,19,8.3,40.1
Anjanapura,12.8526,77.5668,South,Builder Floor,1,670,6450,4945,5202,5589,6004,6450,7.26,No,12,9,44.4
Hoodi,12.9806,77.721,East,Builder Floor,3,1530,10900,7063,7676,8628,9698,10900,13.38,Yes,4.3,12.4,40.5
Kanakapura Road,12.8592,77.5889,South,Apartment,2,1070,7900,5451,5852,6468,7148,7900,9.67,Yes,8.8,7.8,45.9
MG Road,12.9761,77.6013,Central,Apartment,2,1010,15650,12756,13263,14015,14810,15650,5.42,Yes,12.8,3.2,36.1
Thanisandra,13.0623,77.6263,North,Apartment,3,1420,9050,5715,6242,7065,7996,9050,14.27,No,11.5,6.5,19.8
Anjanapura,12.8524,77.5737,South,Apartment,2,1240,5800,4446,4677,5025,5399,5800,6.42,No,12.6,9.3,50
Hennur,13.0354,77.6376,North,Apartment,3,1760,8950,6009,6486,7221,8039,8950,10.41,No,12,8,22.5
Hulimavu,12.8945,77.6106,South,Apartment,2,1090,7400,5350,5692,6212,6780,7400,8.37,No,7.3,7.8,42.3
Rajarajeshwari Nagar,12.922,77.5117,West,Villa,3,2190,7950,6034,6360,6851,7380,7950,8.37,Yes,14.1,9.2,41.1
Kanakapura Road,12.8635,77.5838,South,Builder Floor,3,1840,8750,6036,6481,7163,7917,8750,9.12,Yes,8.6,8.7,44.8
Malleshwaram,13.0042,77.5755,North,Apartment,2,1050,14000,12730,12962,13299,13645,14000,2.76,Yes,13.5,3.6,25.9
Hulimavu,12.8927,77.6134,South,Apartment,3,1840,7150,5168,5499,6002,6551,7150,8.27,No,7.6,7.5,44.9
Indiranagar,12.9793,77.6397,East,Apartment,3,2120,19250,12924,13949,15530,17290,19250,10.3,Yes,6.6,4.3,35.5
Yelahanka,13.1035,77.5966,North,Apartment,1,590,10250,5863,6529,7588,8819,10250,17.23,No,21.9,5.7,13.4
ITPL,12.9835,77.7257,East,Apartment,2,1080,11600,7387,8055,9096,10272,11600,13.65,No,1.4,12.2,37.4
Yelahanka,13.0998,77.5914,North,Villa,2,1010,10450,5977,6656,7736,8991,10450,14.87,No,19.7,5.2,12.9
Jayanagar,12.9291,77.5956,South,Villa,3,1650,14800,10402,11128,12238,13458,14800,10.04,Yes,9.7,3.5,37.6
KR Puram,13.0072,77.6998,East,Apartment,2,1300,8900,4680,5298,6298,7487,8900,16.89,Yes,6.5,7.2,36.7
Hulimavu,12.8951,77.6115,South,Apartment,3,1310,7650,5530,5884,6422,7009,7650,7.87,No,7.7,7.7,45.2
Hulimavu,12.8925,77.6123,South,Villa,1,510,7700,5567,5923,6464,7055,7700,10.25,No,7.8,8.1,41.8
ITPL,12.9877,77.7271,East,Apartment,2,1120,10150,6463,7048,7959,8988,10150,14.69,No,1.4,13.9,37.8
Rajajinagar,12.9876,77.5538,West,Apartment,3,1500,13800,11016,11499,12220,12986,13800,6.85,Yes,12.3,3.8,28.7
JP Nagar,12.9098,77.5827,South,Villa,3,2180,8950,6471,6885,7514,8201,8950,9.97,Yes,8.1,6.1,42.6
Indiranagar,12.9781,77.6399,East,Apartment,3,1760,20550,13796,14891,16579,18458,20550,10.19,Yes,6.4,4,38
Rajarajeshwari Nagar,12.9182,77.5047,West,Builder Floor,3,1320,7950,6034,6360,6851,7380,7950,7.27,Yes,16.3,8.2,43.5
Hoodi,12.9858,77.7125,East,Apartment,1,580,9800,6350,6901,7757,8719,9800,13.16,Yes,3.9,11,41.3
Rajarajeshwari Nagar,12.9223,77.5081,West,Apartment,2,980,7700,5844,6160,6636,7148,7700,6.71,Yes,14.6,8.6,42.1
HSR Layout,12.9145,77.6418,South,Builder Floor,3,1690,12900,7497,8323,9632,11147,12900,15.93,No,5.5,7.1,42.2
Hulimavu,12.8905,77.6168,South,Builder Floor,2,1160,7650,5530,5884,6422,7009,7650,7.9,No,7.6,8.2,39.9
Malleshwaram,13.0016,77.5745,North,Apartment,3,1870,13600,12368,12593,12920,13256,13600,2.76,Yes,13.4,3.2,29.5
Anjanapura,12.8559,77.5697,South,Apartment,3,1580,6150,4714,4959,5328,5724,6150,7.7,No,12.3,9.4,43.9
Rajajinagar,12.9888,77.5552,West,Apartment,4,3270,13450,10738,11209,11911,12657,13450,5.72,Yes,12.2,3.8,28.4
KR Puram,13.0107,77.6933,East,Apartment,2,1050,9700,5100,5774,6864,8160,9700,21.1,Yes,6.8,6.2,34.4
Anjanapura,12.8547,77.5699,South,Apartment,2,870,6600,5059,5322,5718,6143,6600,7.78,No,11.4,9.4,51.3
Indiranagar,12.9754,77.6458,East,Villa,3,1800,18850,12655,13659,15207,16931,18850,12.8,Yes,7.4,4.1,34.4
Kanakapura Road,12.8625,77.5852,South,Apartment,2,1150,9150,6313,6778,7491,8279,9150,9.9,Yes,7.6,8.5,43.4
Frazer Town,12.9732,77.6184,Central,Apartment,2,1090,12200,10157,10518,11051,11611,12200,5.36,No,10,3.9,36.9
Varthur,12.9454,77.7478,East,Builder Floor,1,630,7700,5078,5500,6153,6883,7700,11.09,No,3.8,12.9,40.6
Yelahanka,13.1001,77.5921,North,Builder Floor,3,2170,10450,5977,6656,7736,8991,10450,16.23,No,21.9,5.2,12.1
Kengeri,12.9146,77.4818,West,Villa,1,670,6100,4771,5000,5343,5709,6100,7.79,Yes,20.2,8.7,44.4
Jayanagar,12.9283,77.5898,South,Apartment,2,1200,15900,11175,11955,13147,14458,15900,8.89,Yes,9.1,3.9,39.8
Jayanagar,12.9216,77.5979,South,Apartment,3,1910,14900,10472,11203,12320,13549,14900,10.72,Yes,9.4,3.9,35.7
Varthur,12.9427,77.7464,East,Apartment,2,930,7250,4781,5178,5793,6481,7250,10.8,No,3.8,12.8,41.8
Banashankari,12.9351,77.5587,South,Builder Floor,2,1320,8200,6413,6721,7182,7674,8200,5.98,Yes,9.8,5,39.2
Manyata Tech Park,13.0407,77.6263,North,Apartment,1,540,12500,8243,8928,9988,11174,12500,12.59,No,0.5,7.9,17.2
KR Puram,13.009,77.7006,East,Builder Floor,2,1070,10250,5389,6101,7253,8622,10250,18.78,Yes,6.5,6.7,32.7
Indiranagar,12.9784,77.6368,East,Apartment,3,1540,20150,13529,14602,16257,18099,20150,11.38,Yes,7.4,4.1,36.2
MG Road,12.9743,77.5989,Central,Apartment,1,600,15350,12511,13008,13746,14526,15350,4.84,Yes,12.1,3.3,31.9
Frazer Town,12.9742,77.6109,Central,Apartment,2,940,11800,9823,10172,10688,11230,11800,5.13,No,11,4.2,32.2
KR Puram,13.0105,77.7024,East,Apartment,2,1060,10250,5389,6101,7253,8622,10250,19.18,Yes,6.4,6.8,36.3
Malleshwaram,12.9995,77.5741,North,Apartment,3,2050,14100,12823,13056,13395,13743,14100,2.27,Yes,13.3,3.5,27.6
Jayanagar,12.9285,77.5916,South,Apartment,2,990,14650,10296,11015,12114,13322,14650,9.59,Yes,9.7,3.7,38.5
MG Road,12.9763,77.6015,Central,Apartment,3,1430,16500,13449,13983,14776,15614,16500,4.85,Yes,10.9,3.4,37.2
Bellandur,12.9245,77.6817,East,Apartment,2,1160,12200,7265,8027,9229,10611,12200,15.98,No,4,10.8,43.1
Hoodi,12.9855,77.7162,East,Apartment,3,1720,10150,6577,7148,8034,9030,10150,12.5,Yes,3.7,11.7,36.2
Varthur,12.9486,77.7483,East,Builder Floor,1,570,7200,4748,5143,5753,6436,7200,10.25,No,3.3,12.6,41.2
Bannerghatta Road,12.8776,77.5999,South,Apartment,2,930,10200,6385,6986,7925,8991,10200,13.34,No,9,6.9,42.4
ITPL,12.9905,77.7265,East,Apartment,3,1370,11650,7419,8090,9136,10317,11650,14.83,No,1.4,14.6,42.3
Nagarbhavi,12.9618,77.4977,West,Apartment,2,1150,5750,4687,4873,5149,5441,5750,5.81,No,18.8,7.2,44.2
Hebbal,13.037,77.602,North,Apartment,2,1250,17050,11447,12355,13755,15314,17050,11.97,No,9.2,7.7,18.6
HSR Layout,12.907,77.6352,South,Villa,2,1100,13300,7729,8580,9930,11492,13300,13.92,No,6.1,7.2,41.2
Jayanagar,12.9275,77.5953,South,Apartment,2,960,14400,10121,10827,11907,13094,14400,10.16,Yes,9.2,3.6,42
Banashankari,12.9357,77.5514,South,Apartment,3,1620,8950,7000,7336,7839,8376,8950,7.16,Yes,10.2,4.6,41.5
Electronic City,12.8432,77.6647,South,Apartment,2,870,7100,4406,4829,5491,6244,7100,12.19,No,0.7,16.8,52.1
Koramangala,12.9356,77.6225,South,Apartment,2,960,23750,14868,16267,18454,20935,23750,13.2,No,4.6,4.9,34.4
Kanakapura Road,12.8672,77.5899,South,Builder Floor,1,650,8600,5933,6370,7040,7781,8600,10.87,Yes,8.6,8.3,41.6
Electronic City,12.8488,77.662,South,Apartment,2,1120,7200,4469,4898,5569,6332,7200,14.29,No,0.8,16.5,56.3
KR Puram,13.004,77.7019,East,Apartment,1,460,9700,5100,5774,6864,8160,9700,18.15,Yes,6.2,6.8,32.9
Bannerghatta Road,12.8818,77.5979,South,Villa,2,910,9800,6136,6713,7615,8639,9800,13.65,No,7.4,6.8,41
Kengeri,12.9111,77.483,West,Apartment,1,510,5600,4380,4590,4905,5241,5600,6.46,Yes,20.5,9.8,39
Hulimavu,12.8938,77.6121,South,Apartment,2,1030,6800,4916,5231,5709,6231,6800,7.96,No,7.6,8.1,46.7
Rajarajeshwari Nagar,12.9186,77.5066,West,Apartment,3,1490,7400,5617,5921,6378,6870,7400,7.44,Yes,15.9,9.2,42
Bannerghatta Road,12.8829,77.5998,South,Apartment,1,630,9150,5728,6267,7110,8066,9150,12.43,No,7.6,6.3,45.1
Koramangala,12.9333,77.6295,South,Apartment,4,2340,22550,14116,15445,17522,19878,22550,12.24,No,5.4,5,35.5
Frazer Town,12.982,77.6192,Central,Builder Floor,3,2120,11150,9282,9612,10100,10612,11150,4.69,No,9.7,3.5,33.5
Electronic City,12.8465,77.6587,South,Apartment,2,1190,6750,4190,4592,5221,5937,6750,12.99,No,0.8,17.4,56.8
Varthur,12.9461,77.7464,East,Builder Floor,3,1390,7750,5111,5536,6193,6928,7750,13.39,No,3.2,13.4,47
Jayanagar,12.9241,77.5904,South,Villa,2,910,15950,11210,11993,13189,14504,15950,9.55,Yes,9.5,3.9,40.6
Indiranagar,12.9827,77.6397,East,Apartment,2,1270,18250,12252,13224,14723,16392,18250,12.53,Yes,7.1,3.8,37.2
Gottigere,12.8755,77.5966,South,Builder Floor,2,1270,7200,5306,5625,6107,6631,7200,8.01,No,9.3,9.1,47.4
JP Nagar,12.906,77.5883,South,Builder Floor,3,1770,9450,6833,7270,7934,8659,9450,9.92,Yes,8.2,5.9,36.9
KR Puram,13.0097,77.701,East,Villa,1,510,10200,5362,6071,7217,8580,10200,18.03,Yes,5.9,6.7,38
RT Nagar,13.0245,77.5868,North,Apartment,3,1360,7900,6647,6869,7197,7540,7900,5,No,14,5.1,23.5
Richmond Town,12.9625,77.6004,Central,Villa,2,1260,14500,11341,11885,12700,13570,14500,6.24,Yes,12.3,2.9,33.9
Richmond Town,12.9678,77.6052,Central,Apartment,2,1340,13800,10794,11312,12087,12915,13800,6.22,Yes,11.6,2.6,32.8
Electronic City,12.8408,77.6596,South,Builder Floor,2,1100,7400,4593,5034,5724,6508,7400,14.31,No,0.7,17.2,57.7
Malleshwaram,12.9998,77.5692,North,Villa,4,3300,14400,13096,13334,13680,14035,14400,2.36,Yes,15.3,3.7,28.3
ITPL,12.9897,77.7323,East,Apartment,2,910,10600,6751,7362,8313,9387,10600,12.41,No,1.6,13.3,35.4
Frazer Town,12.9776,77.6111,Central,Villa,3,2080,11150,9282,9612,10100,10612,11150,5.5,No,11.5,3.5,35.2
Kanakapura Road,12.8634,77.5805,South,Builder Floor,2,1110,8450,5830,6259,6918,7646,8450,11.17,Yes,7.6,8.3,42.7
RT Nagar,13.0237,77.5868,North,Apartment,1,480,7650,6438,6653,6970,7302,7650,5.44,No,12.8,5.5,27.3
Hoodi,12.9824,77.7175,East,Apartment,4,3060,10450,6771,7359,8271,9297,10450,11.89,Yes,4.3,12.5,36.1
Jayanagar,12.928,77.596,South,Apartment,1,570,14950,10507,11240,12361,13594,14950,11.19,Yes,9.9,3.6,38.2
Electronic City,12.846,77.6637,South,Villa,1,540,7500,4655,5102,5801,6596,7500,14.46,No,0.7,17.9,55.2
Malleshwaram,13.0079,77.5682,North,Apartment,2,880,12700,11548,11758,12064,12378,12700,2.42,Yes,13.5,3.3,26.4
Anjanapura,12.853,77.5738,South,Apartment,1,670,6000,4600,4839,5199,5585,6000,6.46,No,11.6,9.5,50.5
Varthur,12.9473,77.7517,East,Apartment,2,1310,7200,4748,5143,5753,6436,7200,12.8,No,3.8,12,45.5
Frazer Town,12.9787,77.6136,Central,Apartment,3,1470,11900,9907,10259,10779,11326,11900,4.93,No,11.3,4,35.8
Nagarbhavi,12.961,77.5037,West,Builder Floor,2,900,5800,4727,4915,5194,5489,5800,5.32,No,18.5,7.1,42.7
Manyata Tech Park,13.0449,77.6229,North,Apartment,2,1050,11900,7847,8499,9508,10637,11900,11.11,No,0.5,6.8,20.4
Koramangala,12.9392,77.6246,South,Apartment,4,3370,22150,13866,15171,17211,19525,22150,11.93,No,4.9,5.6,40.9
Marathahalli,12.9602,77.701,East,Builder Floor,3,1900,8950,5650,6172,6986,7907,8950,12.34,No,2.8,10.7,40.5
Anjanapura,12.8592,77.5656,South,Builder Floor,3,1790,6150,4714,4959,5328,5724,6150,8.1,No,11.8,9.2,48.4
Anjanapura,12.8596,77.568,South,Apartment,2,1210,6300,4829,5080,5458,5864,6300,7.16,No,12.5,10.4,43.3
HSR Layout,12.907,77.6376,South,Villa,3,2050,13050,7584,8419,9743,11276,13050,15.57,No,5.7,8.4,41.6
Kengeri,12.9166,77.4814,West,Apartment,2,1240,5550,4341,4549,4861,5194,5550,6.12,Yes,18.8,9.4,44.4
Bellandur,12.9221,77.6793,East,Builder Floor,2,1310,12950,7711,8520,9796,11263,12950,16.51,No,3.7,10,43.1
Banashankari,12.9268,77.5502,South,Builder Floor,1,480,7850,6140,6435,6876,7347,7850,6.09,Yes,10,4.8,39.2
Sarjapur Road,12.8975,77.6832,East,Apartment,2,1320,11450,6931,7633,8738,10002,11450,12.8,No,4.7,10.9,48.4
Hebbal,13.0339,77.6018,North,Apartment,3,1320,14900,10003,10797,12021,13383,14900,10.75,No,10,7.3,19.1
JP Nagar,12.9088,77.5867,South,Apartment,2,990,9000,6506,6922,7555,8246,9000,9.88,Yes,9.4,7.1,39
Sarjapur Road,12.8971,77.6832,East,Apartment,2,980,11750,7113,7833,8967,10265,11750,16.3,No,4.1,10.9,40
Koramangala,12.9399,77.6238,South,Apartment,3,1380,20700,12958,14178,16084,18247,20700,12.16,No,5.2,4.9,40.5
KR Puram,13.0083,77.6994,East,Apartment,1,680,9150,4811,5447,6475,7697,9150,16.07,Yes,5.9,7,32.3
Kanakapura Road,12.8621,77.5851,South,Apartment,2,1130,8100,5588,6000,6631,7329,8100,9.19,Yes,7.5,8.5,44.7
Devanahalli,13.2477,77.7172,North,Apartment,3,1690,8750,4706,5304,6267,7405,8750,18.19,No,29.1,7.7,8.6
Koramangala,12.9339,77.627,South,Apartment,2,1120,23650,14805,16198,18376,20847,23650,12.99,No,5.3,5.1,34.1
Varthur,12.9419,77.7474,East,Apartment,2,950,7150,4715,5107,5713,6391,7150,12.7,No,3.5,13.7,46.6
Thanisandra,13.065,77.6281,North,Apartment,2,1080,9250,5840,6379,7220,8172,9250,12.65,No,11.1,6.6,20.8
JP Nagar,12.9081,77.5817,South,Apartment,2,1160,8750,6326,6731,7346,8017,8750,9.47,Yes,8.3,6.3,43.1
Hennur,13.0383,77.6403,North,Apartment,2,880,8200,5505,5942,6615,7365,8200,10.37,No,11.8,8,20.6
RT Nagar,13.0172,77.5855,North,Builder Floor,3,1340,7600,6396,6609,6924,7254,7600,5.01,No,12.6,5,24.7
Jayanagar,12.9233,77.5901,South,Apartment,4,3120,16150,11350,12142,13353,14685,16150,9.93,Yes,9.6,3.6,35.2
Malleshwaram,13.0073,77.5698,North,Builder Floor,4,2470,13800,12549,12777,13109,13450,13800,2.45,Yes,14.3,3.7,26.6
Electronic City,12.845,77.6552,South,Villa,2,1120,6650,4128,4524,5144,5849,6650,13.85,No,0.8,16.6,59.7
Malleshwaram,13.0019,77.5697,North,Villa,4,2690,13700,12458,12685,13015,13353,13700,2.64,Yes,15.2,3.5,27.4
Electronic City,12.8412,77.6637,South,Builder Floor,3,2090,7000,4345,4762,5414,6156,7000,13.05,No,0.8,19,50.7
Whitefield,12.9718,77.7467,East,Apartment,1,560,14400,6247,7347,9195,11507,14400,22.8,Yes,2.1,15.5,39.7
Marathahalli,12.9551,77.6983,East,Apartment,3,1380,9350,5904,6449,7299,8261,9350,12.51,No,3.4,10.6,40.4
Devanahalli,13.2452,77.7171,North,Builder Floor,2,1260,8900,4785,5394,6374,7532,8900,16.95,No,30.3,7.5,7.5
Hulimavu,12.8912,77.6096,South,Apartment,3,2190,7450,5385,5730,6254,6826,7450,9.63,No,6.9,7.3,44.1
Nagarbhavi,12.9615,77.4989,West,Apartment,1,520,5750,4687,4873,5149,5441,5750,6.02,No,17,6.6,43.2
Koramangala,12.9369,77.6251,South,Villa,2,1340,21050,13178,14418,16356,18555,21050,11.94,No,5.3,5.6,35.4
Rajajinagar,12.9941,77.5567,West,Apartment,3,1550,12850,10258,10708,11379,12092,12850,6.84,Yes,12.4,3.8,28.5
Bannerghatta Road,12.8817,77.5952,South,Apartment,2,950,9950,6230,6816,7732,8771,9950,15.34,No,8.1,6,39.2
RT Nagar,13.0151,77.5926,North,Builder Floor,2,1130,8050,6774,7000,7334,7684,8050,4.73,No,12.6,5.4,27.4
Electronic City,12.847,77.6629,South,Builder Floor,1,640,6900,4283,4694,5337,6068,6900,15.32,No,0.8,16.9,56.6
Nagarbhavi,12.9596,77.503,West,Builder Floor,3,1560,6150,5013,5212,5508,5820,6150,5.82,No,17.6,7.3,44.5
Devanahalli,13.2426,77.7138,North,Apartment,3,1490,9250,4974,5606,6625,7828,9250,16.64,No,29.3,7.8,8.2
Devanahalli,13.2447,77.7135,North,Apartment,2,1000,9300,5000,5636,6660,7870,9300,19.9,No,30.3,8.5,8.1
Frazer Town,12.973,77.6151,Central,Apartment,3,1780,11250,9366,9698,10190,10707,11250,5.82,No,10.9,3.5,38.7
Bannerghatta Road,12.876,77.5934,South,Builder Floor,3,1800,9700,6072,6644,7537,8550,9700,14.75,No,8.5,6.4,45.2
Nagarbhavi,12.965,77.4997,West,Apartment,2,1250,6100,4973,5170,5463,5773,6100,5.71,No,16.5,7.1,40.3
Frazer Town,12.981,77.6149,Central,Apartment,3,2040,11950,9949,10302,10824,11373,11950,4.73,No,10.6,3.6,37.5
RT Nagar,13.0159,77.5883,North,Builder Floor,2,1070,7900,6647,6869,7197,7540,7900,4.07,No,11.9,5.4,24.5
Whitefield,12.9739,77.7463,East,Apartment,3,2180,13900,6030,7092,8875,11107,13900,24.63,Yes,2,15.2,44.3
Hennur,13.0346,77.6438,North,Apartment,2,1120,8400,5640,6087,6777,7545,8400,10.02,No,11.6,7.9,22.3
Koramangala,12.9348,77.6295,South,Apartment,3,1620,21150,13240,14486,16434,18643,21150,11.72,No,4.9,5.3,36.2
Varthur,12.951,77.7439,East,Builder Floor,1,550,7550,4979,5393,6033,6749,7550,13.51,No,3.2,12.7,46.9
Jayanagar,12.9242,77.5949,South,Apartment,2,1240,14250,10016,10715,11783,12958,14250,9.86,Yes,8.6,3.6,37.7
Hennur,13.0377,77.6421,North,Apartment,1,490,8200,5505,5942,6615,7365,8200,10.38,No,11.1,7.5,23.1
JP Nagar,12.9066,77.587,South,Apartment,1,670,10000,7230,7693,8396,9163,10000,10.1,Yes,9.1,7,37.2
ITPL,12.9844,77.7255,East,Apartment,3,1950,11250,7164,7812,8822,9962,11250,14.62,No,1.5,12.9,39.4
Rajajinagar,12.9947,77.5531,West,Apartment,2,1220,13450,10738,11209,11911,12657,13450,6.76,Yes,12.1,4.1,29.3
Gottigere,12.8749,77.5977,South,Apartment,2,1340,6950,5122,5429,5895,6401,6950,8.73,No,9.8,9,49.9
Marathahalli,12.9615,77.7035,East,Apartment,1,550,9150,5777,6310,7142,8084,9150,14.27,No,2.9,9.1,42.8
Jayanagar,12.9236,77.5974,South,Apartment,2,1350,15850,11140,11918,13106,14413,15850,8.78,Yes,9.5,3.7,34.7
Whitefield,12.9665,77.7536,East,Apartment,3,1580,14250,6183,7271,9099,11387,14250,21.84,Yes,1.9,15.9,46.2
Gottigere,12.8682,77.603,South,Villa,2,1060,6400,4716,4999,5428,5894,6400,8.69,No,9.2,9.3,42.5
Electronic City,12.8403,77.6641,South,Apartment,2,1310,7600,4717,5170,5878,6684,7600,15.71,No,0.9,19.5,55.8
Anjanapura,12.8541,77.5738,South,Villa,2,1330,5900,4523,4758,5112,5492,5900,6.69,No,12,9.4,48.7
KR Puram,13.0043,77.7004,East,Builder Floor,1,580,9200,4837,5476,6510,7739,9200,19.04,Yes,6.9,7.3,37.2
Whitefield,12.9712,77.7453,East,Apartment,1,590,13850,6008,7066,8843,11067,13850,23.86,Yes,2.1,14.8,41.1
HSR Layout,12.908,77.6394,South,Apartment,4,3360,14550,8456,9387,10863,12572,14550,17.62,No,5.8,8.4,42.3
Varthur,12.9472,77.7484,East,Apartment,2,1000,7600,5013,5429,6073,6794,7600,11.07,No,3.4,13.7,41.6
Bannerghatta Road,12.8814,77.5984,South,Apartment,2,1070,9450,5916,6473,7343,8330,9450,14.67,No,8.2,6.1,43.5
Frazer Town,12.9791,77.6197,Central,Apartment,3,1520,12450,10365,10733,11277,11849,12450,5.68,No,11.5,4.1,35.5
HSR Layout,12.9132,77.6364,South,Apartment,3,1900,13700,7962,8839,10229,11838,13700,15.03,No,6.1,7.6,39.4
Devanahalli,13.2421,77.7188,North,Apartment,2,900,9700,5216,5879,6947,8209,9700,17.92,No,30.7,8.2,7.9
Hoodi,12.9819,77.7194,East,Builder Floor,1,630,10100,6545,7113,7995,8986,10100,11.28,Yes,3.8,13.2,35.5
Hulimavu,12.8999,77.6126,South,Apartment,2,1070,7150,5168,5499,6002,6551,7150,9.33,No,6.8,8.5,43.3
RT Nagar,13.0208,77.5877,North,Builder Floor,2,910,7300,6143,6348,6651,6968,7300,4.74,No,14.1,5,25.2
Rajajinagar,12.9936,77.5484,West,Villa,2,950,13750,10977,11458,12176,12939,13750,6.69,Yes,13.4,4,29.3
Jayanagar,12.9233,77.5936,South,Apartment,2,1230,15150,10648,11391,12527,13776,15150,11.05,Yes,9.7,3.5,41.1
Indiranagar,12.9816,77.6455,East,Apartment,3,1500,20200,13562,14638,16297,18144,20200,10.51,Yes,6.8,4.5,36
JP Nagar,12.9109,77.582,South,Builder Floor,3,1360,9650,6978,7424,8102,8842,9650,7.77,Yes,9.5,6.4,39.4
Rajarajeshwari Nagar,12.9197,77.5049,West,Apartment,2,1050,6950,5276,5561,5990,6452,6950,7.25,Yes,15.3,8.1,41.5
KR Puram,13.0112,77.6949,East,Apartment,3,1310,10050,5284,5982,7111,8454,10050,16.97,Yes,5.9,7.1,37.2
MG Road,12.9752,77.5974,Central,Villa,3,2090,16800,13693,14237,15045,15898,16800,6.13,Yes,13.1,3.1,38.6
JP Nagar,12.9071,77.5832,South,Apartment,2,1210,9600,6940,7384,8059,8796,9600,9.14,Yes,9.6,6.3,43.1
Yelahanka,13.1022,77.5949,North,Apartment,1,450,10950,6263,6974,8106,9421,10950,18.47,No,22,5.2,11.4
Hennur,13.0379,77.6404,North,Apartment,2,1090,8950,6009,6486,7221,8039,8950,11.71,No,11.2,7.6,22
Marathahalli,12.9619,77.6992,East,Apartment,3,1350,9600,6062,6621,7494,8482,9600,14.72,No,2.8,9.8,39.3
Nagarbhavi,12.9665,77.5025,West,Builder Floor,2,920,5900,4808,4999,5283,5583,5900,5.74,No,18.7,7.6,40
Hennur,13.0374,77.6375,North,Apartment,3,1400,8000,5371,5797,6454,7186,8000,10.72,No,10.8,8,22.7
Whitefield,12.9743,77.7515,East,Builder Floor,2,1250,13700,5943,6989,8747,10947,13700,28.9,Yes,2.2,13.8,41
Hoodi,12.98,77.7126,East,Apartment,2,1300,10550,6837,7430,8351,9386,10550,12.83,Yes,3.7,12.5,37.4
Marathahalli,12.9548,77.7026,East,Apartment,3,1960,9350,5904,6449,7299,8261,9350,12.22,No,2.8,10.9,38.6
MG Road,12.9777,77.6027,Central,Apartment,2,1230,15250,12429,12923,13656,14431,15250,5.45,Yes,13,3.2,34.2
Marathahalli,12.9573,77.7037,East,Apartment,2,1140,9550,6030,6587,7455,8438,9550,12.7,No,2.9,9.8,38.5
Frazer Town,12.9773,77.6136,Central,Builder Floor,3,2130,12000,9990,10345,10870,11421,12000,5.17,No,11.4,3.5,32.9
Indiranagar,12.9787,77.645,East,Apartment,3,1550,19500,13092,14131,15732,17515,19500,11.61,Yes,6.5,4.1,35.1
Hoodi,12.9879,77.7163,East,Apartment,3,2140,9750,6318,6866,7717,8674,9750,14.21,Yes,4.2,11.4,34.8
Hebbal,13.0391,77.5923,North,Villa,3,1880,16150,10843,11703,13029,14506,16150,12.45,No,9.1,7.8,18.3
Nagarbhavi,12.9636,77.5074,West,Builder Floor,2,1070,6000,4891,5085,5373,5678,6000,6.26,No,16.3,7.4,38.8
Thanisandra,13.0564,77.6237,North,Apartment,2,1100,9750,6156,6724,7611,8614,9750,13.91,No,11.2,6.6,19.1
MG Road,12.9759,77.5985,Central,Apartment,3,1430,15050,12268,12755,13478,14242,15050,5.96,Yes,11.1,3.2,37.6
JP Nagar,12.9114,77.5867,South,Apartment,3,1410,9700,7013,7462,8144,8888,9700,9.37,Yes,9,6.2,40.7
Thanisandra,13.0618,77.6259,North,Builder Floor,2,980,9050,5715,6242,7065,7996,9050,14.2,No,10.8,6.4,18.3
JP Nagar,12.913,77.5834,South,Apartment,2,1250,9400,6796,7231,7892,8613,9400,9.87,Yes,9.3,6.3,43.3
Manyata Tech Park,13.0468,77.6264,North,Apartment,2,910,11100,7320,7928,8869,9922,11100,10.99,No,0.5,7.4,20.8
Manyata Tech Park,13.0439,77.6178,North,Apartment,2,1140,11600,7650,8286,9269,10369,11600,11.6,No,0.5,6.7,20.4
Bellandur,12.924,77.682,East,Apartment,2,1260,12850,7652,8454,9720,11176,12850,15.86,No,3.7,10.9,46
Rajajinagar,12.9899,77.5525,West,Apartment,3,2000,13200,10539,11001,11690,12422,13200,5.88,Yes,12.3,4.1,32.1
Hebbal,13.0303,77.5947,North,Villa,3,1900,16550,11111,11993,13352,14865,16550,12.92,No,9.9,7.5,18.9
Nagarbhavi,12.9668,77.507,West,Apartment,2,1300,5850,4769,4958,5239,5536,5850,6.13,No,17,6.9,43
HSR Layout,12.9152,77.6428,South,Apartment,1,450,13200,7671,8516,9856,11406,13200,17.17,No,6.1,8,46.9
Anjanapura,12.8514,77.5659,South,Apartment,2,980,6200,4753,5000,5372,5771,6200,8.2,No,13,9.6,45.8
Varthur,12.9497,77.7516,East,Builder Floor,2,970,7650,5045,5464,6113,6838,7650,12.76,No,3.5,14.2,41.7
Marathahalli,12.9599,77.6993,East,Apartment,3,1930,9650,6093,6655,7533,8526,9650,12.97,No,3.3,10.8,40.8
Kanakapura Road,12.8636,77.5885,South,Apartment,3,2130,8600,5933,6370,7040,7781,8600,10.47,Yes,7.4,7.7,42.8
Gottigere,12.8674,77.5959,South,Apartment,2,1020,6800,5011,5312,5768,6263,6800,9.15,No,9.2,9.3,42.4
Kanakapura Road,12.8645,77.59,South,Apartment,2,890,9050,6244,6704,7409,8188,9050,10.32,Yes,8.1,7.4,42.6
Thanisandra,13.0589,77.6287,North,Apartment,2,1020,10050,6345,6931,7845,8879,10050,14.4,No,12.8,6.5,21.2
Richmond Town,12.9601,77.6052,Central,Apartment,3,1720,13750,10755,11271,12043,12868,13750,7.68,Yes,12.5,2.6,34.3
MG Road,12.9792,77.6017,Central,Apartment,4,2410,16600,13531,14068,14866,15709,16600,6.11,Yes,11.1,2.9,34.5
Hulimavu,12.8994,77.6141,South,Villa,2,1240,6650,4807,5115,5583,6093,6650,8.65,No,7.5,8,44.7
Hulimavu,12.8938,77.6131,South,Builder Floor,1,570,7350,5314,5654,6171,6735,7350,8.18,No,6.9,7.4,42.7
Rajajinagar,12.9918,77.5518,West,Builder Floor,2,1000,13800,11016,11499,12220,12986,13800,5.69,Yes,13.4,3.8,33.1
MG Road,12.9796,77.6055,Central,Apartment,2,960,15500,12634,13136,13881,14668,15500,5.7,Yes,12.2,3,38.1
Yelahanka,13.0964,77.5918,North,Apartment,2,900,10550,6035,6720,7810,9077,10550,13.91,No,23.7,4.8,12.3
Nagarbhavi,12.96,77.5069,West,Builder Floor,1,530,6500,5299,5509,5821,6151,6500,6.14,No,18.7,6.4,44.3
Anjanapura,12.8543,77.5717,South,Apartment,1,700,6200,4753,5000,5372,5771,6200,7.77,No,11.6,9.6,46.6
Manyata Tech Park,13.0465,77.6201,North,Villa,3,1980,12050,7947,8607,9629,10772,12050,11.22,No,0.5,7.4,18.8
Indiranagar,12.9782,77.641,East,Apartment,3,1330,20200,13562,14638,16297,18144,20200,9.81,Yes,6.7,4.3,39.4
Thanisandra,13.0612,77.6268,North,Apartment,3,1900,9350,5904,6449,7299,8261,9350,13.19,No,10.9,7.4,21.1
Richmond Town,12.9621,77.5969,Central,Villa,2,1060,15050,11772,12337,13182,14085,15050,7.03,Yes,12.4,3.1,34
Hoodi,12.9819,77.713,East,Apartment,3,1790,10050,6512,7077,7955,8941,10050,14.13,Yes,4.4,12.5,41.7
Yelahanka,13.1052,77.5986,North,Builder Floor,1,550,9850,5634,6274,7292,8475,9850,18.34,No,22,4.9,13.4
HSR Layout,12.9087,77.6389,South,Apartment,3,1900,13500,7846,8710,10080,11665,13500,16.63,No,5.5,7.9,41.3
HSR Layout,12.9114,77.6369,South,Apartment,1,640,14000,8136,9032,10453,12097,14000,13.8,No,6,8.5,39.7
ITPL,12.9887,77.7273,East,Apartment,2,1220,10750,6846,7465,8430,9520,10750,14.69,No,1.5,12.9,39.7
Banashankari,12.9356,77.5496,South,Builder Floor,1,540,8950,7000,7336,7839,8376,8950,6.44,Yes,11.1,5.5,39.3
Thanisandra,13.0615,77.6264,North,Apartment,2,860,9350,5904,6449,7299,8261,9350,12.07,No,12.9,6.7,20.8
Anjanapura,12.858,77.5692,South,Apartment,2,880,6100,4676,4919,5285,5678,6100,8.01,No,12.6,9.2,44.4
Frazer Town,12.9797,77.6171,Central,Apartment,4,2530,12650,10531,10905,11458,12039,12650,4.55,No,10.6,4.1,37.2
Thanisandra,13.0601,77.6291,North,Apartment,2,1200,9300,5872,6414,7260,8217,9300,14.55,No,12.6,7.2,18.6
Nagarbhavi,12.9636,77.5004,West,Apartment,1,510,6300,5135,5339,5642,5962,6300,5.38,No,19.2,7.5,45.2
Marathahalli,12.9627,77.698,East,Builder Floor,2,1240,8700,5494,6001,6792,7687,8700,12.59,No,3.4,10.1,42.3
Indiranagar,12.977,77.6452,East,Villa,3,1930,18200,12219,13188,14683,16347,18200,11.3,Yes,6.9,4.4,32.6
Whitefield,12.9727,77.7506,East,Apartment,3,2000,14900,6464,7602,9514,11906,14900,25.18,Yes,2.2,13.8,43.7
Hulimavu,12.8995,77.6136,South,Builder Floor,2,1160,7250,5242,5577,6087,6643,7250,10.42,No,7.1,7.8,43.1
RT Nagar,13.022,77.5897,North,Apartment,3,2130,6900,5806,6000,6286,6586,6900,5.13,No,12.3,6,26.7
Rajajinagar,12.9911,77.5519,West,Apartment,4,2570,12900,10297,10749,11423,12139,12900,5.92,Yes,12.2,3.7,32.8
Yelahanka,13.0964,77.5939,North,Apartment,3,2120,10750,6149,6847,7958,9249,10750,14.03,No,21.3,4.8,11.6
Gottigere,12.8665,77.5942,South,Villa,2,1050,7300,5380,5703,6192,6723,7300,9.03,No,10.8,8.3,44.3
Hulimavu,12.8984,77.609,South,Apartment,2,1060,7400,5350,5692,6212,6780,7400,7.81,No,7.4,7.8,40.9
Kanakapura Road,12.8664,77.5902,South,Builder Floor,2,1090,8400,5795,6222,6877,7600,8400,9.8,Yes,7.6,8.4,49.4
RT Nagar,13.0224,77.5942,North,Builder Floor,2,860,7600,6396,6609,6924,7254,7600,5.37,No,12,5.5,24.2
RT Nagar,13.0236,77.5879,North,Builder Floor,2,1170,7150,6016,6217,6514,6825,7150,4.47,No,12.7,5.9,25.1
Gottigere,12.8695,77.6011,South,Builder Floor,2,940,6800,5011,5312,5768,6263,6800,8.37,No,10.8,8.4,48
Kengeri,12.9107,77.484,West,Apartment,2,1300,5700,4458,4672,4992,5334,5700,6.05,Yes,21.6,8.3,44.5
Jayanagar,12.922,77.595,South,Apartment,2,1050,15500,10894,11654,12816,14094,15500,10.43,Yes,10,3.5,35.7
Banashankari,12.9354,77.5525,South,Builder Floor,2,1000,8100,6336,6640,7095,7581,8100,7.22,Yes,9.8,4.8,37.7
Rajarajeshwari Nagar,12.9218,77.5036,West,Builder Floor,1,470,7200,5465,5760,6205,6684,7200,7.39,Yes,14.5,8,38
Hebbal,13.04,77.5929,North,Apartment,2,940,15600,10474,11305,12586,14012,15600,11.6,No,10.3,7.6,19.8
RT Nagar,13.0204,77.5941,North,Apartment,3,1820,7100,5976,6175,6469,6777,7100,5.27,No,13,5.8,25.2
HSR Layout,12.9077,77.6394,South,Apartment,2,940,13850,8049,8935,10341,11968,13850,16.67,No,5.4,7.7,45.9
Kanakapura Road,12.86,77.5869,South,Apartment,1,540,8950,6175,6630,7327,8098,8950,10.93,Yes,7.7,7.9,47.4
RT Nagar,13.0161,77.5904,North,Builder Floor,3,1760,7700,6480,6696,7015,7350,7700,4.51,No,12.3,5.6,25.1
Rajajinagar,12.9867,77.5568,West,Villa,3,1360,12850,10258,10708,11379,12092,12850,6.22,Yes,11.6,3.8,28.7
Rajarajeshwari Nagar,12.9202,77.5094,West,Builder Floor,2,1230,7900,5996,6320,6808,7334,7900,8.44,Yes,15.5,9.2,39.2
Electronic City,12.8494,77.6588,South,Apartment,2,1100,6850,4252,4660,5298,6024,6850,14.86,No,0.8,17.5,52.8
Kengeri,12.9191,77.4819,West,Apartment,3,1310,6200,4849,5082,5430,5802,6200,6.18,Yes,21.9,9.7,43.4
Richmond Town,12.9637,77.6014,Central,Villa,1,580,15600,12203,12788,13664,14600,15600,7.61,Yes,11.9,2.6,32.8
Anjanapura,12.8594,77.5699,South,Builder Floor,1,520,6100,4676,4919,5285,5678,6100,7.67,No,12.7,10.1,49
JP Nagar,12.9103,77.5863,South,Builder Floor,1,650,9650,6978,7424,8102,8842,9650,8.22,Yes,8.6,5.9,42.5
Gottigere,12.8753,77.602,South,Villa,1,560,6350,4680,4961,5386,5848,6350,7.62,No,9.4,9.6,44.5
Indiranagar,12.983,77.641,East,Villa,3,1470,19950,13394,14457,16095,17919,19950,13,Yes,6.8,3.9,36.3
Kanakapura Road,12.8665,77.5817,South,Builder Floor,3,1800,8100,5588,6000,6631,7329,8100,11.59,Yes,7.5,7.5,43.7
Nagarbhavi,12.9655,77.5009,West,Apartment,3,1410,5900,4808,4999,5283,5583,5900,5.13,No,16.7,7.7,43.3
Rajajinagar,12.9946,77.5486,West,Apartment,3,1410,12550,10020,10459,11114,11810,12550,5.7,Yes,13.6,4.4,31.4
MG Road,12.9753,77.5972,Central,Apartment,3,2100,16950,13815,14364,15179,16040,16950,5,Yes,10.9,3.1,36.4
Sarjapur Road,12.8984,77.6885,East,Apartment,3,1940,12400,7507,8267,9463,10832,12400,13.11,No,4.5,12.1,39.7
Richmond Town,12.9635,77.6012,Central,Villa,3,2080,14450,11302,11844,12656,13523,14450,7.03,Yes,12.2,2.6,36.5
Kengeri,12.913,77.4835,West,Villa,2,940,6050,4732,4959,5299,5662,6050,7.85,Yes,19,8.7,39.5
Hebbal,13.0306,77.5971,North,Apartment,2,880,16000,10742,11594,12908,14371,16000,11.93,No,9.4,8,18.2
RT Nagar,13.022,77.586,North,Apartment,2,1090,7650,6438,6653,6970,7302,7650,4.39,No,12.1,5.3,25.9
Hulimavu,12.8927,77.608,South,Apartment,2,1090,7700,5567,5923,6464,7055,7700,8.36,No,6.8,7.6,42.1
JP Nagar,12.9035,77.5867,South,Apartment,3,2170,9200,6651,7077,7724,8430,9200,9.52,Yes,9.1,6.8,37.7
Jayanagar,12.9211,77.5949,South,Apartment,3,1860,15750,11069,11842,13023,14322,15750,10.64,Yes,9.9,3.5,35.9
Rajajinagar,12.9866,77.5505,West,Apartment,2,1340,14100,11257,11751,12487,13269,14100,7.11,Yes,13.1,4.3,28.3
Hennur,13.0378,77.6369,North,Apartment,3,1950,8400,5640,6087,6777,7545,8400,11.1,No,12.2,8.2,21.4
JP Nagar,12.9062,77.5858,South,Builder Floor,2,1140,9850,7121,7577,8269,9025,9850,8.15,Yes,8.9,7,39.1
Indiranagar,12.9828,77.6446,East,Villa,2,1020,18650,12521,13514,15046,16751,18650,11.02,Yes,6.4,4.4,32.4
Bannerghatta Road,12.8799,77.597,South,Apartment,2,1290,9100,5697,6233,7071,8022,9100,13.41,No,7.6,6,38.9
Varthur,12.9485,77.7456,East,Apartment,2,1040,7850,5177,5607,6273,7017,7850,13.47,No,3.3,13.8,43.1
Koramangala,12.9381,77.6276,South,Villa,4,2640,22600,14148,15480,17561,19922,22600,12.95,No,5.2,5,38.4
Anjanapura,12.8562,77.568,South,Builder Floor,2,1160,5950,4561,4798,5155,5538,5950,8.35,No,10.8,9.3,44.1
KR Puram,13.007,77.6965,East,Apartment,3,1540,9050,4758,5387,6404,7613,9050,20.39,Yes,6,6.3,35.8
Hebbal,13.0362,77.5958,North,Villa,4,2250,16300,10944,11812,13151,14641,16300,11.67,No,9.3,8.5,18.5
Anjanapura,12.8513,77.5735,South,Builder Floor,2,1230,6400,4906,5161,5545,5957,6400,6.6,No,11.5,9.4,52.1
Indiranagar,12.9788,77.6397,East,Apartment,3,1960,19250,12924,13949,15530,17290,19250,12.38,Yes,7.2,4,34.6
Koramangala,12.9397,77.6281,South,Apartment,4,3340,22800,14273,15616,17716,20098,22800,13.22,No,5,5,41.1
Varthur,12.9506,77.7531,East,Apartment,3,1380,7650,5045,5464,6113,6838,7650,12.19,No,3.6,11.8,44.3
Yelahanka,13.1028,77.597,North,Apartment,3,1450,11250,6434,7165,8328,9679,11250,17.96,No,23.5,5.6,11.4
Koramangala,12.9374,77.6212,South,Villa,2,1160,22800,14273,15616,17716,20098,22800,13.23,No,4.7,4.9,34.7
Hulimavu,12.8963,77.6125,South,Apartment,2,940,7500,5423,5770,6297,6872,7500,9.03,No,8.1,8.2,42.8
MG Road,12.9781,77.6054,Central,Apartment,3,2180,16400,13368,13899,14687,15520,16400,5.09,Yes,13,3.4,35
Hoodi,12.9812,77.7202,East,Villa,3,1450,10050,6512,7077,7955,8941,10050,14.07,Yes,3.9,12.4,40.8
Hoodi,12.9864,77.7203,East,Builder Floor,2,1180,10100,6545,7113,7995,8986,10100,11.12,Yes,4.1,13.1,37.2
Hennur,13.0371,77.6407,North,Apartment,2,1250,9150,6144,6631,7382,8219,9150,11.74,No,12,7.9,20.1
Richmond Town,12.9664,77.5982,Central,Apartment,3,1780,13650,10677,11189,11956,12775,13650,7.51,Yes,10.4,2.8,33.1
Hebbal,13.035,77.5933,North,Villa,2,930,15050,10104,10906,12142,13518,15050,12.43,No,10.5,8.5,17.3
Manyata Tech Park,13.0501,77.6216,North,Apartment,2,1340,11150,7354,7965,8910,9967,11150,11.39,No,0.5,6.8,18.2
Nagarbhavi,12.9663,77.4995,West,Villa,2,1000,6100,4973,5170,5463,5773,6100,5.75,No,19.2,6.8,38.5
MG Road,12.9756,77.6049,Central,Apartment,3,2030,15150,12349,12839,13567,14337,15150,6.44,Yes,11.6,3.2,37
Marathahalli,12.9638,77.6965,East,Builder Floor,2,970,9300,5872,6414,7260,8217,9300,14.18,No,2.8,9.1,38.9
Yelahanka,13.1055,77.5937,North,Apartment,3,1440,10850,6206,6911,8032,9335,10850,14.33,No,22.1,5.2,11.9
Hoodi,12.9833,77.7173,East,Apartment,2,1250,10250,6642,7218,8113,9119,10250,10.91,Yes,4.2,12.5,37.9
Malleshwaram,13.0067,77.5736,North,Apartment,3,1980,12600,11459,11667,11970,12281,12600,2.32,Yes,15.2,3.6,30.6
Whitefield,12.9743,77.7467,East,Builder Floor,3,1700,13850,6008,7066,8843,11067,13850,28.79,Yes,2,14.4,40.7
Bannerghatta Road,12.8764,77.5928,South,Apartment,3,2180,8950,5603,6130,6954,7889,8950,13.17,No,7.5,7,41.2
Banashankari,12.9287,77.5566,South,Builder Floor,3,1540,8450,6609,6926,7401,7908,8450,6.21,Yes,10.3,4.8,34.7
ITPL,12.9851,77.7252,East,Builder Floor,4,2340,10400,6624,7223,8156,9210,10400,14.86,No,1.4,14.8,35.2
MG Road,12.9744,77.5988,Central,Villa,3,1450,16250,13246,13772,14553,15378,16250,5.67,Yes,12.3,3.2,33.6
Banashankari,12.9259,77.5515,South,Apartment,3,1740,8100,6336,6640,7095,7581,8100,6.71,Yes,9.9,5,36.4
Rajajinagar,12.9904,77.5541,West,Villa,3,1340,13000,10378,10833,11512,12233,13000,6.68,Yes,13,3.8,27.8
HSR Layout,12.9155,77.6393,South,Apartment,2,1280,14750,8572,9516,11013,12745,14750,16.33,No,5.9,8.4,45.3
Electronic City,12.8483,77.657,South,Builder Floor,3,1570,7650,4749,5204,5917,6728,7650,15.54,No,0.8,18.4,58
KR Puram,13.0097,77.6951,East,Apartment,1,540,10300,5415,6131,7288,8664,10300,16.56,Yes,7,7,33.7
Richmond Town,12.9666,77.6053,Central,Apartment,3,1880,14600,11420,11968,12788,13664,14600,7.74,Yes,11.6,2.6,35.5
Frazer Town,12.9735,77.6162,Central,Apartment,3,1900,12500,10407,10776,11323,11897,12500,5.3,No,10.9,3.8,37.7
Bellandur,12.9242,77.6804,East,Builder Floor,2,1290,13050,7770,8585,9871,11350,13050,12.75,No,3.7,10.9,45.2
Hennur,13.0431,77.642,North,Apartment,2,1090,9000,6043,6522,7261,8084,9000,12.77,No,12.6,7.7,22.5
Nagarbhavi,12.9614,77.5044,West,Apartment,1,540,6650,5420,5635,5955,6293,6650,6.03,No,16.3,7.7,41.2
Frazer Town,12.978,77.6147,Central,Apartment,2,1040,12250,10198,10560,11096,11659,12250,4.85,No,10.4,3.7,36.6
Electronic City,12.8435,77.6597,South,Villa,3,2040,7350,4562,5000,5685,6464,7350,13.59,No,0.8,18.4,55
MG Road,12.9725,77.6014,Central,Apartment,3,1590,17250,14061,14619,15448,16324,17250,5.85,Yes,12.2,2.9,38.1
Yelahanka,13.1022,77.5936,North,Apartment,3,2010,10950,6263,6974,8106,9421,10950,15.96,No,22.6,5.3,11.1
Devanahalli,13.2461,77.7146,North,Apartment,3,1710,9600,5162,5818,6875,8124,9600,20.25,No,28.4,7.5,8
Hennur,13.035,77.6362,North,Apartment,2,1070,8650,5807,6268,6978,7769,8650,9.72,No,12.4,8.2,19.9
RT Nagar,13.0199,77.5883,North,Apartment,2,870,6950,5849,6044,6332,6634,6950,4.79,No,13.3,5.8,26.7
Richmond Town,12.9604,77.604,Central,Apartment,3,1660,14200,11106,11639,12437,13289,14200,6.52,Yes,12,3,34.5
Nagarbhavi,12.9673,77.4992,West,Builder Floor,1,510,6350,5176,5381,5686,6009,6350,6.18,No,17.2,6.8,40.2
Thanisandra,13.0567,77.6296,North,Apartment,3,1920,9400,5935,6483,7338,8305,9400,11.61,No,10.9,6.5,20.1
MG Road,12.9747,77.5988,Central,Villa,4,3440,16550,13489,14025,14821,15662,16550,5.03,Yes,12.2,2.9,37.6
Gottigere,12.8683,77.6001,South,Builder Floor,2,1270,6750,4975,5274,5726,6217,6750,8.73,No,9.7,9.3,43.7
Electronic City,12.8469,77.6564,South,Apartment,2,1050,6800,4220,4625,5259,5980,6800,13.88,No,0.7,17.7,60.6
Thanisandra,13.0627,77.6277,North,Builder Floor,2,870,9800,6187,6758,7649,8658,9800,14.87,No,11.9,6.3,18.6
Hennur,13.0372,77.6438,North,Apartment,2,860,7950,5338,5761,6414,7141,7950,10.78,No,11.4,7.7,20
JP Nagar,12.9126,77.5892,South,Builder Floor,2,850,9150,6616,7039,7682,8384,9150,8.12,Yes,8.2,5.9,38
Anjanapura,12.8559,77.5713,South,Apartment,1,540,5900,4523,4758,5112,5492,5900,7.53,No,12.7,10.3,51.2
Varthur,12.9428,77.7481,East,Apartment,3,1730,7350,4847,5250,5873,6570,7350,10.16,No,3.4,13.4,39.4
Yelahanka,13.0956,77.5946,North,Apartment,2,1250,10950,6263,6974,8106,9421,10950,16.45,No,21.4,5.1,13.4
Manyata Tech Park,13.0442,77.624,North,Apartment,3,1960,11300,7452,8071,9029,10101,11300,11.98,No,0.5,7.1,19.3
HSR Layout,12.9141,77.6363,South,Builder Floor,3,1810,14600,8485,9419,10901,12616,14600,15.21,No,5.4,7.2,45.4
Koramangala,12.9391,77.6279,South,Apartment,3,2010,23400,14648,16027,18182,20627,23400,13,No,5.4,5.2,37.5
Marathahalli,12.9569,77.7025,East,Apartment,3,1410,9600,6062,6621,7494,8482,9600,15.07,No,3.3,10,42.8
Sarjapur Road,12.8993,77.6819,East,Apartment,1,510,11950,7233,7966,9119,10439,11950,15.04,No,4.7,11.2,47.8
Electronic City,12.8469,77.6557,South,Builder Floor,2,990,7500,4655,5102,5801,6596,7500,15.63,No,0.8,18.8,49.9
Malleshwaram,13.003,77.5748,North,Villa,3,1890,13550,12323,12547,12873,13207,13550,2.42,Yes,14.3,3.8,29.4
Thanisandra,13.0607,77.6285,North,Builder Floor,1,550,9950,6282,6862,7767,8791,9950,12.53,No,11.5,7.1,20.5
Varthur,12.9501,77.7496,East,Apartment,2,890,7800,5144,5571,6232,6972,7800,10.82,No,3.8,12.2,47
Yelahanka,13.0964,77.5941,North,Apartment,2,1200,11000,6291,7006,8143,9464,11000,17.65,No,23.1,5.3,12.6
Varthur,12.9425,77.7457,East,Apartment,2,1290,7500,4946,5357,5993,6704,7500,12.13,No,3.2,11.8,42.2
Electronic City,12.8442,77.663,South,Builder Floor,1,670,6700,4159,4558,5183,5893,6700,12.41,No,0.8,17.8,56.4
Devanahalli,13.2499,77.7177,North,Apartment,3,1910,8300,4463,5030,5944,7024,8300,18.92,No,27.2,7.7,7.8
Electronic City,12.8497,77.6564,South,Apartment,2,1150,7100,4406,4829,5491,6244,7100,11.97,No,0.9,18.1,55
KR Puram,13.0098,77.7001,East,Builder Floor,2,950,8900,4680,5298,6298,7487,8900,18.01,Yes,5.9,7.2,35.4
Whitefield,12.9711,77.7516,East,Apartment,2,1040,13250,5748,6760,8460,10588,13250,25.77,Yes,1.9,14.2,40.2
Hoodi,12.988,77.7188,East,Apartment,2,1040,11200,7257,7887,8865,9964,11200,12.64,Yes,3.9,12.5,34.4
Richmond Town,12.9608,77.5978,Central,Villa,2,870,15600,12203,12788,13664,14600,15600,7.12,Yes,11.6,3,33.5
Hoodi,12.9863,77.7118,East,Apartment,4,2560,10050,6512,7077,7955,8941,10050,12.52,Yes,3.6,11.4,36.1
MG Road,12.9752,77.605,Central,Apartment,3,2140,15800,12879,13390,14149,14952,15800,6.22,Yes,11,3,33
Anjanapura,12.8567,77.5723,South,Apartment,3,1930,6050,4637,4878,5241,5631,6050,7.52,No,12,9.7,46.8
HSR Layout,12.9158,77.6362,South,Apartment,2,1180,14500,8427,9355,10826,12529,14500,17.84,No,6.1,7.1,42.5
Whitefield,12.9715,77.7494,East,Apartment,3,1590,14350,6226,7322,9163,11467,14350,23.71,Yes,2.1,13.1,41.3
Rajarajeshwari Nagar,12.9228,77.5071,West,Apartment,1,630,7100,5389,5680,6119,6591,7100,7.64,Yes,14.4,7.8,39.6
HSR Layout,12.9077,77.6435,South,Apartment,3,1630,13600,7905,8775,10155,11752,13600,14.11,No,5.5,7.9,45.1
Banashankari,12.9306,77.5567,South,Builder Floor,3,1830,7850,6140,6435,6876,7347,7850,7.13,Yes,10.6,5.5,36.7
Hoodi,12.983,77.7169,East,Apartment,3,1630,9800,6350,6901,7757,8719,9800,12.55,Yes,4.4,13,41.4
Bannerghatta Road,12.8812,77.6007,South,Builder Floor,2,1020,9250,5791,6336,7188,8154,9250,15.05,No,8.4,6.3,40.8
KR Puram,13.0041,77.6975,East,Builder Floor,3,1540,9650,5074,5745,6829,8118,9650,21.39,Yes,6.6,7.5,34.5
Richmond Town,12.9616,77.6051,Central,Apartment,2,920,14400,11263,11803,12612,13476,14400,7.16,Yes,11.4,3,32.9
HSR Layout,12.914,77.6435,South,Villa,3,2180,14500,8427,9355,10826,12529,14500,15.6,No,6,7.7,39.2
MG Road,12.9753,77.5979,Central,Villa,3,2000,15550,12675,13178,13925,14715,15550,6.4,Yes,11.3,3,33
Hulimavu,12.8938,77.618,South,Apartment,1,560,6750,4880,5192,5667,6185,6750,9.3,No,7.5,7.4,43.7
Manyata Tech Park,13.0487,77.6171,North,Builder Floor,2,970,12600,8310,9000,10068,11263,12600,12.59,No,0.5,7.3,20.1
Banashankari,12.9319,77.5502,South,Apartment,3,2150,8050,6297,6599,7051,7534,8050,7.87,Yes,10.5,5.5,38.2
Richmond Town,12.9649,77.5995,Central,Apartment,4,2020,13650,10677,11189,11956,12775,13650,7.39,Yes,11.8,2.7,33
KR Puram,13.0104,77.6996,East,Apartment,3,1690,9700,5100,5774,6864,8160,9700,16.16,Yes,6.8,6.9,37.4
Indiranagar,12.9827,77.6446,East,Apartment,3,2160,20800,13965,15073,16781,18683,20800,12.9,Yes,7.6,4.6,35.3
Electronic City,12.8443,77.6579,South,Apartment,1,600,7650,4749,5204,5917,6728,7650,12.26,No,0.8,19.5,55.1
Devanahalli,13.2498,77.7155,North,Builder Floor,3,2020,9550,5135,5788,6839,8082,9550,18,No,30,8.1,7.2
Hoodi,12.9849,77.7164,East,Builder Floor,1,660,9700,6285,6831,7678,8630,9700,12.24,Yes,4.2,11.7,36.6
Kengeri,12.9149,77.485,West,Builder Floor,2,1190,6200,4849,5082,5430,5802,6200,7.35,Yes,21.2,9.7,43.7
Varthur,12.946,77.744,East,Apartment,3,1880,7450,4913,5321,5953,6660,7450,11.38,No,3.2,13.6,45.7
Hebbal,13.0325,77.5997,North,Villa,3,2130,15600,10474,11305,12586,14012,15600,11.8,No,9.6,7.9,17.1
Bannerghatta Road,12.8814,77.6008,South,Builder Floor,2,1110,10350,6479,7089,8042,9123,10350,14.96,No,7.4,6,46.1
Bannerghatta Road,12.8792,77.5954,South,Apartment,1,680,9750,6103,6677,7575,8594,9750,12.25,No,8.5,6.8,40.8
Hebbal,13.0322,77.5999,North,Apartment,3,1880,16900,11347,12247,13635,15180,16900,12.41,No,9.8,7.9,16.5
Kengeri,12.9167,77.4874,West,Apartment,1,600,5850,4576,4795,5124,5475,5850,6.22,Yes,20.6,8.9,46
Bellandur,12.9275,77.6793,East,Apartment,4,3110,12300,7324,8092,9304,10698,12300,14.24,No,3.8,11.5,39.9
Richmond Town,12.9584,77.6005,Central,Builder Floor,1,610,13450,10519,11024,11780,12587,13450,7.88,Yes,11.2,2.8,34.9
MG Road,12.9727,77.6025,Central,Apartment,3,2030,15300,12472,12967,13702,14479,15300,5.11,Yes,11.6,2.9,37.4
Thanisandra,13.0642,77.6236,North,Apartment,3,1660,9450,5966,6517,7376,8349,9450,11.79,No,11.5,7.4,20.7
Sarjapur Road,12.9059,77.6837,East,Villa,2,1250,11600,7023,7734,8853,10134,11600,14.22,No,4.2,11.8,44.7
Frazer Town,12.9826,77.6105,Central,Apartment,3,2040,12600,10490,10862,11413,11992,12600,5.21,No,10.1,4.2,35.2
Sarjapur Road,12.906,77.6829,East,Apartment,2,1010,12800,7748,8533,9768,11182,12800,16.06,No,4.5,11.9,45
Bannerghatta Road,12.8761,77.6003,South,Apartment,2,900,9800,6136,6713,7615,8639,9800,14.72,No,7.8,7.1,39.5
Hulimavu,12.8926,77.6094,South,Apartment,3,1400,6900,4989,5308,5793,6322,6900,9.13,No,7.9,8.8,45.3
Anjanapura,12.8532,77.5676,South,Apartment,3,1350,6700,5136,5403,5805,6236,6700,7.59,No,12.2,9.5,47.3
Indiranagar,12.9794,77.6367,East,Villa,3,1400,19450,13059,14095,15692,17470,19450,12.11,Yes,6.6,4,37.8
Hennur,13.0439,77.6375,North,Builder Floor,3,2040,8350,5606,6051,6737,7500,8350,10.14,No,11.9,7,21.3
Manyata Tech Park,13.0457,77.6262,North,Apartment,2,1340,12700,8375,9071,10148,11353,12700,10.98,No,0.5,7.7,17.1
Gottigere,12.8701,77.5981,South,Apartment,2,1240,6400,4716,4999,5428,5894,6400,9.63,No,10.8,9.1,46.4
Nagarbhavi,12.9614,77.5015,West,Villa,2,990,5700,4646,4830,5104,5394,5700,5.27,No,18.6,6.9,44.1
RT Nagar,13.0219,77.5876,North,Apartment,2,1280,7550,6353,6565,6878,7206,7550,4.43,No,12.8,5.1,25.6
Marathahalli,12.9586,77.7019,East,Apartment,2,1190,8950,5650,6172,6986,7907,8950,13.61,No,3.2,10.6,42.1
Bannerghatta Road,12.8805,77.6017,South,Apartment,2,1280,9050,5666,6199,7032,7977,9050,15.31,No,8.4,6.4,44
Richmond Town,12.9636,77.6055,Central,Apartment,2,1170,13500,10559,11066,11824,12634,13500,7.41,Yes,11.5,2.8,38.3
Gottigere,12.872,77.5984,South,Builder Floor,2,1280,6950,5122,5429,5895,6401,6950,8.13,No,9.5,9.4,44.6
Hulimavu,12.8993,77.609,South,Apartment,2,1240,6900,4989,5308,5793,6322,6900,8.76,No,6.8,8.2,40.5
Devanahalli,13.2443,77.7116,North,Apartment,2,1130,8850,4759,5364,6338,7489,8850,20.71,No,31.4,8,8
Kengeri,12.9135,77.4833,West,Builder Floor,2,1270,5350,4184,4385,4686,5007,5350,6.51,Yes,18.1,8.6,39.4
Devanahalli,13.2481,77.7184,North,Apartment,2,950,9000,4839,5454,6445,7616,9000,15.46,No,30.4,8.5,8.6
MG Road,12.9776,77.6002,Central,Apartment,2,1220,15000,12227,12712,13433,14195,15000,5.54,Yes,10.9,3.4,32.9
Gottigere,12.8702,77.6032,South,Apartment,3,1920,7300,5380,5703,6192,6723,7300,7.43,No,9.8,9.6,46.7
Richmond Town,12.9592,77.5986,Central,Villa,3,1730,15550,12163,12746,13620,14553,15550,7.6,Yes,10.6,2.6,36.4
Bannerghatta Road,12.8818,77.5937,South,Builder Floor,1,510,9000,5634,6164,6993,7933,9000,14.28,No,8.4,6.8,46.5
Malleshwaram,13.0071,77.5709,North,Villa,3,1400,12900,11732,11945,12255,12573,12900,2.37,Yes,12.9,3.4,28.7
Thanisandra,13.0621,77.625,North,Builder Floor,2,1060,10200,6440,7034,7962,9012,10200,13.41,No,11.2,7.5,18.9
Richmond Town,12.9626,77.5987,Central,Builder Floor,3,1390,13950,10911,11434,12218,13055,13950,6.53,Yes,12.1,2.9,34.4
Koramangala,12.9373,77.6229,South,Apartment,2,880,21450,13428,14692,16667,18908,21450,11.83,No,4.9,5,34.5
Richmond Town,12.9622,77.6026,Central,Apartment,2,1180,14000,10951,11476,12262,13102,14000,6.79,Yes,12.2,2.8,38
MG Road,12.9715,77.603,Central,Apartment,1,460,15200,12389,12881,13612,14384,15200,5.06,Yes,12.5,2.9,34.2
Bellandur,12.9292,77.68,East,Apartment,2,1140,12550,7473,8256,9493,10915,12550,15.58,No,3.6,10.4,46.9
Rajajinagar,12.9892,77.5555,West,Apartment,2,1220,13700,10937,11417,12132,12892,13700,5.95,Yes,13.6,4,32.7
Nagarbhavi,12.9612,77.5055,West,Builder Floor,2,910,6100,4973,5170,5463,5773,6100,6.43,No,17.6,6.4,40.8
Yelahanka,13.1007,77.5961,North,Villa,3,1500,10950,6263,6974,8106,9421,10950,16.96,No,22.5,5.7,12.6
Electronic City,12.8446,77.6608,South,Apartment,1,470,6700,4159,4558,5183,5893,6700,12.14,No,0.8,17.2,51.8
Nagarbhavi,12.9593,77.5047,West,Apartment,2,1280,6500,5299,5509,5821,6151,6500,5.12,No,19.1,7.3,41.9
Bellandur,12.9267,77.6831,East,Builder Floor,3,1730,12200,7265,8027,9229,10611,12200,13.75,No,3.9,10.3,45
Banashankari,12.9293,77.553,South,Villa,2,1220,8800,6884,7214,7708,8236,8800,6.52,Yes,10,4.7,40.8
Varthur,12.9435,77.7449,East,Builder Floor,1,610,7600,5013,5429,6073,6794,7600,11.6,No,3.3,12.7,42
Hennur,13.041,77.6346,North,Builder Floor,1,700,9100,6110,6595,7342,8174,9100,11.32,No,12.2,8,23.7
Hoodi,12.9871,77.7186,East,Apartment,4,2430,10500,6803,7394,8311,9342,10500,11.98,Yes,4,12.4,40.3
KR Puram,13.0039,77.6965,East,Builder Floor,1,530,8900,4680,5298,6298,7487,8900,17.34,Yes,6.8,6.9,37.2
Hennur,13.0424,77.641,North,Apartment,2,970,9150,6144,6631,7382,8219,9150,12.8,No,12.4,7,22.9
ITPL,12.9885,77.7281,East,Apartment,3,2080,10550,6719,7327,8274,9343,10550,14.16,No,1.6,12.3,38.9
ITPL,12.9808,77.7281,East,Apartment,2,1210,11000,7005,7639,8626,9741,11000,13.31,No,1.5,12.7,41.9
Hoodi,12.9831,77.7212,East,Apartment,3,1350,10050,6512,7077,7955,8941,10050,11.61,Yes,3.9,13.1,36.1
Sarjapur Road,12.9046,77.6864,East,Apartment,3,1370,12150,7355,8100,9272,10614,12150,15.85,No,4.5,12,42.4
Electronic City,12.8424,77.6568,South,Apartment,2,1220,7300,4531,4966,5646,6420,7300,13.23,No,0.8,18.6,56
Hoodi,12.9813,77.7152,East,Villa,2,1260,10850,7031,7641,8588,9653,10850,12.19,Yes,4.3,11.6,40.6
HSR Layout,12.9069,77.639,South,Apartment,2,1020,13500,7846,8710,10080,11665,13500,14.12,No,6.1,7.7,39.4
Kanakapura Road,12.8634,77.5817,South,Apartment,3,1730,8150,5623,6037,6672,7374,8150,10.53,Yes,8.7,7.5,41.5
Frazer Town,12.9761,77.617,Central,Apartment,4,2600,12250,10198,10560,11096,11659,12250,4.7,No,11.4,3.6,37.4
Devanahalli,13.2438,77.7119,North,Apartment,2,1290,9450,5082,5728,6768,7997,9450,19.78,No,29.8,8.5,7.6
Hulimavu,12.8998,77.6159,South,Apartment,1,540,6800,4916,5231,5709,6231,6800,9.95,No,8.1,8.2,46.8
Rajarajeshwari Nagar,12.9202,77.5076,West,Villa,3,1670,8050,6110,6440,6937,7473,8050,8.37,Yes,15.5,8.6,39.4
Bannerghatta Road,12.8778,77.5955,South,Villa,3,1750,10300,6448,7055,8003,9079,10300,13.61,No,8,7.1,43.3
Varthur,12.9512,77.7458,East,Builder Floor,2,1080,7000,4616,5000,5593,6257,7000,13.16,No,3.7,13,45.4
Bannerghatta Road,12.8742,77.5986,South,Builder Floor,2,1130,9550,5978,6541,7420,8418,9550,15.31,No,8.5,5.9,44
Anjanapura,12.8557,77.5659,South,Apartment,2,1160,5800,4446,4677,5025,5399,5800,7.1,No,11.8,10.3,46.8
KR Puram,13.0118,77.7022,East,Apartment,2,1070,9650,5074,5745,6829,8118,9650,16.76,Yes,7.1,6.3,38.1
Jayanagar,12.9297,77.5959,South,Apartment,2,1250,16500,11596,12406,13643,15004,16500,8.51,Yes,9.6,3.6,41.5
Banashankari,12.9303,77.5568,South,Builder Floor,2,890,8750,6844,7172,7664,8189,8750,6.18,Yes,9.6,5,36.8
Gottigere,12.87,77.6022,South,Villa,2,910,6750,4975,5274,5726,6217,6750,9.07,No,10.5,9.5,46.4
Rajarajeshwari Nagar,12.9245,77.5109,West,Builder Floor,2,1060,7500,5692,6000,6463,6962,7500,6.92,Yes,14.8,8.1,38.8
Jayanagar,12.9263,77.594,South,Apartment,2,1140,15100,10613,11354,12486,13731,15100,8.71,Yes,9,4,39.6
Marathahalli,12.9552,77.6994,East,Apartment,2,970,8900,5619,6138,6947,7863,8900,14.41,No,3.1,11,38.9
KR Puram,13.0093,77.7022,East,Apartment,2,1200,9600,5047,5714,6793,8075,9600,20.51,Yes,5.9,6.6,34.1
